
CommandNotFoundError: Your shell has not been properly configured to use 'conda activate'.
To initialize your shell, run

    $ conda init <SHELL_NAME>

Currently supported shells are:
  - bash
  - fish
  - tcsh
  - xonsh
  - zsh
  - powershell

See 'conda init --help' for more information and options.

IMPORTANT: You may need to close and restart your shell after running 'conda init'.


/var/spool/slurm/d/job73394/slurm_script: line 11: cd: MAPPO: No such file or directory
[train] num_agents 15 -> 10 (aligned to train_font_pattern_length)
[train] actor neighbor self-attn+LSTM: P=9 nearest teammates (slot_m=10)
choose to use gpu...
run_dir /home/wangdx_lab/cse12211818/MAPPO/results/train/run21
Gym has been unmaintained since 2022 and does not support NumPy 2.0 amongst other critical functionality.
Please upgrade to Gymnasium, the maintained drop-in replacement of Gym, or contact the authors of your software and request that they upgrade.
Users of this version of Gym should be able to simply replace 'import gym' with 'import gymnasium as gym' in the vast majority of cases.
See the migration guide at https://gymnasium.farama.org/introduction/migration_guide/ for additional information.
Gym has been unmaintained since 2022 and does not support NumPy 2.0 amongst other critical functionality.
Please upgrade to Gymnasium, the maintained drop-in replacement of Gym, or contact the authors of your software and request that they upgrade.
Users of this version of Gym should be able to simply replace 'import gym' with 'import gymnasium as gym' in the vast majority of cases.
See the migration guide at https://gymnasium.farama.org/introduction/migration_guide/ for additional information.
Gym has been unmaintained since 2022 and does not support NumPy 2.0 amongst other critical functionality.
Please upgrade to Gymnasium, the maintained drop-in replacement of Gym, or contact the authors of your software and request that they upgrade.
Users of this version of Gym should be able to simply replace 'import gym' with 'import gymnasium as gym' in the vast majority of cases.
See the migration guide at https://gymnasium.farama.org/introduction/migration_guide/ for additional information.
Gym has been unmaintained since 2022 and does not support NumPy 2.0 amongst other critical functionality.
Please upgrade to Gymnasium, the maintained drop-in replacement of Gym, or contact the authors of your software and request that they upgrade.
Users of this version of Gym should be able to simply replace 'import gym' with 'import gymnasium as gym' in the vast majority of cases.
See the migration guide at https://gymnasium.farama.org/introduction/migration_guide/ for additional information.
Gym has been unmaintained since 2022 and does not support NumPy 2.0 amongst other critical functionality.
Please upgrade to Gymnasium, the maintained drop-in replacement of Gym, or contact the authors of your software and request that they upgrade.
Users of this version of Gym should be able to simply replace 'import gym' with 'import gymnasium as gym' in the vast majority of cases.
See the migration guide at https://gymnasium.farama.org/introduction/migration_guide/ for additional information.
Gym has been unmaintained since 2022 and does not support NumPy 2.0 amongst other critical functionality.
Please upgrade to Gymnasium, the maintained drop-in replacement of Gym, or contact the authors of your software and request that they upgrade.
Users of this version of Gym should be able to simply replace 'import gym' with 'import gymnasium as gym' in the vast majority of cases.
See the migration guide at https://gymnasium.farama.org/introduction/migration_guide/ for additional information.
Gym has been unmaintained since 2022 and does not support NumPy 2.0 amongst other critical functionality.
Please upgrade to Gymnasium, the maintained drop-in replacement of Gym, or contact the authors of your software and request that they upgrade.
Users of this version of Gym should be able to simply replace 'import gym' with 'import gymnasium as gym' in the vast majority of cases.
See the migration guide at https://gymnasium.farama.org/introduction/migration_guide/ for additional information.
Gym has been unmaintained since 2022 and does not support NumPy 2.0 amongst other critical functionality.
Please upgrade to Gymnasium, the maintained drop-in replacement of Gym, or contact the authors of your software and request that they upgrade.
Users of this version of Gym should be able to simply replace 'import gym' with 'import gymnasium as gym' in the vast majority of cases.
See the migration guide at https://gymnasium.farama.org/introduction/migration_guide/ for additional information.
Gym has been unmaintained since 2022 and does not support NumPy 2.0 amongst other critical functionality.
Please upgrade to Gymnasium, the maintained drop-in replacement of Gym, or contact the authors of your software and request that they upgrade.
Users of this version of Gym should be able to simply replace 'import gym' with 'import gymnasium as gym' in the vast majority of cases.
See the migration guide at https://gymnasium.farama.org/introduction/migration_guide/ for additional information.
Gym has been unmaintained since 2022 and does not support NumPy 2.0 amongst other critical functionality.
Please upgrade to Gymnasium, the maintained drop-in replacement of Gym, or contact the authors of your software and request that they upgrade.
Users of this version of Gym should be able to simply replace 'import gym' with 'import gymnasium as gym' in the vast majority of cases.
See the migration guide at https://gymnasium.farama.org/introduction/migration_guide/ for additional information.
Gym has been unmaintained since 2022 and does not support NumPy 2.0 amongst other critical functionality.
Please upgrade to Gymnasium, the maintained drop-in replacement of Gym, or contact the authors of your software and request that they upgrade.
Users of this version of Gym should be able to simply replace 'import gym' with 'import gymnasium as gym' in the vast majority of cases.
See the migration guide at https://gymnasium.farama.org/introduction/migration_guide/ for additional information.
Gym has been unmaintained since 2022 and does not support NumPy 2.0 amongst other critical functionality.
Please upgrade to Gymnasium, the maintained drop-in replacement of Gym, or contact the authors of your software and request that they upgrade.
Users of this version of Gym should be able to simply replace 'import gym' with 'import gymnasium as gym' in the vast majority of cases.
See the migration guide at https://gymnasium.farama.org/introduction/migration_guide/ for additional information.
Process Process-3:
Process Process-4:
Process Process-1:
Process Process-2:
Traceback (most recent call last):
  File "/home/wangdx_lab/cse12211818/.conda/envs/swE2/lib/python3.9/multiprocessing/process.py", line 315, in _bootstrap
    self.run()
  File "/home/wangdx_lab/cse12211818/.conda/envs/swE2/lib/python3.9/multiprocessing/process.py", line 108, in run
    self._target(*self._args, **self._kwargs)
  File "/home/wangdx_lab/cse12211818/MAPPO/envs/env_wrappers.py", line 142, in worker
    env = env_fn_wrapper.x()
  File "/home/wangdx_lab/cse12211818/MAPPO/train.py", line 32, in init_env
    env = DiscreteActionEnv(all_args)
  File "/home/wangdx_lab/cse12211818/MAPPO/envs/env_discrete.py", line 37, in __init__
    self.env = EnvCore(all_args)
  File "/home/wangdx_lab/cse12211818/MAPPO/envs/env_core.py", line 199, in __init__
    self.dynamic_slot_m = max(1, min(sc, self.num_goal_targets))
AttributeError: 'EnvCore' object has no attribute 'num_goal_targets'
成功加载长度 10: 26 个图案。
初始化完成：内存中可用长度 -> [10]
[font-pattern][train] env_rank=0/199, length=10, name=U
Traceback (most recent call last):
  File "/home/wangdx_lab/cse12211818/.conda/envs/swE2/lib/python3.9/multiprocessing/process.py", line 315, in _bootstrap
    self.run()
  File "/home/wangdx_lab/cse12211818/.conda/envs/swE2/lib/python3.9/multiprocessing/process.py", line 108, in run
    self._target(*self._args, **self._kwargs)
  File "/home/wangdx_lab/cse12211818/MAPPO/envs/env_wrappers.py", line 142, in worker
    env = env_fn_wrapper.x()
  File "/home/wangdx_lab/cse12211818/MAPPO/train.py", line 32, in init_env
    env = DiscreteActionEnv(all_args)
  File "/home/wangdx_lab/cse12211818/MAPPO/envs/env_discrete.py", line 37, in __init__
    self.env = EnvCore(all_args)
  File "/home/wangdx_lab/cse12211818/MAPPO/envs/env_core.py", line 199, in __init__
    self.dynamic_slot_m = max(1, min(sc, self.num_goal_targets))
AttributeError: 'EnvCore' object has no attribute 'num_goal_targets'
成功加载长度 10: 26 个图案。
初始化完成：内存中可用长度 -> [10]
[font-pattern][train] env_rank=1/199, length=10, name=T
Traceback (most recent call last):
  File "/home/wangdx_lab/cse12211818/.conda/envs/swE2/lib/python3.9/multiprocessing/process.py", line 315, in _bootstrap
    self.run()
  File "/home/wangdx_lab/cse12211818/.conda/envs/swE2/lib/python3.9/multiprocessing/process.py", line 108, in run
    self._target(*self._args, **self._kwargs)
  File "/home/wangdx_lab/cse12211818/MAPPO/envs/env_wrappers.py", line 142, in worker
    env = env_fn_wrapper.x()
  File "/home/wangdx_lab/cse12211818/MAPPO/train.py", line 32, in init_env
    env = DiscreteActionEnv(all_args)
  File "/home/wangdx_lab/cse12211818/MAPPO/envs/env_discrete.py", line 37, in __init__
    self.env = EnvCore(all_args)
  File "/home/wangdx_lab/cse12211818/MAPPO/envs/env_core.py", line 199, in __init__
    self.dynamic_slot_m = max(1, min(sc, self.num_goal_targets))
AttributeError: 'EnvCore' object has no attribute 'num_goal_targets'
成功加载长度 10: 26 个图案。
初始化完成：内存中可用长度 -> [10]
[font-pattern][train] env_rank=3/199, length=10, name=C
Traceback (most recent call last):
  File "/home/wangdx_lab/cse12211818/.conda/envs/swE2/lib/python3.9/multiprocessing/process.py", line 315, in _bootstrap
    self.run()
  File "/home/wangdx_lab/cse12211818/.conda/envs/swE2/lib/python3.9/multiprocessing/process.py", line 108, in run
    self._target(*self._args, **self._kwargs)
  File "/home/wangdx_lab/cse12211818/MAPPO/envs/env_wrappers.py", line 142, in worker
    env = env_fn_wrapper.x()
  File "/home/wangdx_lab/cse12211818/MAPPO/train.py", line 32, in init_env
    env = DiscreteActionEnv(all_args)
  File "/home/wangdx_lab/cse12211818/MAPPO/envs/env_discrete.py", line 37, in __init__
    self.env = EnvCore(all_args)
  File "/home/wangdx_lab/cse12211818/MAPPO/envs/env_core.py", line 199, in __init__
    self.dynamic_slot_m = max(1, min(sc, self.num_goal_targets))
AttributeError: 'EnvCore' object has no attribute 'num_goal_targets'
成功加载长度 10: 26 个图案。
初始化完成：内存中可用长度 -> [10]
[font-pattern][train] env_rank=2/199, length=10, name=E
Process Process-8:
Process Process-5:
Process Process-9:
Traceback (most recent call last):
  File "/home/wangdx_lab/cse12211818/.conda/envs/swE2/lib/python3.9/multiprocessing/process.py", line 315, in _bootstrap
    self.run()
  File "/home/wangdx_lab/cse12211818/.conda/envs/swE2/lib/python3.9/multiprocessing/process.py", line 108, in run
    self._target(*self._args, **self._kwargs)
  File "/home/wangdx_lab/cse12211818/MAPPO/envs/env_wrappers.py", line 142, in worker
    env = env_fn_wrapper.x()
  File "/home/wangdx_lab/cse12211818/MAPPO/train.py", line 32, in init_env
    env = DiscreteActionEnv(all_args)
  File "/home/wangdx_lab/cse12211818/MAPPO/envs/env_discrete.py", line 37, in __init__
    self.env = EnvCore(all_args)
  File "/home/wangdx_lab/cse12211818/MAPPO/envs/env_core.py", line 199, in __init__
    self.dynamic_slot_m = max(1, min(sc, self.num_goal_targets))
AttributeError: 'EnvCore' object has no attribute 'num_goal_targets'
成功加载长度 10: 26 个图案。
初始化完成：内存中可用长度 -> [10]
[font-pattern][train] env_rank=7/199, length=10, name=B
Process Process-7:
Traceback (most recent call last):
  File "/home/wangdx_lab/cse12211818/.conda/envs/swE2/lib/python3.9/multiprocessing/process.py", line 315, in _bootstrap
    self.run()
  File "/home/wangdx_lab/cse12211818/.conda/envs/swE2/lib/python3.9/multiprocessing/process.py", line 108, in run
    self._target(*self._args, **self._kwargs)
  File "/home/wangdx_lab/cse12211818/MAPPO/envs/env_wrappers.py", line 142, in worker
    env = env_fn_wrapper.x()
  File "/home/wangdx_lab/cse12211818/MAPPO/train.py", line 32, in init_env
    env = DiscreteActionEnv(all_args)
  File "/home/wangdx_lab/cse12211818/MAPPO/envs/env_discrete.py", line 37, in __init__
    self.env = EnvCore(all_args)
  File "/home/wangdx_lab/cse12211818/MAPPO/envs/env_core.py", line 199, in __init__
    self.dynamic_slot_m = max(1, min(sc, self.num_goal_targets))
AttributeError: 'EnvCore' object has no attribute 'num_goal_targets'
成功加载长度 10: 26 个图案。
初始化完成：内存中可用长度 -> [10]
[font-pattern][train] env_rank=4/199, length=10, name=S
Process Process-6:
Traceback (most recent call last):
  File "/home/wangdx_lab/cse12211818/.conda/envs/swE2/lib/python3.9/multiprocessing/process.py", line 315, in _bootstrap
    self.run()
  File "/home/wangdx_lab/cse12211818/.conda/envs/swE2/lib/python3.9/multiprocessing/process.py", line 108, in run
    self._target(*self._args, **self._kwargs)
  File "/home/wangdx_lab/cse12211818/MAPPO/envs/env_wrappers.py", line 142, in worker
    env = env_fn_wrapper.x()
  File "/home/wangdx_lab/cse12211818/MAPPO/train.py", line 32, in init_env
    env = DiscreteActionEnv(all_args)
  File "/home/wangdx_lab/cse12211818/MAPPO/envs/env_discrete.py", line 37, in __init__
    self.env = EnvCore(all_args)
  File "/home/wangdx_lab/cse12211818/MAPPO/envs/env_core.py", line 199, in __init__
    self.dynamic_slot_m = max(1, min(sc, self.num_goal_targets))
AttributeError: 'EnvCore' object has no attribute 'num_goal_targets'
成功加载长度 10: 26 个图案。
初始化完成：内存中可用长度 -> [10]
[font-pattern][train] env_rank=8/199, length=10, name=D
Traceback (most recent call last):
  File "/home/wangdx_lab/cse12211818/.conda/envs/swE2/lib/python3.9/multiprocessing/process.py", line 315, in _bootstrap
    self.run()
  File "/home/wangdx_lab/cse12211818/.conda/envs/swE2/lib/python3.9/multiprocessing/process.py", line 108, in run
    self._target(*self._args, **self._kwargs)
  File "/home/wangdx_lab/cse12211818/MAPPO/envs/env_wrappers.py", line 142, in worker
    env = env_fn_wrapper.x()
  File "/home/wangdx_lab/cse12211818/MAPPO/train.py", line 32, in init_env
    env = DiscreteActionEnv(all_args)
  File "/home/wangdx_lab/cse12211818/MAPPO/envs/env_discrete.py", line 37, in __init__
    self.env = EnvCore(all_args)
  File "/home/wangdx_lab/cse12211818/MAPPO/envs/env_core.py", line 199, in __init__
    self.dynamic_slot_m = max(1, min(sc, self.num_goal_targets))
AttributeError: 'EnvCore' object has no attribute 'num_goal_targets'
成功加载长度 10: 26 个图案。
初始化完成：内存中可用长度 -> [10]
[font-pattern][train] env_rank=6/199, length=10, name=A
Process Process-12:
Process Process-10:
Traceback (most recent call last):
  File "/home/wangdx_lab/cse12211818/.conda/envs/swE2/lib/python3.9/multiprocessing/process.py", line 315, in _bootstrap
    self.run()
  File "/home/wangdx_lab/cse12211818/.conda/envs/swE2/lib/python3.9/multiprocessing/process.py", line 108, in run
    self._target(*self._args, **self._kwargs)
  File "/home/wangdx_lab/cse12211818/MAPPO/envs/env_wrappers.py", line 142, in worker
    env = env_fn_wrapper.x()
  File "/home/wangdx_lab/cse12211818/MAPPO/train.py", line 32, in init_env
    env = DiscreteActionEnv(all_args)
  File "/home/wangdx_lab/cse12211818/MAPPO/envs/env_discrete.py", line 37, in __init__
    self.env = EnvCore(all_args)
  File "/home/wangdx_lab/cse12211818/MAPPO/envs/env_core.py", line 199, in __init__
    self.dynamic_slot_m = max(1, min(sc, self.num_goal_targets))
AttributeError: 'EnvCore' object has no attribute 'num_goal_targets'
成功加载长度 10: 26 个图案。
初始化完成：内存中可用长度 -> [10]
[font-pattern][train] env_rank=5/199, length=10, name=H
Process Process-11:
Traceback (most recent call last):
  File "/home/wangdx_lab/cse12211818/.conda/envs/swE2/lib/python3.9/multiprocessing/process.py", line 315, in _bootstrap
    self.run()
  File "/home/wangdx_lab/cse12211818/.conda/envs/swE2/lib/python3.9/multiprocessing/process.py", line 108, in run
    self._target(*self._args, **self._kwargs)
  File "/home/wangdx_lab/cse12211818/MAPPO/envs/env_wrappers.py", line 142, in worker
    env = env_fn_wrapper.x()
  File "/home/wangdx_lab/cse12211818/MAPPO/train.py", line 32, in init_env
    env = DiscreteActionEnv(all_args)
  File "/home/wangdx_lab/cse12211818/MAPPO/envs/env_discrete.py", line 37, in __init__
    self.env = EnvCore(all_args)
  File "/home/wangdx_lab/cse12211818/MAPPO/envs/env_core.py", line 199, in __init__
    self.dynamic_slot_m = max(1, min(sc, self.num_goal_targets))
AttributeError: 'EnvCore' object has no attribute 'num_goal_targets'
成功加载长度 10: 26 个图案。
初始化完成：内存中可用长度 -> [10]
[font-pattern][train] env_rank=9/199, length=10, name=F
Traceback (most recent call last):
  File "/home/wangdx_lab/cse12211818/.conda/envs/swE2/lib/python3.9/multiprocessing/process.py", line 315, in _bootstrap
    self.run()
  File "/home/wangdx_lab/cse12211818/.conda/envs/swE2/lib/python3.9/multiprocessing/process.py", line 108, in run
    self._target(*self._args, **self._kwargs)
  File "/home/wangdx_lab/cse12211818/MAPPO/envs/env_wrappers.py", line 142, in worker
    env = env_fn_wrapper.x()
  File "/home/wangdx_lab/cse12211818/MAPPO/train.py", line 32, in init_env
    env = DiscreteActionEnv(all_args)
  File "/home/wangdx_lab/cse12211818/MAPPO/envs/env_discrete.py", line 37, in __init__
    self.env = EnvCore(all_args)
  File "/home/wangdx_lab/cse12211818/MAPPO/envs/env_core.py", line 199, in __init__
    self.dynamic_slot_m = max(1, min(sc, self.num_goal_targets))
AttributeError: 'EnvCore' object has no attribute 'num_goal_targets'
成功加载长度 10: 26 个图案。
初始化完成：内存中可用长度 -> [10]
[font-pattern][train] env_rank=11/199, length=10, name=I
Traceback (most recent call last):
  File "/home/wangdx_lab/cse12211818/.conda/envs/swE2/lib/python3.9/multiprocessing/process.py", line 315, in _bootstrap
    self.run()
  File "/home/wangdx_lab/cse12211818/.conda/envs/swE2/lib/python3.9/multiprocessing/process.py", line 108, in run
    self._target(*self._args, **self._kwargs)
  File "/home/wangdx_lab/cse12211818/MAPPO/envs/env_wrappers.py", line 142, in worker
    env = env_fn_wrapper.x()
  File "/home/wangdx_lab/cse12211818/MAPPO/train.py", line 32, in init_env
    env = DiscreteActionEnv(all_args)
  File "/home/wangdx_lab/cse12211818/MAPPO/envs/env_discrete.py", line 37, in __init__
    self.env = EnvCore(all_args)
  File "/home/wangdx_lab/cse12211818/MAPPO/envs/env_core.py", line 199, in __init__
    self.dynamic_slot_m = max(1, min(sc, self.num_goal_targets))
AttributeError: 'EnvCore' object has no attribute 'num_goal_targets'
成功加载长度 10: 26 个图案。
初始化完成：内存中可用长度 -> [10]
[font-pattern][train] env_rank=10/199, length=10, name=G
Gym has been unmaintained since 2022 and does not support NumPy 2.0 amongst other critical functionality.
Please upgrade to Gymnasium, the maintained drop-in replacement of Gym, or contact the authors of your software and request that they upgrade.
Users of this version of Gym should be able to simply replace 'import gym' with 'import gymnasium as gym' in the vast majority of cases.
See the migration guide at https://gymnasium.farama.org/introduction/migration_guide/ for additional information.
Gym has been unmaintained since 2022 and does not support NumPy 2.0 amongst other critical functionality.
Please upgrade to Gymnasium, the maintained drop-in replacement of Gym, or contact the authors of your software and request that they upgrade.
Users of this version of Gym should be able to simply replace 'import gym' with 'import gymnasium as gym' in the vast majority of cases.
See the migration guide at https://gymnasium.farama.org/introduction/migration_guide/ for additional information.
Gym has been unmaintained since 2022 and does not support NumPy 2.0 amongst other critical functionality.
Please upgrade to Gymnasium, the maintained drop-in replacement of Gym, or contact the authors of your software and request that they upgrade.
Users of this version of Gym should be able to simply replace 'import gym' with 'import gymnasium as gym' in the vast majority of cases.
See the migration guide at https://gymnasium.farama.org/introduction/migration_guide/ for additional information.
Process Process-13:
Traceback (most recent call last):
  File "/home/wangdx_lab/cse12211818/.conda/envs/swE2/lib/python3.9/multiprocessing/process.py", line 315, in _bootstrap
    self.run()
  File "/home/wangdx_lab/cse12211818/.conda/envs/swE2/lib/python3.9/multiprocessing/process.py", line 108, in run
    self._target(*self._args, **self._kwargs)
  File "/home/wangdx_lab/cse12211818/MAPPO/envs/env_wrappers.py", line 142, in worker
    env = env_fn_wrapper.x()
  File "/home/wangdx_lab/cse12211818/MAPPO/train.py", line 32, in init_env
    env = DiscreteActionEnv(all_args)
  File "/home/wangdx_lab/cse12211818/MAPPO/envs/env_discrete.py", line 37, in __init__
    self.env = EnvCore(all_args)
  File "/home/wangdx_lab/cse12211818/MAPPO/envs/env_core.py", line 199, in __init__
    self.dynamic_slot_m = max(1, min(sc, self.num_goal_targets))
AttributeError: 'EnvCore' object has no attribute 'num_goal_targets'
成功加载长度 10: 26 个图案。
初始化完成：内存中可用长度 -> [10]
[font-pattern][train] env_rank=12/199, length=10, name=J
Process Process-15:
Process Process-14:
Traceback (most recent call last):
  File "/home/wangdx_lab/cse12211818/.conda/envs/swE2/lib/python3.9/multiprocessing/process.py", line 315, in _bootstrap
    self.run()
  File "/home/wangdx_lab/cse12211818/.conda/envs/swE2/lib/python3.9/multiprocessing/process.py", line 108, in run
    self._target(*self._args, **self._kwargs)
  File "/home/wangdx_lab/cse12211818/MAPPO/envs/env_wrappers.py", line 142, in worker
    env = env_fn_wrapper.x()
  File "/home/wangdx_lab/cse12211818/MAPPO/train.py", line 32, in init_env
    env = DiscreteActionEnv(all_args)
  File "/home/wangdx_lab/cse12211818/MAPPO/envs/env_discrete.py", line 37, in __init__
    self.env = EnvCore(all_args)
  File "/home/wangdx_lab/cse12211818/MAPPO/envs/env_core.py", line 199, in __init__
    self.dynamic_slot_m = max(1, min(sc, self.num_goal_targets))
AttributeError: 'EnvCore' object has no attribute 'num_goal_targets'
成功加载长度 10: 26 个图案。
初始化完成：内存中可用长度 -> [10]
[font-pattern][train] env_rank=13/199, length=10, name=K
Traceback (most recent call last):
  File "/home/wangdx_lab/cse12211818/.conda/envs/swE2/lib/python3.9/multiprocessing/process.py", line 315, in _bootstrap
    self.run()
  File "/home/wangdx_lab/cse12211818/.conda/envs/swE2/lib/python3.9/multiprocessing/process.py", line 108, in run
    self._target(*self._args, **self._kwargs)
  File "/home/wangdx_lab/cse12211818/MAPPO/envs/env_wrappers.py", line 142, in worker
    env = env_fn_wrapper.x()
  File "/home/wangdx_lab/cse12211818/MAPPO/train.py", line 32, in init_env
    env = DiscreteActionEnv(all_args)
  File "/home/wangdx_lab/cse12211818/MAPPO/envs/env_discrete.py", line 37, in __init__
    self.env = EnvCore(all_args)
  File "/home/wangdx_lab/cse12211818/MAPPO/envs/env_core.py", line 199, in __init__
    self.dynamic_slot_m = max(1, min(sc, self.num_goal_targets))
AttributeError: 'EnvCore' object has no attribute 'num_goal_targets'
成功加载长度 10: 26 个图案。
初始化完成：内存中可用长度 -> [10]
[font-pattern][train] env_rank=14/199, length=10, name=L
Gym has been unmaintained since 2022 and does not support NumPy 2.0 amongst other critical functionality.
Please upgrade to Gymnasium, the maintained drop-in replacement of Gym, or contact the authors of your software and request that they upgrade.
Users of this version of Gym should be able to simply replace 'import gym' with 'import gymnasium as gym' in the vast majority of cases.
See the migration guide at https://gymnasium.farama.org/introduction/migration_guide/ for additional information.
Gym has been unmaintained since 2022 and does not support NumPy 2.0 amongst other critical functionality.
Please upgrade to Gymnasium, the maintained drop-in replacement of Gym, or contact the authors of your software and request that they upgrade.
Users of this version of Gym should be able to simply replace 'import gym' with 'import gymnasium as gym' in the vast majority of cases.
See the migration guide at https://gymnasium.farama.org/introduction/migration_guide/ for additional information.
Gym has been unmaintained since 2022 and does not support NumPy 2.0 amongst other critical functionality.
Please upgrade to Gymnasium, the maintained drop-in replacement of Gym, or contact the authors of your software and request that they upgrade.
Users of this version of Gym should be able to simply replace 'import gym' with 'import gymnasium as gym' in the vast majority of cases.
See the migration guide at https://gymnasium.farama.org/introduction/migration_guide/ for additional information.
Gym has been unmaintained since 2022 and does not support NumPy 2.0 amongst other critical functionality.
Please upgrade to Gymnasium, the maintained drop-in replacement of Gym, or contact the authors of your software and request that they upgrade.
Users of this version of Gym should be able to simply replace 'import gym' with 'import gymnasium as gym' in the vast majority of cases.
See the migration guide at https://gymnasium.farama.org/introduction/migration_guide/ for additional information.
Gym has been unmaintained since 2022 and does not support NumPy 2.0 amongst other critical functionality.
Please upgrade to Gymnasium, the maintained drop-in replacement of Gym, or contact the authors of your software and request that they upgrade.
Users of this version of Gym should be able to simply replace 'import gym' with 'import gymnasium as gym' in the vast majority of cases.
See the migration guide at https://gymnasium.farama.org/introduction/migration_guide/ for additional information.
Process Process-17:
Process Process-16:
Traceback (most recent call last):
  File "/home/wangdx_lab/cse12211818/.conda/envs/swE2/lib/python3.9/multiprocessing/process.py", line 315, in _bootstrap
    self.run()
  File "/home/wangdx_lab/cse12211818/.conda/envs/swE2/lib/python3.9/multiprocessing/process.py", line 108, in run
    self._target(*self._args, **self._kwargs)
  File "/home/wangdx_lab/cse12211818/MAPPO/envs/env_wrappers.py", line 142, in worker
    env = env_fn_wrapper.x()
  File "/home/wangdx_lab/cse12211818/MAPPO/train.py", line 32, in init_env
    env = DiscreteActionEnv(all_args)
  File "/home/wangdx_lab/cse12211818/MAPPO/envs/env_discrete.py", line 37, in __init__
    self.env = EnvCore(all_args)
  File "/home/wangdx_lab/cse12211818/MAPPO/envs/env_core.py", line 199, in __init__
    self.dynamic_slot_m = max(1, min(sc, self.num_goal_targets))
AttributeError: 'EnvCore' object has no attribute 'num_goal_targets'
成功加载长度 10: 26 个图案。
初始化完成：内存中可用长度 -> [10]
[font-pattern][train] env_rank=16/199, length=10, name=N
Traceback (most recent call last):
  File "/home/wangdx_lab/cse12211818/.conda/envs/swE2/lib/python3.9/multiprocessing/process.py", line 315, in _bootstrap
    self.run()
  File "/home/wangdx_lab/cse12211818/.conda/envs/swE2/lib/python3.9/multiprocessing/process.py", line 108, in run
    self._target(*self._args, **self._kwargs)
  File "/home/wangdx_lab/cse12211818/MAPPO/envs/env_wrappers.py", line 142, in worker
    env = env_fn_wrapper.x()
  File "/home/wangdx_lab/cse12211818/MAPPO/train.py", line 32, in init_env
    env = DiscreteActionEnv(all_args)
  File "/home/wangdx_lab/cse12211818/MAPPO/envs/env_discrete.py", line 37, in __init__
    self.env = EnvCore(all_args)
  File "/home/wangdx_lab/cse12211818/MAPPO/envs/env_core.py", line 199, in __init__
    self.dynamic_slot_m = max(1, min(sc, self.num_goal_targets))
AttributeError: 'EnvCore' object has no attribute 'num_goal_targets'
成功加载长度 10: 26 个图案。
初始化完成：内存中可用长度 -> [10]
[font-pattern][train] env_rank=15/199, length=10, name=M
Process Process-19:
Process Process-18:
Process Process-20:
Traceback (most recent call last):
  File "/home/wangdx_lab/cse12211818/.conda/envs/swE2/lib/python3.9/multiprocessing/process.py", line 315, in _bootstrap
    self.run()
  File "/home/wangdx_lab/cse12211818/.conda/envs/swE2/lib/python3.9/multiprocessing/process.py", line 108, in run
    self._target(*self._args, **self._kwargs)
  File "/home/wangdx_lab/cse12211818/MAPPO/envs/env_wrappers.py", line 142, in worker
    env = env_fn_wrapper.x()
  File "/home/wangdx_lab/cse12211818/MAPPO/train.py", line 32, in init_env
    env = DiscreteActionEnv(all_args)
  File "/home/wangdx_lab/cse12211818/MAPPO/envs/env_discrete.py", line 37, in __init__
    self.env = EnvCore(all_args)
  File "/home/wangdx_lab/cse12211818/MAPPO/envs/env_core.py", line 199, in __init__
    self.dynamic_slot_m = max(1, min(sc, self.num_goal_targets))
AttributeError: 'EnvCore' object has no attribute 'num_goal_targets'
成功加载长度 10: 26 个图案。
初始化完成：内存中可用长度 -> [10]
[font-pattern][train] env_rank=17/199, length=10, name=O
Traceback (most recent call last):
  File "/home/wangdx_lab/cse12211818/.conda/envs/swE2/lib/python3.9/multiprocessing/process.py", line 315, in _bootstrap
    self.run()
  File "/home/wangdx_lab/cse12211818/.conda/envs/swE2/lib/python3.9/multiprocessing/process.py", line 108, in run
    self._target(*self._args, **self._kwargs)
  File "/home/wangdx_lab/cse12211818/MAPPO/envs/env_wrappers.py", line 142, in worker
    env = env_fn_wrapper.x()
  File "/home/wangdx_lab/cse12211818/MAPPO/train.py", line 32, in init_env
    env = DiscreteActionEnv(all_args)
  File "/home/wangdx_lab/cse12211818/MAPPO/envs/env_discrete.py", line 37, in __init__
    self.env = EnvCore(all_args)
  File "/home/wangdx_lab/cse12211818/MAPPO/envs/env_core.py", line 199, in __init__
    self.dynamic_slot_m = max(1, min(sc, self.num_goal_targets))
AttributeError: 'EnvCore' object has no attribute 'num_goal_targets'
成功加载长度 10: 26 个图案。
初始化完成：内存中可用长度 -> [10]
[font-pattern][train] env_rank=18/199, length=10, name=P
Traceback (most recent call last):
  File "/home/wangdx_lab/cse12211818/.conda/envs/swE2/lib/python3.9/multiprocessing/process.py", line 315, in _bootstrap
    self.run()
  File "/home/wangdx_lab/cse12211818/.conda/envs/swE2/lib/python3.9/multiprocessing/process.py", line 108, in run
    self._target(*self._args, **self._kwargs)
  File "/home/wangdx_lab/cse12211818/MAPPO/envs/env_wrappers.py", line 142, in worker
    env = env_fn_wrapper.x()
  File "/home/wangdx_lab/cse12211818/MAPPO/train.py", line 32, in init_env
    env = DiscreteActionEnv(all_args)
  File "/home/wangdx_lab/cse12211818/MAPPO/envs/env_discrete.py", line 37, in __init__
    self.env = EnvCore(all_args)
  File "/home/wangdx_lab/cse12211818/MAPPO/envs/env_core.py", line 199, in __init__
    self.dynamic_slot_m = max(1, min(sc, self.num_goal_targets))
AttributeError: 'EnvCore' object has no attribute 'num_goal_targets'
成功加载长度 10: 26 个图案。
初始化完成：内存中可用长度 -> [10]
[font-pattern][train] env_rank=19/199, length=10, name=Q
Gym has been unmaintained since 2022 and does not support NumPy 2.0 amongst other critical functionality.
Please upgrade to Gymnasium, the maintained drop-in replacement of Gym, or contact the authors of your software and request that they upgrade.
Users of this version of Gym should be able to simply replace 'import gym' with 'import gymnasium as gym' in the vast majority of cases.
See the migration guide at https://gymnasium.farama.org/introduction/migration_guide/ for additional information.
Gym has been unmaintained since 2022 and does not support NumPy 2.0 amongst other critical functionality.
Please upgrade to Gymnasium, the maintained drop-in replacement of Gym, or contact the authors of your software and request that they upgrade.
Users of this version of Gym should be able to simply replace 'import gym' with 'import gymnasium as gym' in the vast majority of cases.
See the migration guide at https://gymnasium.farama.org/introduction/migration_guide/ for additional information.
Gym has been unmaintained since 2022 and does not support NumPy 2.0 amongst other critical functionality.
Please upgrade to Gymnasium, the maintained drop-in replacement of Gym, or contact the authors of your software and request that they upgrade.
Users of this version of Gym should be able to simply replace 'import gym' with 'import gymnasium as gym' in the vast majority of cases.
See the migration guide at https://gymnasium.farama.org/introduction/migration_guide/ for additional information.
Gym has been unmaintained since 2022 and does not support NumPy 2.0 amongst other critical functionality.
Please upgrade to Gymnasium, the maintained drop-in replacement of Gym, or contact the authors of your software and request that they upgrade.
Users of this version of Gym should be able to simply replace 'import gym' with 'import gymnasium as gym' in the vast majority of cases.
See the migration guide at https://gymnasium.farama.org/introduction/migration_guide/ for additional information.
Process Process-21:
Traceback (most recent call last):
  File "/home/wangdx_lab/cse12211818/.conda/envs/swE2/lib/python3.9/multiprocessing/process.py", line 315, in _bootstrap
    self.run()
  File "/home/wangdx_lab/cse12211818/.conda/envs/swE2/lib/python3.9/multiprocessing/process.py", line 108, in run
    self._target(*self._args, **self._kwargs)
  File "/home/wangdx_lab/cse12211818/MAPPO/envs/env_wrappers.py", line 142, in worker
    env = env_fn_wrapper.x()
  File "/home/wangdx_lab/cse12211818/MAPPO/train.py", line 32, in init_env
    env = DiscreteActionEnv(all_args)
  File "/home/wangdx_lab/cse12211818/MAPPO/envs/env_discrete.py", line 37, in __init__
    self.env = EnvCore(all_args)
  File "/home/wangdx_lab/cse12211818/MAPPO/envs/env_core.py", line 199, in __init__
    self.dynamic_slot_m = max(1, min(sc, self.num_goal_targets))
AttributeError: 'EnvCore' object has no attribute 'num_goal_targets'
成功加载长度 10: 26 个图案。
初始化完成：内存中可用长度 -> [10]
[font-pattern][train] env_rank=20/199, length=10, name=R
Process Process-23:
Process Process-24:
Traceback (most recent call last):
  File "/home/wangdx_lab/cse12211818/.conda/envs/swE2/lib/python3.9/multiprocessing/process.py", line 315, in _bootstrap
    self.run()
  File "/home/wangdx_lab/cse12211818/.conda/envs/swE2/lib/python3.9/multiprocessing/process.py", line 108, in run
    self._target(*self._args, **self._kwargs)
  File "/home/wangdx_lab/cse12211818/MAPPO/envs/env_wrappers.py", line 142, in worker
    env = env_fn_wrapper.x()
  File "/home/wangdx_lab/cse12211818/MAPPO/train.py", line 32, in init_env
    env = DiscreteActionEnv(all_args)
  File "/home/wangdx_lab/cse12211818/MAPPO/envs/env_discrete.py", line 37, in __init__
    self.env = EnvCore(all_args)
  File "/home/wangdx_lab/cse12211818/MAPPO/envs/env_core.py", line 199, in __init__
    self.dynamic_slot_m = max(1, min(sc, self.num_goal_targets))
AttributeError: 'EnvCore' object has no attribute 'num_goal_targets'
成功加载长度 10: 26 个图案。
初始化完成：内存中可用长度 -> [10]
[font-pattern][train] env_rank=22/199, length=10, name=W
Traceback (most recent call last):
  File "/home/wangdx_lab/cse12211818/.conda/envs/swE2/lib/python3.9/multiprocessing/process.py", line 315, in _bootstrap
    self.run()
  File "/home/wangdx_lab/cse12211818/.conda/envs/swE2/lib/python3.9/multiprocessing/process.py", line 108, in run
    self._target(*self._args, **self._kwargs)
  File "/home/wangdx_lab/cse12211818/MAPPO/envs/env_wrappers.py", line 142, in worker
    env = env_fn_wrapper.x()
  File "/home/wangdx_lab/cse12211818/MAPPO/train.py", line 32, in init_env
    env = DiscreteActionEnv(all_args)
  File "/home/wangdx_lab/cse12211818/MAPPO/envs/env_discrete.py", line 37, in __init__
    self.env = EnvCore(all_args)
  File "/home/wangdx_lab/cse12211818/MAPPO/envs/env_core.py", line 199, in __init__
    self.dynamic_slot_m = max(1, min(sc, self.num_goal_targets))
AttributeError: 'EnvCore' object has no attribute 'num_goal_targets'
成功加载长度 10: 26 个图案。
初始化完成：内存中可用长度 -> [10]
[font-pattern][train] env_rank=23/199, length=10, name=X
Process Process-22:
Traceback (most recent call last):
  File "/home/wangdx_lab/cse12211818/.conda/envs/swE2/lib/python3.9/multiprocessing/process.py", line 315, in _bootstrap
    self.run()
  File "/home/wangdx_lab/cse12211818/.conda/envs/swE2/lib/python3.9/multiprocessing/process.py", line 108, in run
    self._target(*self._args, **self._kwargs)
  File "/home/wangdx_lab/cse12211818/MAPPO/envs/env_wrappers.py", line 142, in worker
    env = env_fn_wrapper.x()
  File "/home/wangdx_lab/cse12211818/MAPPO/train.py", line 32, in init_env
    env = DiscreteActionEnv(all_args)
  File "/home/wangdx_lab/cse12211818/MAPPO/envs/env_discrete.py", line 37, in __init__
    self.env = EnvCore(all_args)
  File "/home/wangdx_lab/cse12211818/MAPPO/envs/env_core.py", line 199, in __init__
    self.dynamic_slot_m = max(1, min(sc, self.num_goal_targets))
AttributeError: 'EnvCore' object has no attribute 'num_goal_targets'
成功加载长度 10: 26 个图案。
初始化完成：内存中可用长度 -> [10]
[font-pattern][train] env_rank=21/199, length=10, name=V
Gym has been unmaintained since 2022 and does not support NumPy 2.0 amongst other critical functionality.
Please upgrade to Gymnasium, the maintained drop-in replacement of Gym, or contact the authors of your software and request that they upgrade.
Users of this version of Gym should be able to simply replace 'import gym' with 'import gymnasium as gym' in the vast majority of cases.
See the migration guide at https://gymnasium.farama.org/introduction/migration_guide/ for additional information.
Gym has been unmaintained since 2022 and does not support NumPy 2.0 amongst other critical functionality.
Please upgrade to Gymnasium, the maintained drop-in replacement of Gym, or contact the authors of your software and request that they upgrade.
Users of this version of Gym should be able to simply replace 'import gym' with 'import gymnasium as gym' in the vast majority of cases.
See the migration guide at https://gymnasium.farama.org/introduction/migration_guide/ for additional information.
Gym has been unmaintained since 2022 and does not support NumPy 2.0 amongst other critical functionality.
Please upgrade to Gymnasium, the maintained drop-in replacement of Gym, or contact the authors of your software and request that they upgrade.
Users of this version of Gym should be able to simply replace 'import gym' with 'import gymnasium as gym' in the vast majority of cases.
See the migration guide at https://gymnasium.farama.org/introduction/migration_guide/ for additional information.
Process Process-26:
Process Process-25:
Traceback (most recent call last):
  File "/home/wangdx_lab/cse12211818/.conda/envs/swE2/lib/python3.9/multiprocessing/process.py", line 315, in _bootstrap
    self.run()
  File "/home/wangdx_lab/cse12211818/.conda/envs/swE2/lib/python3.9/multiprocessing/process.py", line 108, in run
    self._target(*self._args, **self._kwargs)
  File "/home/wangdx_lab/cse12211818/MAPPO/envs/env_wrappers.py", line 142, in worker
    env = env_fn_wrapper.x()
  File "/home/wangdx_lab/cse12211818/MAPPO/train.py", line 32, in init_env
    env = DiscreteActionEnv(all_args)
  File "/home/wangdx_lab/cse12211818/MAPPO/envs/env_discrete.py", line 37, in __init__
    self.env = EnvCore(all_args)
  File "/home/wangdx_lab/cse12211818/MAPPO/envs/env_core.py", line 199, in __init__
    self.dynamic_slot_m = max(1, min(sc, self.num_goal_targets))
AttributeError: 'EnvCore' object has no attribute 'num_goal_targets'
成功加载长度 10: 26 个图案。
初始化完成：内存中可用长度 -> [10]
[font-pattern][train] env_rank=25/199, length=10, name=Z
Traceback (most recent call last):
  File "/home/wangdx_lab/cse12211818/.conda/envs/swE2/lib/python3.9/multiprocessing/process.py", line 315, in _bootstrap
    self.run()
  File "/home/wangdx_lab/cse12211818/.conda/envs/swE2/lib/python3.9/multiprocessing/process.py", line 108, in run
    self._target(*self._args, **self._kwargs)
  File "/home/wangdx_lab/cse12211818/MAPPO/envs/env_wrappers.py", line 142, in worker
    env = env_fn_wrapper.x()
  File "/home/wangdx_lab/cse12211818/MAPPO/train.py", line 32, in init_env
    env = DiscreteActionEnv(all_args)
  File "/home/wangdx_lab/cse12211818/MAPPO/envs/env_discrete.py", line 37, in __init__
    self.env = EnvCore(all_args)
  File "/home/wangdx_lab/cse12211818/MAPPO/envs/env_core.py", line 199, in __init__
    self.dynamic_slot_m = max(1, min(sc, self.num_goal_targets))
AttributeError: 'EnvCore' object has no attribute 'num_goal_targets'
成功加载长度 10: 26 个图案。
初始化完成：内存中可用长度 -> [10]
[font-pattern][train] env_rank=24/199, length=10, name=Y
Gym has been unmaintained since 2022 and does not support NumPy 2.0 amongst other critical functionality.
Please upgrade to Gymnasium, the maintained drop-in replacement of Gym, or contact the authors of your software and request that they upgrade.
Users of this version of Gym should be able to simply replace 'import gym' with 'import gymnasium as gym' in the vast majority of cases.
See the migration guide at https://gymnasium.farama.org/introduction/migration_guide/ for additional information.
Gym has been unmaintained since 2022 and does not support NumPy 2.0 amongst other critical functionality.
Please upgrade to Gymnasium, the maintained drop-in replacement of Gym, or contact the authors of your software and request that they upgrade.
Users of this version of Gym should be able to simply replace 'import gym' with 'import gymnasium as gym' in the vast majority of cases.
See the migration guide at https://gymnasium.farama.org/introduction/migration_guide/ for additional information.
Gym has been unmaintained since 2022 and does not support NumPy 2.0 amongst other critical functionality.
Please upgrade to Gymnasium, the maintained drop-in replacement of Gym, or contact the authors of your software and request that they upgrade.
Users of this version of Gym should be able to simply replace 'import gym' with 'import gymnasium as gym' in the vast majority of cases.
See the migration guide at https://gymnasium.farama.org/introduction/migration_guide/ for additional information.
Process Process-27:
Traceback (most recent call last):
  File "/home/wangdx_lab/cse12211818/.conda/envs/swE2/lib/python3.9/multiprocessing/process.py", line 315, in _bootstrap
    self.run()
  File "/home/wangdx_lab/cse12211818/.conda/envs/swE2/lib/python3.9/multiprocessing/process.py", line 108, in run
    self._target(*self._args, **self._kwargs)
  File "/home/wangdx_lab/cse12211818/MAPPO/envs/env_wrappers.py", line 142, in worker
    env = env_fn_wrapper.x()
  File "/home/wangdx_lab/cse12211818/MAPPO/train.py", line 32, in init_env
    env = DiscreteActionEnv(all_args)
  File "/home/wangdx_lab/cse12211818/MAPPO/envs/env_discrete.py", line 37, in __init__
    self.env = EnvCore(all_args)
  File "/home/wangdx_lab/cse12211818/MAPPO/envs/env_core.py", line 199, in __init__
    self.dynamic_slot_m = max(1, min(sc, self.num_goal_targets))
AttributeError: 'EnvCore' object has no attribute 'num_goal_targets'
成功加载长度 10: 26 个图案。
初始化完成：内存中可用长度 -> [10]
[font-pattern][train] env_rank=26/199, length=10, name=U
Process Process-28:
Process Process-29:
Process Process-30:
Traceback (most recent call last):
  File "/home/wangdx_lab/cse12211818/.conda/envs/swE2/lib/python3.9/multiprocessing/process.py", line 315, in _bootstrap
    self.run()
  File "/home/wangdx_lab/cse12211818/.conda/envs/swE2/lib/python3.9/multiprocessing/process.py", line 108, in run
    self._target(*self._args, **self._kwargs)
  File "/home/wangdx_lab/cse12211818/MAPPO/envs/env_wrappers.py", line 142, in worker
    env = env_fn_wrapper.x()
  File "/home/wangdx_lab/cse12211818/MAPPO/train.py", line 32, in init_env
    env = DiscreteActionEnv(all_args)
  File "/home/wangdx_lab/cse12211818/MAPPO/envs/env_discrete.py", line 37, in __init__
    self.env = EnvCore(all_args)
  File "/home/wangdx_lab/cse12211818/MAPPO/envs/env_core.py", line 199, in __init__
    self.dynamic_slot_m = max(1, min(sc, self.num_goal_targets))
AttributeError: 'EnvCore' object has no attribute 'num_goal_targets'
成功加载长度 10: 26 个图案。
初始化完成：内存中可用长度 -> [10]
[font-pattern][train] env_rank=27/199, length=10, name=T
Traceback (most recent call last):
  File "/home/wangdx_lab/cse12211818/.conda/envs/swE2/lib/python3.9/multiprocessing/process.py", line 315, in _bootstrap
    self.run()
  File "/home/wangdx_lab/cse12211818/.conda/envs/swE2/lib/python3.9/multiprocessing/process.py", line 108, in run
    self._target(*self._args, **self._kwargs)
  File "/home/wangdx_lab/cse12211818/MAPPO/envs/env_wrappers.py", line 142, in worker
    env = env_fn_wrapper.x()
  File "/home/wangdx_lab/cse12211818/MAPPO/train.py", line 32, in init_env
    env = DiscreteActionEnv(all_args)
  File "/home/wangdx_lab/cse12211818/MAPPO/envs/env_discrete.py", line 37, in __init__
    self.env = EnvCore(all_args)
  File "/home/wangdx_lab/cse12211818/MAPPO/envs/env_core.py", line 199, in __init__
    self.dynamic_slot_m = max(1, min(sc, self.num_goal_targets))
AttributeError: 'EnvCore' object has no attribute 'num_goal_targets'
成功加载长度 10: 26 个图案。
初始化完成：内存中可用长度 -> [10]
[font-pattern][train] env_rank=28/199, length=10, name=E
Gym has been unmaintained since 2022 and does not support NumPy 2.0 amongst other critical functionality.
Please upgrade to Gymnasium, the maintained drop-in replacement of Gym, or contact the authors of your software and request that they upgrade.
Users of this version of Gym should be able to simply replace 'import gym' with 'import gymnasium as gym' in the vast majority of cases.
See the migration guide at https://gymnasium.farama.org/introduction/migration_guide/ for additional information.
Traceback (most recent call last):
  File "/home/wangdx_lab/cse12211818/.conda/envs/swE2/lib/python3.9/multiprocessing/process.py", line 315, in _bootstrap
    self.run()
  File "/home/wangdx_lab/cse12211818/.conda/envs/swE2/lib/python3.9/multiprocessing/process.py", line 108, in run
    self._target(*self._args, **self._kwargs)
  File "/home/wangdx_lab/cse12211818/MAPPO/envs/env_wrappers.py", line 142, in worker
    env = env_fn_wrapper.x()
  File "/home/wangdx_lab/cse12211818/MAPPO/train.py", line 32, in init_env
    env = DiscreteActionEnv(all_args)
  File "/home/wangdx_lab/cse12211818/MAPPO/envs/env_discrete.py", line 37, in __init__
    self.env = EnvCore(all_args)
  File "/home/wangdx_lab/cse12211818/MAPPO/envs/env_core.py", line 199, in __init__
    self.dynamic_slot_m = max(1, min(sc, self.num_goal_targets))
AttributeError: 'EnvCore' object has no attribute 'num_goal_targets'
成功加载长度 10: 26 个图案。
初始化完成：内存中可用长度 -> [10]
[font-pattern][train] env_rank=29/199, length=10, name=C
Gym has been unmaintained since 2022 and does not support NumPy 2.0 amongst other critical functionality.
Please upgrade to Gymnasium, the maintained drop-in replacement of Gym, or contact the authors of your software and request that they upgrade.
Users of this version of Gym should be able to simply replace 'import gym' with 'import gymnasium as gym' in the vast majority of cases.
See the migration guide at https://gymnasium.farama.org/introduction/migration_guide/ for additional information.
Gym has been unmaintained since 2022 and does not support NumPy 2.0 amongst other critical functionality.
Please upgrade to Gymnasium, the maintained drop-in replacement of Gym, or contact the authors of your software and request that they upgrade.
Users of this version of Gym should be able to simply replace 'import gym' with 'import gymnasium as gym' in the vast majority of cases.
See the migration guide at https://gymnasium.farama.org/introduction/migration_guide/ for additional information.
Process Process-31:
Process Process-32:
Process Process-33:
Traceback (most recent call last):
  File "/home/wangdx_lab/cse12211818/.conda/envs/swE2/lib/python3.9/multiprocessing/process.py", line 315, in _bootstrap
    self.run()
  File "/home/wangdx_lab/cse12211818/.conda/envs/swE2/lib/python3.9/multiprocessing/process.py", line 108, in run
    self._target(*self._args, **self._kwargs)
  File "/home/wangdx_lab/cse12211818/MAPPO/envs/env_wrappers.py", line 142, in worker
    env = env_fn_wrapper.x()
  File "/home/wangdx_lab/cse12211818/MAPPO/train.py", line 32, in init_env
    env = DiscreteActionEnv(all_args)
  File "/home/wangdx_lab/cse12211818/MAPPO/envs/env_discrete.py", line 37, in __init__
    self.env = EnvCore(all_args)
  File "/home/wangdx_lab/cse12211818/MAPPO/envs/env_core.py", line 199, in __init__
    self.dynamic_slot_m = max(1, min(sc, self.num_goal_targets))
AttributeError: 'EnvCore' object has no attribute 'num_goal_targets'
成功加载长度 10: 26 个图案。
初始化完成：内存中可用长度 -> [10]
[font-pattern][train] env_rank=30/199, length=10, name=S
Traceback (most recent call last):
  File "/home/wangdx_lab/cse12211818/.conda/envs/swE2/lib/python3.9/multiprocessing/process.py", line 315, in _bootstrap
    self.run()
  File "/home/wangdx_lab/cse12211818/.conda/envs/swE2/lib/python3.9/multiprocessing/process.py", line 108, in run
    self._target(*self._args, **self._kwargs)
  File "/home/wangdx_lab/cse12211818/MAPPO/envs/env_wrappers.py", line 142, in worker
    env = env_fn_wrapper.x()
  File "/home/wangdx_lab/cse12211818/MAPPO/train.py", line 32, in init_env
    env = DiscreteActionEnv(all_args)
  File "/home/wangdx_lab/cse12211818/MAPPO/envs/env_discrete.py", line 37, in __init__
    self.env = EnvCore(all_args)
  File "/home/wangdx_lab/cse12211818/MAPPO/envs/env_core.py", line 199, in __init__
    self.dynamic_slot_m = max(1, min(sc, self.num_goal_targets))
AttributeError: 'EnvCore' object has no attribute 'num_goal_targets'
成功加载长度 10: 26 个图案。
初始化完成：内存中可用长度 -> [10]
[font-pattern][train] env_rank=31/199, length=10, name=H
Gym has been unmaintained since 2022 and does not support NumPy 2.0 amongst other critical functionality.
Please upgrade to Gymnasium, the maintained drop-in replacement of Gym, or contact the authors of your software and request that they upgrade.
Users of this version of Gym should be able to simply replace 'import gym' with 'import gymnasium as gym' in the vast majority of cases.
See the migration guide at https://gymnasium.farama.org/introduction/migration_guide/ for additional information.
Traceback (most recent call last):
  File "/home/wangdx_lab/cse12211818/.conda/envs/swE2/lib/python3.9/multiprocessing/process.py", line 315, in _bootstrap
    self.run()
  File "/home/wangdx_lab/cse12211818/.conda/envs/swE2/lib/python3.9/multiprocessing/process.py", line 108, in run
    self._target(*self._args, **self._kwargs)
  File "/home/wangdx_lab/cse12211818/MAPPO/envs/env_wrappers.py", line 142, in worker
    env = env_fn_wrapper.x()
  File "/home/wangdx_lab/cse12211818/MAPPO/train.py", line 32, in init_env
    env = DiscreteActionEnv(all_args)
  File "/home/wangdx_lab/cse12211818/MAPPO/envs/env_discrete.py", line 37, in __init__
    self.env = EnvCore(all_args)
  File "/home/wangdx_lab/cse12211818/MAPPO/envs/env_core.py", line 199, in __init__
    self.dynamic_slot_m = max(1, min(sc, self.num_goal_targets))
AttributeError: 'EnvCore' object has no attribute 'num_goal_targets'
成功加载长度 10: 26 个图案。
初始化完成：内存中可用长度 -> [10]
[font-pattern][train] env_rank=32/199, length=10, name=A
Gym has been unmaintained since 2022 and does not support NumPy 2.0 amongst other critical functionality.
Please upgrade to Gymnasium, the maintained drop-in replacement of Gym, or contact the authors of your software and request that they upgrade.
Users of this version of Gym should be able to simply replace 'import gym' with 'import gymnasium as gym' in the vast majority of cases.
See the migration guide at https://gymnasium.farama.org/introduction/migration_guide/ for additional information.
Gym has been unmaintained since 2022 and does not support NumPy 2.0 amongst other critical functionality.
Please upgrade to Gymnasium, the maintained drop-in replacement of Gym, or contact the authors of your software and request that they upgrade.
Users of this version of Gym should be able to simply replace 'import gym' with 'import gymnasium as gym' in the vast majority of cases.
See the migration guide at https://gymnasium.farama.org/introduction/migration_guide/ for additional information.
Gym has been unmaintained since 2022 and does not support NumPy 2.0 amongst other critical functionality.
Please upgrade to Gymnasium, the maintained drop-in replacement of Gym, or contact the authors of your software and request that they upgrade.
Users of this version of Gym should be able to simply replace 'import gym' with 'import gymnasium as gym' in the vast majority of cases.
See the migration guide at https://gymnasium.farama.org/introduction/migration_guide/ for additional information.
Process Process-35:
Process Process-34:
Traceback (most recent call last):
  File "/home/wangdx_lab/cse12211818/.conda/envs/swE2/lib/python3.9/multiprocessing/process.py", line 315, in _bootstrap
    self.run()
  File "/home/wangdx_lab/cse12211818/.conda/envs/swE2/lib/python3.9/multiprocessing/process.py", line 108, in run
    self._target(*self._args, **self._kwargs)
  File "/home/wangdx_lab/cse12211818/MAPPO/envs/env_wrappers.py", line 142, in worker
    env = env_fn_wrapper.x()
  File "/home/wangdx_lab/cse12211818/MAPPO/train.py", line 32, in init_env
    env = DiscreteActionEnv(all_args)
  File "/home/wangdx_lab/cse12211818/MAPPO/envs/env_discrete.py", line 37, in __init__
    self.env = EnvCore(all_args)
  File "/home/wangdx_lab/cse12211818/MAPPO/envs/env_core.py", line 199, in __init__
    self.dynamic_slot_m = max(1, min(sc, self.num_goal_targets))
AttributeError: 'EnvCore' object has no attribute 'num_goal_targets'
成功加载长度 10: 26 个图案。
初始化完成：内存中可用长度 -> [10]
[font-pattern][train] env_rank=34/199, length=10, name=D
Traceback (most recent call last):
  File "/home/wangdx_lab/cse12211818/.conda/envs/swE2/lib/python3.9/multiprocessing/process.py", line 315, in _bootstrap
    self.run()
  File "/home/wangdx_lab/cse12211818/.conda/envs/swE2/lib/python3.9/multiprocessing/process.py", line 108, in run
    self._target(*self._args, **self._kwargs)
  File "/home/wangdx_lab/cse12211818/MAPPO/envs/env_wrappers.py", line 142, in worker
    env = env_fn_wrapper.x()
  File "/home/wangdx_lab/cse12211818/MAPPO/train.py", line 32, in init_env
    env = DiscreteActionEnv(all_args)
  File "/home/wangdx_lab/cse12211818/MAPPO/envs/env_discrete.py", line 37, in __init__
    self.env = EnvCore(all_args)
  File "/home/wangdx_lab/cse12211818/MAPPO/envs/env_core.py", line 199, in __init__
    self.dynamic_slot_m = max(1, min(sc, self.num_goal_targets))
AttributeError: 'EnvCore' object has no attribute 'num_goal_targets'
成功加载长度 10: 26 个图案。
初始化完成：内存中可用长度 -> [10]
[font-pattern][train] env_rank=33/199, length=10, name=B
Gym has been unmaintained since 2022 and does not support NumPy 2.0 amongst other critical functionality.
Please upgrade to Gymnasium, the maintained drop-in replacement of Gym, or contact the authors of your software and request that they upgrade.
Users of this version of Gym should be able to simply replace 'import gym' with 'import gymnasium as gym' in the vast majority of cases.
See the migration guide at https://gymnasium.farama.org/introduction/migration_guide/ for additional information.
Gym has been unmaintained since 2022 and does not support NumPy 2.0 amongst other critical functionality.
Please upgrade to Gymnasium, the maintained drop-in replacement of Gym, or contact the authors of your software and request that they upgrade.
Users of this version of Gym should be able to simply replace 'import gym' with 'import gymnasium as gym' in the vast majority of cases.
See the migration guide at https://gymnasium.farama.org/introduction/migration_guide/ for additional information.
Process Process-37:
Process Process-36:
Traceback (most recent call last):
  File "/home/wangdx_lab/cse12211818/.conda/envs/swE2/lib/python3.9/multiprocessing/process.py", line 315, in _bootstrap
    self.run()
  File "/home/wangdx_lab/cse12211818/.conda/envs/swE2/lib/python3.9/multiprocessing/process.py", line 108, in run
    self._target(*self._args, **self._kwargs)
  File "/home/wangdx_lab/cse12211818/MAPPO/envs/env_wrappers.py", line 142, in worker
    env = env_fn_wrapper.x()
  File "/home/wangdx_lab/cse12211818/MAPPO/train.py", line 32, in init_env
    env = DiscreteActionEnv(all_args)
  File "/home/wangdx_lab/cse12211818/MAPPO/envs/env_discrete.py", line 37, in __init__
    self.env = EnvCore(all_args)
  File "/home/wangdx_lab/cse12211818/MAPPO/envs/env_core.py", line 199, in __init__
    self.dynamic_slot_m = max(1, min(sc, self.num_goal_targets))
AttributeError: 'EnvCore' object has no attribute 'num_goal_targets'
成功加载长度 10: 26 个图案。
初始化完成：内存中可用长度 -> [10]
[font-pattern][train] env_rank=36/199, length=10, name=G
Traceback (most recent call last):
  File "/home/wangdx_lab/cse12211818/.conda/envs/swE2/lib/python3.9/multiprocessing/process.py", line 315, in _bootstrap
    self.run()
  File "/home/wangdx_lab/cse12211818/.conda/envs/swE2/lib/python3.9/multiprocessing/process.py", line 108, in run
    self._target(*self._args, **self._kwargs)
  File "/home/wangdx_lab/cse12211818/MAPPO/envs/env_wrappers.py", line 142, in worker
    env = env_fn_wrapper.x()
  File "/home/wangdx_lab/cse12211818/MAPPO/train.py", line 32, in init_env
    env = DiscreteActionEnv(all_args)
  File "/home/wangdx_lab/cse12211818/MAPPO/envs/env_discrete.py", line 37, in __init__
    self.env = EnvCore(all_args)
  File "/home/wangdx_lab/cse12211818/MAPPO/envs/env_core.py", line 199, in __init__
    self.dynamic_slot_m = max(1, min(sc, self.num_goal_targets))
AttributeError: 'EnvCore' object has no attribute 'num_goal_targets'
成功加载长度 10: 26 个图案。
初始化完成：内存中可用长度 -> [10]
[font-pattern][train] env_rank=35/199, length=10, name=F
Gym has been unmaintained since 2022 and does not support NumPy 2.0 amongst other critical functionality.
Please upgrade to Gymnasium, the maintained drop-in replacement of Gym, or contact the authors of your software and request that they upgrade.
Users of this version of Gym should be able to simply replace 'import gym' with 'import gymnasium as gym' in the vast majority of cases.
See the migration guide at https://gymnasium.farama.org/introduction/migration_guide/ for additional information.
Process Process-38:
Process Process-39:
Gym has been unmaintained since 2022 and does not support NumPy 2.0 amongst other critical functionality.
Please upgrade to Gymnasium, the maintained drop-in replacement of Gym, or contact the authors of your software and request that they upgrade.
Users of this version of Gym should be able to simply replace 'import gym' with 'import gymnasium as gym' in the vast majority of cases.
See the migration guide at https://gymnasium.farama.org/introduction/migration_guide/ for additional information.
Traceback (most recent call last):
  File "/home/wangdx_lab/cse12211818/.conda/envs/swE2/lib/python3.9/multiprocessing/process.py", line 315, in _bootstrap
    self.run()
  File "/home/wangdx_lab/cse12211818/.conda/envs/swE2/lib/python3.9/multiprocessing/process.py", line 108, in run
    self._target(*self._args, **self._kwargs)
  File "/home/wangdx_lab/cse12211818/MAPPO/envs/env_wrappers.py", line 142, in worker
    env = env_fn_wrapper.x()
  File "/home/wangdx_lab/cse12211818/MAPPO/train.py", line 32, in init_env
    env = DiscreteActionEnv(all_args)
  File "/home/wangdx_lab/cse12211818/MAPPO/envs/env_discrete.py", line 37, in __init__
    self.env = EnvCore(all_args)
  File "/home/wangdx_lab/cse12211818/MAPPO/envs/env_core.py", line 199, in __init__
    self.dynamic_slot_m = max(1, min(sc, self.num_goal_targets))
AttributeError: 'EnvCore' object has no attribute 'num_goal_targets'
成功加载长度 10: 26 个图案。
初始化完成：内存中可用长度 -> [10]
[font-pattern][train] env_rank=37/199, length=10, name=I
Traceback (most recent call last):
  File "/home/wangdx_lab/cse12211818/.conda/envs/swE2/lib/python3.9/multiprocessing/process.py", line 315, in _bootstrap
    self.run()
  File "/home/wangdx_lab/cse12211818/.conda/envs/swE2/lib/python3.9/multiprocessing/process.py", line 108, in run
    self._target(*self._args, **self._kwargs)
  File "/home/wangdx_lab/cse12211818/MAPPO/envs/env_wrappers.py", line 142, in worker
    env = env_fn_wrapper.x()
  File "/home/wangdx_lab/cse12211818/MAPPO/train.py", line 32, in init_env
    env = DiscreteActionEnv(all_args)
  File "/home/wangdx_lab/cse12211818/MAPPO/envs/env_discrete.py", line 37, in __init__
    self.env = EnvCore(all_args)
  File "/home/wangdx_lab/cse12211818/MAPPO/envs/env_core.py", line 199, in __init__
    self.dynamic_slot_m = max(1, min(sc, self.num_goal_targets))
AttributeError: 'EnvCore' object has no attribute 'num_goal_targets'
成功加载长度 10: 26 个图案。
初始化完成：内存中可用长度 -> [10]
[font-pattern][train] env_rank=38/199, length=10, name=J
Process Process-41:
Traceback (most recent call last):
  File "/home/wangdx_lab/cse12211818/.conda/envs/swE2/lib/python3.9/multiprocessing/process.py", line 315, in _bootstrap
    self.run()
  File "/home/wangdx_lab/cse12211818/.conda/envs/swE2/lib/python3.9/multiprocessing/process.py", line 108, in run
    self._target(*self._args, **self._kwargs)
  File "/home/wangdx_lab/cse12211818/MAPPO/envs/env_wrappers.py", line 142, in worker
    env = env_fn_wrapper.x()
  File "/home/wangdx_lab/cse12211818/MAPPO/train.py", line 32, in init_env
    env = DiscreteActionEnv(all_args)
  File "/home/wangdx_lab/cse12211818/MAPPO/envs/env_discrete.py", line 37, in __init__
    self.env = EnvCore(all_args)
  File "/home/wangdx_lab/cse12211818/MAPPO/envs/env_core.py", line 199, in __init__
    self.dynamic_slot_m = max(1, min(sc, self.num_goal_targets))
AttributeError: 'EnvCore' object has no attribute 'num_goal_targets'
成功加载长度 10: 26 个图案。
初始化完成：内存中可用长度 -> [10]
[font-pattern][train] env_rank=40/199, length=10, name=L
Gym has been unmaintained since 2022 and does not support NumPy 2.0 amongst other critical functionality.
Please upgrade to Gymnasium, the maintained drop-in replacement of Gym, or contact the authors of your software and request that they upgrade.
Users of this version of Gym should be able to simply replace 'import gym' with 'import gymnasium as gym' in the vast majority of cases.
See the migration guide at https://gymnasium.farama.org/introduction/migration_guide/ for additional information.
Gym has been unmaintained since 2022 and does not support NumPy 2.0 amongst other critical functionality.
Please upgrade to Gymnasium, the maintained drop-in replacement of Gym, or contact the authors of your software and request that they upgrade.
Users of this version of Gym should be able to simply replace 'import gym' with 'import gymnasium as gym' in the vast majority of cases.
See the migration guide at https://gymnasium.farama.org/introduction/migration_guide/ for additional information.
Gym has been unmaintained since 2022 and does not support NumPy 2.0 amongst other critical functionality.
Please upgrade to Gymnasium, the maintained drop-in replacement of Gym, or contact the authors of your software and request that they upgrade.
Users of this version of Gym should be able to simply replace 'import gym' with 'import gymnasium as gym' in the vast majority of cases.
See the migration guide at https://gymnasium.farama.org/introduction/migration_guide/ for additional information.
Process Process-40:
Traceback (most recent call last):
  File "/home/wangdx_lab/cse12211818/.conda/envs/swE2/lib/python3.9/multiprocessing/process.py", line 315, in _bootstrap
    self.run()
  File "/home/wangdx_lab/cse12211818/.conda/envs/swE2/lib/python3.9/multiprocessing/process.py", line 108, in run
    self._target(*self._args, **self._kwargs)
  File "/home/wangdx_lab/cse12211818/MAPPO/envs/env_wrappers.py", line 142, in worker
    env = env_fn_wrapper.x()
  File "/home/wangdx_lab/cse12211818/MAPPO/train.py", line 32, in init_env
    env = DiscreteActionEnv(all_args)
  File "/home/wangdx_lab/cse12211818/MAPPO/envs/env_discrete.py", line 37, in __init__
    self.env = EnvCore(all_args)
  File "/home/wangdx_lab/cse12211818/MAPPO/envs/env_core.py", line 199, in __init__
    self.dynamic_slot_m = max(1, min(sc, self.num_goal_targets))
AttributeError: 'EnvCore' object has no attribute 'num_goal_targets'
成功加载长度 10: 26 个图案。
初始化完成：内存中可用长度 -> [10]
[font-pattern][train] env_rank=39/199, length=10, name=K
Process Process-42:
Process Process-44:
Process Process-43:
Gym has been unmaintained since 2022 and does not support NumPy 2.0 amongst other critical functionality.
Please upgrade to Gymnasium, the maintained drop-in replacement of Gym, or contact the authors of your software and request that they upgrade.
Users of this version of Gym should be able to simply replace 'import gym' with 'import gymnasium as gym' in the vast majority of cases.
See the migration guide at https://gymnasium.farama.org/introduction/migration_guide/ for additional information.
Gym has been unmaintained since 2022 and does not support NumPy 2.0 amongst other critical functionality.
Please upgrade to Gymnasium, the maintained drop-in replacement of Gym, or contact the authors of your software and request that they upgrade.
Users of this version of Gym should be able to simply replace 'import gym' with 'import gymnasium as gym' in the vast majority of cases.
See the migration guide at https://gymnasium.farama.org/introduction/migration_guide/ for additional information.
Traceback (most recent call last):
  File "/home/wangdx_lab/cse12211818/.conda/envs/swE2/lib/python3.9/multiprocessing/process.py", line 315, in _bootstrap
    self.run()
  File "/home/wangdx_lab/cse12211818/.conda/envs/swE2/lib/python3.9/multiprocessing/process.py", line 108, in run
    self._target(*self._args, **self._kwargs)
  File "/home/wangdx_lab/cse12211818/MAPPO/envs/env_wrappers.py", line 142, in worker
    env = env_fn_wrapper.x()
  File "/home/wangdx_lab/cse12211818/MAPPO/train.py", line 32, in init_env
    env = DiscreteActionEnv(all_args)
  File "/home/wangdx_lab/cse12211818/MAPPO/envs/env_discrete.py", line 37, in __init__
    self.env = EnvCore(all_args)
  File "/home/wangdx_lab/cse12211818/MAPPO/envs/env_core.py", line 199, in __init__
    self.dynamic_slot_m = max(1, min(sc, self.num_goal_targets))
AttributeError: 'EnvCore' object has no attribute 'num_goal_targets'
成功加载长度 10: 26 个图案。
初始化完成：内存中可用长度 -> [10]
[font-pattern][train] env_rank=41/199, length=10, name=M
Traceback (most recent call last):
  File "/home/wangdx_lab/cse12211818/.conda/envs/swE2/lib/python3.9/multiprocessing/process.py", line 315, in _bootstrap
    self.run()
  File "/home/wangdx_lab/cse12211818/.conda/envs/swE2/lib/python3.9/multiprocessing/process.py", line 108, in run
    self._target(*self._args, **self._kwargs)
  File "/home/wangdx_lab/cse12211818/MAPPO/envs/env_wrappers.py", line 142, in worker
    env = env_fn_wrapper.x()
  File "/home/wangdx_lab/cse12211818/MAPPO/train.py", line 32, in init_env
    env = DiscreteActionEnv(all_args)
  File "/home/wangdx_lab/cse12211818/MAPPO/envs/env_discrete.py", line 37, in __init__
    self.env = EnvCore(all_args)
  File "/home/wangdx_lab/cse12211818/MAPPO/envs/env_core.py", line 199, in __init__
    self.dynamic_slot_m = max(1, min(sc, self.num_goal_targets))
AttributeError: 'EnvCore' object has no attribute 'num_goal_targets'
成功加载长度 10: 26 个图案。
初始化完成：内存中可用长度 -> [10]
[font-pattern][train] env_rank=43/199, length=10, name=O
Gym has been unmaintained since 2022 and does not support NumPy 2.0 amongst other critical functionality.
Please upgrade to Gymnasium, the maintained drop-in replacement of Gym, or contact the authors of your software and request that they upgrade.
Users of this version of Gym should be able to simply replace 'import gym' with 'import gymnasium as gym' in the vast majority of cases.
See the migration guide at https://gymnasium.farama.org/introduction/migration_guide/ for additional information.
Traceback (most recent call last):
  File "/home/wangdx_lab/cse12211818/.conda/envs/swE2/lib/python3.9/multiprocessing/process.py", line 315, in _bootstrap
    self.run()
  File "/home/wangdx_lab/cse12211818/.conda/envs/swE2/lib/python3.9/multiprocessing/process.py", line 108, in run
    self._target(*self._args, **self._kwargs)
  File "/home/wangdx_lab/cse12211818/MAPPO/envs/env_wrappers.py", line 142, in worker
    env = env_fn_wrapper.x()
  File "/home/wangdx_lab/cse12211818/MAPPO/train.py", line 32, in init_env
    env = DiscreteActionEnv(all_args)
  File "/home/wangdx_lab/cse12211818/MAPPO/envs/env_discrete.py", line 37, in __init__
    self.env = EnvCore(all_args)
  File "/home/wangdx_lab/cse12211818/MAPPO/envs/env_core.py", line 199, in __init__
    self.dynamic_slot_m = max(1, min(sc, self.num_goal_targets))
AttributeError: 'EnvCore' object has no attribute 'num_goal_targets'
成功加载长度 10: 26 个图案。
初始化完成：内存中可用长度 -> [10]
[font-pattern][train] env_rank=42/199, length=10, name=N
Process Process-45:
Process Process-47:
Process Process-46:
Traceback (most recent call last):
  File "/home/wangdx_lab/cse12211818/.conda/envs/swE2/lib/python3.9/multiprocessing/process.py", line 315, in _bootstrap
    self.run()
  File "/home/wangdx_lab/cse12211818/.conda/envs/swE2/lib/python3.9/multiprocessing/process.py", line 108, in run
    self._target(*self._args, **self._kwargs)
  File "/home/wangdx_lab/cse12211818/MAPPO/envs/env_wrappers.py", line 142, in worker
    env = env_fn_wrapper.x()
  File "/home/wangdx_lab/cse12211818/MAPPO/train.py", line 32, in init_env
    env = DiscreteActionEnv(all_args)
  File "/home/wangdx_lab/cse12211818/MAPPO/envs/env_discrete.py", line 37, in __init__
    self.env = EnvCore(all_args)
  File "/home/wangdx_lab/cse12211818/MAPPO/envs/env_core.py", line 199, in __init__
    self.dynamic_slot_m = max(1, min(sc, self.num_goal_targets))
AttributeError: 'EnvCore' object has no attribute 'num_goal_targets'
成功加载长度 10: 26 个图案。
初始化完成：内存中可用长度 -> [10]
[font-pattern][train] env_rank=44/199, length=10, name=P
Traceback (most recent call last):
  File "/home/wangdx_lab/cse12211818/.conda/envs/swE2/lib/python3.9/multiprocessing/process.py", line 315, in _bootstrap
    self.run()
  File "/home/wangdx_lab/cse12211818/.conda/envs/swE2/lib/python3.9/multiprocessing/process.py", line 108, in run
    self._target(*self._args, **self._kwargs)
  File "/home/wangdx_lab/cse12211818/MAPPO/envs/env_wrappers.py", line 142, in worker
    env = env_fn_wrapper.x()
  File "/home/wangdx_lab/cse12211818/MAPPO/train.py", line 32, in init_env
    env = DiscreteActionEnv(all_args)
  File "/home/wangdx_lab/cse12211818/MAPPO/envs/env_discrete.py", line 37, in __init__
    self.env = EnvCore(all_args)
  File "/home/wangdx_lab/cse12211818/MAPPO/envs/env_core.py", line 199, in __init__
    self.dynamic_slot_m = max(1, min(sc, self.num_goal_targets))
AttributeError: 'EnvCore' object has no attribute 'num_goal_targets'
成功加载长度 10: 26 个图案。
初始化完成：内存中可用长度 -> [10]
[font-pattern][train] env_rank=46/199, length=10, name=R
Traceback (most recent call last):
  File "/home/wangdx_lab/cse12211818/.conda/envs/swE2/lib/python3.9/multiprocessing/process.py", line 315, in _bootstrap
    self.run()
  File "/home/wangdx_lab/cse12211818/.conda/envs/swE2/lib/python3.9/multiprocessing/process.py", line 108, in run
    self._target(*self._args, **self._kwargs)
  File "/home/wangdx_lab/cse12211818/MAPPO/envs/env_wrappers.py", line 142, in worker
    env = env_fn_wrapper.x()
  File "/home/wangdx_lab/cse12211818/MAPPO/train.py", line 32, in init_env
    env = DiscreteActionEnv(all_args)
  File "/home/wangdx_lab/cse12211818/MAPPO/envs/env_discrete.py", line 37, in __init__
    self.env = EnvCore(all_args)
  File "/home/wangdx_lab/cse12211818/MAPPO/envs/env_core.py", line 199, in __init__
    self.dynamic_slot_m = max(1, min(sc, self.num_goal_targets))
AttributeError: 'EnvCore' object has no attribute 'num_goal_targets'
成功加载长度 10: 26 个图案。
初始化完成：内存中可用长度 -> [10]
[font-pattern][train] env_rank=45/199, length=10, name=Q
Gym has been unmaintained since 2022 and does not support NumPy 2.0 amongst other critical functionality.
Please upgrade to Gymnasium, the maintained drop-in replacement of Gym, or contact the authors of your software and request that they upgrade.
Users of this version of Gym should be able to simply replace 'import gym' with 'import gymnasium as gym' in the vast majority of cases.
See the migration guide at https://gymnasium.farama.org/introduction/migration_guide/ for additional information.
Gym has been unmaintained since 2022 and does not support NumPy 2.0 amongst other critical functionality.
Please upgrade to Gymnasium, the maintained drop-in replacement of Gym, or contact the authors of your software and request that they upgrade.
Users of this version of Gym should be able to simply replace 'import gym' with 'import gymnasium as gym' in the vast majority of cases.
See the migration guide at https://gymnasium.farama.org/introduction/migration_guide/ for additional information.
Gym has been unmaintained since 2022 and does not support NumPy 2.0 amongst other critical functionality.
Please upgrade to Gymnasium, the maintained drop-in replacement of Gym, or contact the authors of your software and request that they upgrade.
Users of this version of Gym should be able to simply replace 'import gym' with 'import gymnasium as gym' in the vast majority of cases.
See the migration guide at https://gymnasium.farama.org/introduction/migration_guide/ for additional information.
Process Process-48:
Process Process-49:
Process Process-50:
Traceback (most recent call last):
  File "/home/wangdx_lab/cse12211818/.conda/envs/swE2/lib/python3.9/multiprocessing/process.py", line 315, in _bootstrap
    self.run()
  File "/home/wangdx_lab/cse12211818/.conda/envs/swE2/lib/python3.9/multiprocessing/process.py", line 108, in run
    self._target(*self._args, **self._kwargs)
  File "/home/wangdx_lab/cse12211818/MAPPO/envs/env_wrappers.py", line 142, in worker
    env = env_fn_wrapper.x()
  File "/home/wangdx_lab/cse12211818/MAPPO/train.py", line 32, in init_env
    env = DiscreteActionEnv(all_args)
  File "/home/wangdx_lab/cse12211818/MAPPO/envs/env_discrete.py", line 37, in __init__
    self.env = EnvCore(all_args)
  File "/home/wangdx_lab/cse12211818/MAPPO/envs/env_core.py", line 199, in __init__
    self.dynamic_slot_m = max(1, min(sc, self.num_goal_targets))
AttributeError: 'EnvCore' object has no attribute 'num_goal_targets'
成功加载长度 10: 26 个图案。
初始化完成：内存中可用长度 -> [10]
[font-pattern][train] env_rank=47/199, length=10, name=V
Traceback (most recent call last):
  File "/home/wangdx_lab/cse12211818/.conda/envs/swE2/lib/python3.9/multiprocessing/process.py", line 315, in _bootstrap
    self.run()
  File "/home/wangdx_lab/cse12211818/.conda/envs/swE2/lib/python3.9/multiprocessing/process.py", line 108, in run
    self._target(*self._args, **self._kwargs)
  File "/home/wangdx_lab/cse12211818/MAPPO/envs/env_wrappers.py", line 142, in worker
    env = env_fn_wrapper.x()
  File "/home/wangdx_lab/cse12211818/MAPPO/train.py", line 32, in init_env
    env = DiscreteActionEnv(all_args)
  File "/home/wangdx_lab/cse12211818/MAPPO/envs/env_discrete.py", line 37, in __init__
    self.env = EnvCore(all_args)
  File "/home/wangdx_lab/cse12211818/MAPPO/envs/env_core.py", line 199, in __init__
    self.dynamic_slot_m = max(1, min(sc, self.num_goal_targets))
AttributeError: 'EnvCore' object has no attribute 'num_goal_targets'
成功加载长度 10: 26 个图案。
初始化完成：内存中可用长度 -> [10]
[font-pattern][train] env_rank=48/199, length=10, name=W
Traceback (most recent call last):
  File "/home/wangdx_lab/cse12211818/.conda/envs/swE2/lib/python3.9/multiprocessing/process.py", line 315, in _bootstrap
    self.run()
  File "/home/wangdx_lab/cse12211818/.conda/envs/swE2/lib/python3.9/multiprocessing/process.py", line 108, in run
    self._target(*self._args, **self._kwargs)
  File "/home/wangdx_lab/cse12211818/MAPPO/envs/env_wrappers.py", line 142, in worker
    env = env_fn_wrapper.x()
  File "/home/wangdx_lab/cse12211818/MAPPO/train.py", line 32, in init_env
    env = DiscreteActionEnv(all_args)
  File "/home/wangdx_lab/cse12211818/MAPPO/envs/env_discrete.py", line 37, in __init__
    self.env = EnvCore(all_args)
  File "/home/wangdx_lab/cse12211818/MAPPO/envs/env_core.py", line 199, in __init__
    self.dynamic_slot_m = max(1, min(sc, self.num_goal_targets))
AttributeError: 'EnvCore' object has no attribute 'num_goal_targets'
成功加载长度 10: 26 个图案。
初始化完成：内存中可用长度 -> [10]
[font-pattern][train] env_rank=49/199, length=10, name=X
Gym has been unmaintained since 2022 and does not support NumPy 2.0 amongst other critical functionality.
Please upgrade to Gymnasium, the maintained drop-in replacement of Gym, or contact the authors of your software and request that they upgrade.
Users of this version of Gym should be able to simply replace 'import gym' with 'import gymnasium as gym' in the vast majority of cases.
See the migration guide at https://gymnasium.farama.org/introduction/migration_guide/ for additional information.
Gym has been unmaintained since 2022 and does not support NumPy 2.0 amongst other critical functionality.
Please upgrade to Gymnasium, the maintained drop-in replacement of Gym, or contact the authors of your software and request that they upgrade.
Users of this version of Gym should be able to simply replace 'import gym' with 'import gymnasium as gym' in the vast majority of cases.
See the migration guide at https://gymnasium.farama.org/introduction/migration_guide/ for additional information.
Gym has been unmaintained since 2022 and does not support NumPy 2.0 amongst other critical functionality.
Please upgrade to Gymnasium, the maintained drop-in replacement of Gym, or contact the authors of your software and request that they upgrade.
Users of this version of Gym should be able to simply replace 'import gym' with 'import gymnasium as gym' in the vast majority of cases.
See the migration guide at https://gymnasium.farama.org/introduction/migration_guide/ for additional information.
Process Process-53:
Process Process-51:
Process Process-52:
Gym has been unmaintained since 2022 and does not support NumPy 2.0 amongst other critical functionality.
Please upgrade to Gymnasium, the maintained drop-in replacement of Gym, or contact the authors of your software and request that they upgrade.
Users of this version of Gym should be able to simply replace 'import gym' with 'import gymnasium as gym' in the vast majority of cases.
See the migration guide at https://gymnasium.farama.org/introduction/migration_guide/ for additional information.
Traceback (most recent call last):
  File "/home/wangdx_lab/cse12211818/.conda/envs/swE2/lib/python3.9/multiprocessing/process.py", line 315, in _bootstrap
    self.run()
  File "/home/wangdx_lab/cse12211818/.conda/envs/swE2/lib/python3.9/multiprocessing/process.py", line 108, in run
    self._target(*self._args, **self._kwargs)
  File "/home/wangdx_lab/cse12211818/MAPPO/envs/env_wrappers.py", line 142, in worker
    env = env_fn_wrapper.x()
  File "/home/wangdx_lab/cse12211818/MAPPO/train.py", line 32, in init_env
    env = DiscreteActionEnv(all_args)
  File "/home/wangdx_lab/cse12211818/MAPPO/envs/env_discrete.py", line 37, in __init__
    self.env = EnvCore(all_args)
  File "/home/wangdx_lab/cse12211818/MAPPO/envs/env_core.py", line 199, in __init__
    self.dynamic_slot_m = max(1, min(sc, self.num_goal_targets))
AttributeError: 'EnvCore' object has no attribute 'num_goal_targets'
成功加载长度 10: 26 个图案。
初始化完成：内存中可用长度 -> [10]
[font-pattern][train] env_rank=50/199, length=10, name=Y
Traceback (most recent call last):
  File "/home/wangdx_lab/cse12211818/.conda/envs/swE2/lib/python3.9/multiprocessing/process.py", line 315, in _bootstrap
    self.run()
  File "/home/wangdx_lab/cse12211818/.conda/envs/swE2/lib/python3.9/multiprocessing/process.py", line 108, in run
    self._target(*self._args, **self._kwargs)
  File "/home/wangdx_lab/cse12211818/MAPPO/envs/env_wrappers.py", line 142, in worker
    env = env_fn_wrapper.x()
  File "/home/wangdx_lab/cse12211818/MAPPO/train.py", line 32, in init_env
    env = DiscreteActionEnv(all_args)
  File "/home/wangdx_lab/cse12211818/MAPPO/envs/env_discrete.py", line 37, in __init__
    self.env = EnvCore(all_args)
  File "/home/wangdx_lab/cse12211818/MAPPO/envs/env_core.py", line 199, in __init__
    self.dynamic_slot_m = max(1, min(sc, self.num_goal_targets))
AttributeError: 'EnvCore' object has no attribute 'num_goal_targets'
成功加载长度 10: 26 个图案。
初始化完成：内存中可用长度 -> [10]
[font-pattern][train] env_rank=52/199, length=10, name=U
Gym has been unmaintained since 2022 and does not support NumPy 2.0 amongst other critical functionality.
Please upgrade to Gymnasium, the maintained drop-in replacement of Gym, or contact the authors of your software and request that they upgrade.
Users of this version of Gym should be able to simply replace 'import gym' with 'import gymnasium as gym' in the vast majority of cases.
See the migration guide at https://gymnasium.farama.org/introduction/migration_guide/ for additional information.
Traceback (most recent call last):
  File "/home/wangdx_lab/cse12211818/.conda/envs/swE2/lib/python3.9/multiprocessing/process.py", line 315, in _bootstrap
    self.run()
  File "/home/wangdx_lab/cse12211818/.conda/envs/swE2/lib/python3.9/multiprocessing/process.py", line 108, in run
    self._target(*self._args, **self._kwargs)
  File "/home/wangdx_lab/cse12211818/MAPPO/envs/env_wrappers.py", line 142, in worker
    env = env_fn_wrapper.x()
  File "/home/wangdx_lab/cse12211818/MAPPO/train.py", line 32, in init_env
    env = DiscreteActionEnv(all_args)
  File "/home/wangdx_lab/cse12211818/MAPPO/envs/env_discrete.py", line 37, in __init__
    self.env = EnvCore(all_args)
  File "/home/wangdx_lab/cse12211818/MAPPO/envs/env_core.py", line 199, in __init__
    self.dynamic_slot_m = max(1, min(sc, self.num_goal_targets))
AttributeError: 'EnvCore' object has no attribute 'num_goal_targets'
成功加载长度 10: 26 个图案。
初始化完成：内存中可用长度 -> [10]
[font-pattern][train] env_rank=51/199, length=10, name=Z
Gym has been unmaintained since 2022 and does not support NumPy 2.0 amongst other critical functionality.
Please upgrade to Gymnasium, the maintained drop-in replacement of Gym, or contact the authors of your software and request that they upgrade.
Users of this version of Gym should be able to simply replace 'import gym' with 'import gymnasium as gym' in the vast majority of cases.
See the migration guide at https://gymnasium.farama.org/introduction/migration_guide/ for additional information.
Gym has been unmaintained since 2022 and does not support NumPy 2.0 amongst other critical functionality.
Please upgrade to Gymnasium, the maintained drop-in replacement of Gym, or contact the authors of your software and request that they upgrade.
Users of this version of Gym should be able to simply replace 'import gym' with 'import gymnasium as gym' in the vast majority of cases.
See the migration guide at https://gymnasium.farama.org/introduction/migration_guide/ for additional information.
Gym has been unmaintained since 2022 and does not support NumPy 2.0 amongst other critical functionality.
Please upgrade to Gymnasium, the maintained drop-in replacement of Gym, or contact the authors of your software and request that they upgrade.
Users of this version of Gym should be able to simply replace 'import gym' with 'import gymnasium as gym' in the vast majority of cases.
See the migration guide at https://gymnasium.farama.org/introduction/migration_guide/ for additional information.
Process Process-55:
Process Process-54:
Traceback (most recent call last):
  File "/home/wangdx_lab/cse12211818/.conda/envs/swE2/lib/python3.9/multiprocessing/process.py", line 315, in _bootstrap
    self.run()
  File "/home/wangdx_lab/cse12211818/.conda/envs/swE2/lib/python3.9/multiprocessing/process.py", line 108, in run
    self._target(*self._args, **self._kwargs)
  File "/home/wangdx_lab/cse12211818/MAPPO/envs/env_wrappers.py", line 142, in worker
    env = env_fn_wrapper.x()
  File "/home/wangdx_lab/cse12211818/MAPPO/train.py", line 32, in init_env
    env = DiscreteActionEnv(all_args)
  File "/home/wangdx_lab/cse12211818/MAPPO/envs/env_discrete.py", line 37, in __init__
    self.env = EnvCore(all_args)
  File "/home/wangdx_lab/cse12211818/MAPPO/envs/env_core.py", line 199, in __init__
    self.dynamic_slot_m = max(1, min(sc, self.num_goal_targets))
AttributeError: 'EnvCore' object has no attribute 'num_goal_targets'
成功加载长度 10: 26 个图案。
初始化完成：内存中可用长度 -> [10]
[font-pattern][train] env_rank=53/199, length=10, name=T
Traceback (most recent call last):
  File "/home/wangdx_lab/cse12211818/.conda/envs/swE2/lib/python3.9/multiprocessing/process.py", line 315, in _bootstrap
    self.run()
  File "/home/wangdx_lab/cse12211818/.conda/envs/swE2/lib/python3.9/multiprocessing/process.py", line 108, in run
    self._target(*self._args, **self._kwargs)
  File "/home/wangdx_lab/cse12211818/MAPPO/envs/env_wrappers.py", line 142, in worker
    env = env_fn_wrapper.x()
  File "/home/wangdx_lab/cse12211818/MAPPO/train.py", line 32, in init_env
    env = DiscreteActionEnv(all_args)
  File "/home/wangdx_lab/cse12211818/MAPPO/envs/env_discrete.py", line 37, in __init__
    self.env = EnvCore(all_args)
  File "/home/wangdx_lab/cse12211818/MAPPO/envs/env_core.py", line 199, in __init__
    self.dynamic_slot_m = max(1, min(sc, self.num_goal_targets))
AttributeError: 'EnvCore' object has no attribute 'num_goal_targets'
成功加载长度 10: 26 个图案。
初始化完成：内存中可用长度 -> [10]
[font-pattern][train] env_rank=54/199, length=10, name=E
Gym has been unmaintained since 2022 and does not support NumPy 2.0 amongst other critical functionality.
Please upgrade to Gymnasium, the maintained drop-in replacement of Gym, or contact the authors of your software and request that they upgrade.
Users of this version of Gym should be able to simply replace 'import gym' with 'import gymnasium as gym' in the vast majority of cases.
See the migration guide at https://gymnasium.farama.org/introduction/migration_guide/ for additional information.
Process Process-56:
Process Process-57:
Process Process-58:
Traceback (most recent call last):
  File "/home/wangdx_lab/cse12211818/.conda/envs/swE2/lib/python3.9/multiprocessing/process.py", line 315, in _bootstrap
    self.run()
  File "/home/wangdx_lab/cse12211818/.conda/envs/swE2/lib/python3.9/multiprocessing/process.py", line 108, in run
    self._target(*self._args, **self._kwargs)
  File "/home/wangdx_lab/cse12211818/MAPPO/envs/env_wrappers.py", line 142, in worker
    env = env_fn_wrapper.x()
  File "/home/wangdx_lab/cse12211818/MAPPO/train.py", line 32, in init_env
    env = DiscreteActionEnv(all_args)
  File "/home/wangdx_lab/cse12211818/MAPPO/envs/env_discrete.py", line 37, in __init__
    self.env = EnvCore(all_args)
  File "/home/wangdx_lab/cse12211818/MAPPO/envs/env_core.py", line 199, in __init__
    self.dynamic_slot_m = max(1, min(sc, self.num_goal_targets))
AttributeError: 'EnvCore' object has no attribute 'num_goal_targets'
成功加载长度 10: 26 个图案。
初始化完成：内存中可用长度 -> [10]
[font-pattern][train] env_rank=55/199, length=10, name=C
Traceback (most recent call last):
  File "/home/wangdx_lab/cse12211818/.conda/envs/swE2/lib/python3.9/multiprocessing/process.py", line 315, in _bootstrap
    self.run()
  File "/home/wangdx_lab/cse12211818/.conda/envs/swE2/lib/python3.9/multiprocessing/process.py", line 108, in run
    self._target(*self._args, **self._kwargs)
  File "/home/wangdx_lab/cse12211818/MAPPO/envs/env_wrappers.py", line 142, in worker
    env = env_fn_wrapper.x()
  File "/home/wangdx_lab/cse12211818/MAPPO/train.py", line 32, in init_env
    env = DiscreteActionEnv(all_args)
  File "/home/wangdx_lab/cse12211818/MAPPO/envs/env_discrete.py", line 37, in __init__
    self.env = EnvCore(all_args)
  File "/home/wangdx_lab/cse12211818/MAPPO/envs/env_core.py", line 199, in __init__
    self.dynamic_slot_m = max(1, min(sc, self.num_goal_targets))
AttributeError: 'EnvCore' object has no attribute 'num_goal_targets'
成功加载长度 10: 26 个图案。
初始化完成：内存中可用长度 -> [10]
[font-pattern][train] env_rank=56/199, length=10, name=S
Traceback (most recent call last):
  File "/home/wangdx_lab/cse12211818/.conda/envs/swE2/lib/python3.9/multiprocessing/process.py", line 315, in _bootstrap
    self.run()
  File "/home/wangdx_lab/cse12211818/.conda/envs/swE2/lib/python3.9/multiprocessing/process.py", line 108, in run
    self._target(*self._args, **self._kwargs)
  File "/home/wangdx_lab/cse12211818/MAPPO/envs/env_wrappers.py", line 142, in worker
    env = env_fn_wrapper.x()
  File "/home/wangdx_lab/cse12211818/MAPPO/train.py", line 32, in init_env
    env = DiscreteActionEnv(all_args)
  File "/home/wangdx_lab/cse12211818/MAPPO/envs/env_discrete.py", line 37, in __init__
    self.env = EnvCore(all_args)
  File "/home/wangdx_lab/cse12211818/MAPPO/envs/env_core.py", line 199, in __init__
    self.dynamic_slot_m = max(1, min(sc, self.num_goal_targets))
AttributeError: 'EnvCore' object has no attribute 'num_goal_targets'
成功加载长度 10: 26 个图案。
初始化完成：内存中可用长度 -> [10]
[font-pattern][train] env_rank=57/199, length=10, name=H
Gym has been unmaintained since 2022 and does not support NumPy 2.0 amongst other critical functionality.
Please upgrade to Gymnasium, the maintained drop-in replacement of Gym, or contact the authors of your software and request that they upgrade.
Users of this version of Gym should be able to simply replace 'import gym' with 'import gymnasium as gym' in the vast majority of cases.
See the migration guide at https://gymnasium.farama.org/introduction/migration_guide/ for additional information.
Process Process-59:
Gym has been unmaintained since 2022 and does not support NumPy 2.0 amongst other critical functionality.
Please upgrade to Gymnasium, the maintained drop-in replacement of Gym, or contact the authors of your software and request that they upgrade.
Users of this version of Gym should be able to simply replace 'import gym' with 'import gymnasium as gym' in the vast majority of cases.
See the migration guide at https://gymnasium.farama.org/introduction/migration_guide/ for additional information.
Traceback (most recent call last):
  File "/home/wangdx_lab/cse12211818/.conda/envs/swE2/lib/python3.9/multiprocessing/process.py", line 315, in _bootstrap
    self.run()
  File "/home/wangdx_lab/cse12211818/.conda/envs/swE2/lib/python3.9/multiprocessing/process.py", line 108, in run
    self._target(*self._args, **self._kwargs)
  File "/home/wangdx_lab/cse12211818/MAPPO/envs/env_wrappers.py", line 142, in worker
    env = env_fn_wrapper.x()
  File "/home/wangdx_lab/cse12211818/MAPPO/train.py", line 32, in init_env
    env = DiscreteActionEnv(all_args)
  File "/home/wangdx_lab/cse12211818/MAPPO/envs/env_discrete.py", line 37, in __init__
    self.env = EnvCore(all_args)
  File "/home/wangdx_lab/cse12211818/MAPPO/envs/env_core.py", line 199, in __init__
    self.dynamic_slot_m = max(1, min(sc, self.num_goal_targets))
AttributeError: 'EnvCore' object has no attribute 'num_goal_targets'
成功加载长度 10: 26 个图案。
初始化完成：内存中可用长度 -> [10]
[font-pattern][train] env_rank=58/199, length=10, name=A
Gym has been unmaintained since 2022 and does not support NumPy 2.0 amongst other critical functionality.
Please upgrade to Gymnasium, the maintained drop-in replacement of Gym, or contact the authors of your software and request that they upgrade.
Users of this version of Gym should be able to simply replace 'import gym' with 'import gymnasium as gym' in the vast majority of cases.
See the migration guide at https://gymnasium.farama.org/introduction/migration_guide/ for additional information.
Gym has been unmaintained since 2022 and does not support NumPy 2.0 amongst other critical functionality.
Please upgrade to Gymnasium, the maintained drop-in replacement of Gym, or contact the authors of your software and request that they upgrade.
Users of this version of Gym should be able to simply replace 'import gym' with 'import gymnasium as gym' in the vast majority of cases.
See the migration guide at https://gymnasium.farama.org/introduction/migration_guide/ for additional information.
Process Process-60:
Traceback (most recent call last):
  File "/home/wangdx_lab/cse12211818/.conda/envs/swE2/lib/python3.9/multiprocessing/process.py", line 315, in _bootstrap
    self.run()
  File "/home/wangdx_lab/cse12211818/.conda/envs/swE2/lib/python3.9/multiprocessing/process.py", line 108, in run
    self._target(*self._args, **self._kwargs)
  File "/home/wangdx_lab/cse12211818/MAPPO/envs/env_wrappers.py", line 142, in worker
    env = env_fn_wrapper.x()
  File "/home/wangdx_lab/cse12211818/MAPPO/train.py", line 32, in init_env
    env = DiscreteActionEnv(all_args)
  File "/home/wangdx_lab/cse12211818/MAPPO/envs/env_discrete.py", line 37, in __init__
    self.env = EnvCore(all_args)
  File "/home/wangdx_lab/cse12211818/MAPPO/envs/env_core.py", line 199, in __init__
    self.dynamic_slot_m = max(1, min(sc, self.num_goal_targets))
AttributeError: 'EnvCore' object has no attribute 'num_goal_targets'
成功加载长度 10: 26 个图案。
初始化完成：内存中可用长度 -> [10]
[font-pattern][train] env_rank=59/199, length=10, name=B
Process Process-61:
Process Process-63:
Process Process-62:
Traceback (most recent call last):
  File "/home/wangdx_lab/cse12211818/.conda/envs/swE2/lib/python3.9/multiprocessing/process.py", line 315, in _bootstrap
    self.run()
  File "/home/wangdx_lab/cse12211818/.conda/envs/swE2/lib/python3.9/multiprocessing/process.py", line 108, in run
    self._target(*self._args, **self._kwargs)
  File "/home/wangdx_lab/cse12211818/MAPPO/envs/env_wrappers.py", line 142, in worker
    env = env_fn_wrapper.x()
  File "/home/wangdx_lab/cse12211818/MAPPO/train.py", line 32, in init_env
    env = DiscreteActionEnv(all_args)
  File "/home/wangdx_lab/cse12211818/MAPPO/envs/env_discrete.py", line 37, in __init__
    self.env = EnvCore(all_args)
  File "/home/wangdx_lab/cse12211818/MAPPO/envs/env_core.py", line 199, in __init__
    self.dynamic_slot_m = max(1, min(sc, self.num_goal_targets))
AttributeError: 'EnvCore' object has no attribute 'num_goal_targets'
成功加载长度 10: 26 个图案。
初始化完成：内存中可用长度 -> [10]
[font-pattern][train] env_rank=60/199, length=10, name=D
Traceback (most recent call last):
  File "/home/wangdx_lab/cse12211818/.conda/envs/swE2/lib/python3.9/multiprocessing/process.py", line 315, in _bootstrap
    self.run()
  File "/home/wangdx_lab/cse12211818/.conda/envs/swE2/lib/python3.9/multiprocessing/process.py", line 108, in run
    self._target(*self._args, **self._kwargs)
  File "/home/wangdx_lab/cse12211818/MAPPO/envs/env_wrappers.py", line 142, in worker
    env = env_fn_wrapper.x()
  File "/home/wangdx_lab/cse12211818/MAPPO/train.py", line 32, in init_env
    env = DiscreteActionEnv(all_args)
  File "/home/wangdx_lab/cse12211818/MAPPO/envs/env_discrete.py", line 37, in __init__
    self.env = EnvCore(all_args)
  File "/home/wangdx_lab/cse12211818/MAPPO/envs/env_core.py", line 199, in __init__
    self.dynamic_slot_m = max(1, min(sc, self.num_goal_targets))
AttributeError: 'EnvCore' object has no attribute 'num_goal_targets'
成功加载长度 10: 26 个图案。
初始化完成：内存中可用长度 -> [10]
[font-pattern][train] env_rank=62/199, length=10, name=G
Gym has been unmaintained since 2022 and does not support NumPy 2.0 amongst other critical functionality.
Please upgrade to Gymnasium, the maintained drop-in replacement of Gym, or contact the authors of your software and request that they upgrade.
Users of this version of Gym should be able to simply replace 'import gym' with 'import gymnasium as gym' in the vast majority of cases.
See the migration guide at https://gymnasium.farama.org/introduction/migration_guide/ for additional information.
Traceback (most recent call last):
  File "/home/wangdx_lab/cse12211818/.conda/envs/swE2/lib/python3.9/multiprocessing/process.py", line 315, in _bootstrap
    self.run()
  File "/home/wangdx_lab/cse12211818/.conda/envs/swE2/lib/python3.9/multiprocessing/process.py", line 108, in run
    self._target(*self._args, **self._kwargs)
  File "/home/wangdx_lab/cse12211818/MAPPO/envs/env_wrappers.py", line 142, in worker
    env = env_fn_wrapper.x()
  File "/home/wangdx_lab/cse12211818/MAPPO/train.py", line 32, in init_env
    env = DiscreteActionEnv(all_args)
  File "/home/wangdx_lab/cse12211818/MAPPO/envs/env_discrete.py", line 37, in __init__
    self.env = EnvCore(all_args)
  File "/home/wangdx_lab/cse12211818/MAPPO/envs/env_core.py", line 199, in __init__
    self.dynamic_slot_m = max(1, min(sc, self.num_goal_targets))
AttributeError: 'EnvCore' object has no attribute 'num_goal_targets'
成功加载长度 10: 26 个图案。
初始化完成：内存中可用长度 -> [10]
[font-pattern][train] env_rank=61/199, length=10, name=F
Gym has been unmaintained since 2022 and does not support NumPy 2.0 amongst other critical functionality.
Please upgrade to Gymnasium, the maintained drop-in replacement of Gym, or contact the authors of your software and request that they upgrade.
Users of this version of Gym should be able to simply replace 'import gym' with 'import gymnasium as gym' in the vast majority of cases.
See the migration guide at https://gymnasium.farama.org/introduction/migration_guide/ for additional information.
Gym has been unmaintained since 2022 and does not support NumPy 2.0 amongst other critical functionality.
Please upgrade to Gymnasium, the maintained drop-in replacement of Gym, or contact the authors of your software and request that they upgrade.
Users of this version of Gym should be able to simply replace 'import gym' with 'import gymnasium as gym' in the vast majority of cases.
See the migration guide at https://gymnasium.farama.org/introduction/migration_guide/ for additional information.
Process Process-64:
Process Process-65:
Process Process-66:
Traceback (most recent call last):
  File "/home/wangdx_lab/cse12211818/.conda/envs/swE2/lib/python3.9/multiprocessing/process.py", line 315, in _bootstrap
    self.run()
  File "/home/wangdx_lab/cse12211818/.conda/envs/swE2/lib/python3.9/multiprocessing/process.py", line 108, in run
    self._target(*self._args, **self._kwargs)
  File "/home/wangdx_lab/cse12211818/MAPPO/envs/env_wrappers.py", line 142, in worker
    env = env_fn_wrapper.x()
  File "/home/wangdx_lab/cse12211818/MAPPO/train.py", line 32, in init_env
    env = DiscreteActionEnv(all_args)
  File "/home/wangdx_lab/cse12211818/MAPPO/envs/env_discrete.py", line 37, in __init__
    self.env = EnvCore(all_args)
  File "/home/wangdx_lab/cse12211818/MAPPO/envs/env_core.py", line 199, in __init__
    self.dynamic_slot_m = max(1, min(sc, self.num_goal_targets))
AttributeError: 'EnvCore' object has no attribute 'num_goal_targets'
成功加载长度 10: 26 个图案。
初始化完成：内存中可用长度 -> [10]
[font-pattern][train] env_rank=63/199, length=10, name=I
Traceback (most recent call last):
  File "/home/wangdx_lab/cse12211818/.conda/envs/swE2/lib/python3.9/multiprocessing/process.py", line 315, in _bootstrap
    self.run()
  File "/home/wangdx_lab/cse12211818/.conda/envs/swE2/lib/python3.9/multiprocessing/process.py", line 108, in run
    self._target(*self._args, **self._kwargs)
  File "/home/wangdx_lab/cse12211818/MAPPO/envs/env_wrappers.py", line 142, in worker
    env = env_fn_wrapper.x()
  File "/home/wangdx_lab/cse12211818/MAPPO/train.py", line 32, in init_env
    env = DiscreteActionEnv(all_args)
  File "/home/wangdx_lab/cse12211818/MAPPO/envs/env_discrete.py", line 37, in __init__
    self.env = EnvCore(all_args)
  File "/home/wangdx_lab/cse12211818/MAPPO/envs/env_core.py", line 199, in __init__
    self.dynamic_slot_m = max(1, min(sc, self.num_goal_targets))
AttributeError: 'EnvCore' object has no attribute 'num_goal_targets'
成功加载长度 10: 26 个图案。
初始化完成：内存中可用长度 -> [10]
[font-pattern][train] env_rank=64/199, length=10, name=J
Gym has been unmaintained since 2022 and does not support NumPy 2.0 amongst other critical functionality.
Please upgrade to Gymnasium, the maintained drop-in replacement of Gym, or contact the authors of your software and request that they upgrade.
Users of this version of Gym should be able to simply replace 'import gym' with 'import gymnasium as gym' in the vast majority of cases.
See the migration guide at https://gymnasium.farama.org/introduction/migration_guide/ for additional information.
Gym has been unmaintained since 2022 and does not support NumPy 2.0 amongst other critical functionality.
Please upgrade to Gymnasium, the maintained drop-in replacement of Gym, or contact the authors of your software and request that they upgrade.
Users of this version of Gym should be able to simply replace 'import gym' with 'import gymnasium as gym' in the vast majority of cases.
See the migration guide at https://gymnasium.farama.org/introduction/migration_guide/ for additional information.
Traceback (most recent call last):
  File "/home/wangdx_lab/cse12211818/.conda/envs/swE2/lib/python3.9/multiprocessing/process.py", line 315, in _bootstrap
    self.run()
  File "/home/wangdx_lab/cse12211818/.conda/envs/swE2/lib/python3.9/multiprocessing/process.py", line 108, in run
    self._target(*self._args, **self._kwargs)
  File "/home/wangdx_lab/cse12211818/MAPPO/envs/env_wrappers.py", line 142, in worker
    env = env_fn_wrapper.x()
  File "/home/wangdx_lab/cse12211818/MAPPO/train.py", line 32, in init_env
    env = DiscreteActionEnv(all_args)
  File "/home/wangdx_lab/cse12211818/MAPPO/envs/env_discrete.py", line 37, in __init__
    self.env = EnvCore(all_args)
  File "/home/wangdx_lab/cse12211818/MAPPO/envs/env_core.py", line 199, in __init__
    self.dynamic_slot_m = max(1, min(sc, self.num_goal_targets))
AttributeError: 'EnvCore' object has no attribute 'num_goal_targets'
成功加载长度 10: 26 个图案。
初始化完成：内存中可用长度 -> [10]
[font-pattern][train] env_rank=65/199, length=10, name=K
Gym has been unmaintained since 2022 and does not support NumPy 2.0 amongst other critical functionality.
Please upgrade to Gymnasium, the maintained drop-in replacement of Gym, or contact the authors of your software and request that they upgrade.
Users of this version of Gym should be able to simply replace 'import gym' with 'import gymnasium as gym' in the vast majority of cases.
See the migration guide at https://gymnasium.farama.org/introduction/migration_guide/ for additional information.
Gym has been unmaintained since 2022 and does not support NumPy 2.0 amongst other critical functionality.
Please upgrade to Gymnasium, the maintained drop-in replacement of Gym, or contact the authors of your software and request that they upgrade.
Users of this version of Gym should be able to simply replace 'import gym' with 'import gymnasium as gym' in the vast majority of cases.
See the migration guide at https://gymnasium.farama.org/introduction/migration_guide/ for additional information.
Process Process-68:
Process Process-67:
Traceback (most recent call last):
  File "/home/wangdx_lab/cse12211818/.conda/envs/swE2/lib/python3.9/multiprocessing/process.py", line 315, in _bootstrap
    self.run()
  File "/home/wangdx_lab/cse12211818/.conda/envs/swE2/lib/python3.9/multiprocessing/process.py", line 108, in run
    self._target(*self._args, **self._kwargs)
  File "/home/wangdx_lab/cse12211818/MAPPO/envs/env_wrappers.py", line 142, in worker
    env = env_fn_wrapper.x()
  File "/home/wangdx_lab/cse12211818/MAPPO/train.py", line 32, in init_env
    env = DiscreteActionEnv(all_args)
  File "/home/wangdx_lab/cse12211818/MAPPO/envs/env_discrete.py", line 37, in __init__
    self.env = EnvCore(all_args)
  File "/home/wangdx_lab/cse12211818/MAPPO/envs/env_core.py", line 199, in __init__
    self.dynamic_slot_m = max(1, min(sc, self.num_goal_targets))
AttributeError: 'EnvCore' object has no attribute 'num_goal_targets'
成功加载长度 10: 26 个图案。
初始化完成：内存中可用长度 -> [10]
[font-pattern][train] env_rank=67/199, length=10, name=M
Traceback (most recent call last):
  File "/home/wangdx_lab/cse12211818/.conda/envs/swE2/lib/python3.9/multiprocessing/process.py", line 315, in _bootstrap
    self.run()
  File "/home/wangdx_lab/cse12211818/.conda/envs/swE2/lib/python3.9/multiprocessing/process.py", line 108, in run
    self._target(*self._args, **self._kwargs)
  File "/home/wangdx_lab/cse12211818/MAPPO/envs/env_wrappers.py", line 142, in worker
    env = env_fn_wrapper.x()
  File "/home/wangdx_lab/cse12211818/MAPPO/train.py", line 32, in init_env
    env = DiscreteActionEnv(all_args)
  File "/home/wangdx_lab/cse12211818/MAPPO/envs/env_discrete.py", line 37, in __init__
    self.env = EnvCore(all_args)
  File "/home/wangdx_lab/cse12211818/MAPPO/envs/env_core.py", line 199, in __init__
    self.dynamic_slot_m = max(1, min(sc, self.num_goal_targets))
AttributeError: 'EnvCore' object has no attribute 'num_goal_targets'
成功加载长度 10: 26 个图案。
初始化完成：内存中可用长度 -> [10]
[font-pattern][train] env_rank=66/199, length=10, name=L
Process Process-69:
Process Process-70:
Gym has been unmaintained since 2022 and does not support NumPy 2.0 amongst other critical functionality.
Please upgrade to Gymnasium, the maintained drop-in replacement of Gym, or contact the authors of your software and request that they upgrade.
Users of this version of Gym should be able to simply replace 'import gym' with 'import gymnasium as gym' in the vast majority of cases.
See the migration guide at https://gymnasium.farama.org/introduction/migration_guide/ for additional information.
Traceback (most recent call last):
  File "/home/wangdx_lab/cse12211818/.conda/envs/swE2/lib/python3.9/multiprocessing/process.py", line 315, in _bootstrap
    self.run()
  File "/home/wangdx_lab/cse12211818/.conda/envs/swE2/lib/python3.9/multiprocessing/process.py", line 108, in run
    self._target(*self._args, **self._kwargs)
  File "/home/wangdx_lab/cse12211818/MAPPO/envs/env_wrappers.py", line 142, in worker
    env = env_fn_wrapper.x()
  File "/home/wangdx_lab/cse12211818/MAPPO/train.py", line 32, in init_env
    env = DiscreteActionEnv(all_args)
  File "/home/wangdx_lab/cse12211818/MAPPO/envs/env_discrete.py", line 37, in __init__
    self.env = EnvCore(all_args)
  File "/home/wangdx_lab/cse12211818/MAPPO/envs/env_core.py", line 199, in __init__
    self.dynamic_slot_m = max(1, min(sc, self.num_goal_targets))
AttributeError: 'EnvCore' object has no attribute 'num_goal_targets'
成功加载长度 10: 26 个图案。
初始化完成：内存中可用长度 -> [10]
[font-pattern][train] env_rank=68/199, length=10, name=N
Traceback (most recent call last):
  File "/home/wangdx_lab/cse12211818/.conda/envs/swE2/lib/python3.9/multiprocessing/process.py", line 315, in _bootstrap
    self.run()
  File "/home/wangdx_lab/cse12211818/.conda/envs/swE2/lib/python3.9/multiprocessing/process.py", line 108, in run
    self._target(*self._args, **self._kwargs)
  File "/home/wangdx_lab/cse12211818/MAPPO/envs/env_wrappers.py", line 142, in worker
    env = env_fn_wrapper.x()
  File "/home/wangdx_lab/cse12211818/MAPPO/train.py", line 32, in init_env
    env = DiscreteActionEnv(all_args)
  File "/home/wangdx_lab/cse12211818/MAPPO/envs/env_discrete.py", line 37, in __init__
    self.env = EnvCore(all_args)
  File "/home/wangdx_lab/cse12211818/MAPPO/envs/env_core.py", line 199, in __init__
    self.dynamic_slot_m = max(1, min(sc, self.num_goal_targets))
AttributeError: 'EnvCore' object has no attribute 'num_goal_targets'
成功加载长度 10: 26 个图案。
初始化完成：内存中可用长度 -> [10]
[font-pattern][train] env_rank=69/199, length=10, name=O
Gym has been unmaintained since 2022 and does not support NumPy 2.0 amongst other critical functionality.
Please upgrade to Gymnasium, the maintained drop-in replacement of Gym, or contact the authors of your software and request that they upgrade.
Users of this version of Gym should be able to simply replace 'import gym' with 'import gymnasium as gym' in the vast majority of cases.
See the migration guide at https://gymnasium.farama.org/introduction/migration_guide/ for additional information.
Gym has been unmaintained since 2022 and does not support NumPy 2.0 amongst other critical functionality.
Please upgrade to Gymnasium, the maintained drop-in replacement of Gym, or contact the authors of your software and request that they upgrade.
Users of this version of Gym should be able to simply replace 'import gym' with 'import gymnasium as gym' in the vast majority of cases.
See the migration guide at https://gymnasium.farama.org/introduction/migration_guide/ for additional information.
Process Process-72:
Traceback (most recent call last):
  File "/home/wangdx_lab/cse12211818/.conda/envs/swE2/lib/python3.9/multiprocessing/process.py", line 315, in _bootstrap
    self.run()
  File "/home/wangdx_lab/cse12211818/.conda/envs/swE2/lib/python3.9/multiprocessing/process.py", line 108, in run
    self._target(*self._args, **self._kwargs)
  File "/home/wangdx_lab/cse12211818/MAPPO/envs/env_wrappers.py", line 142, in worker
    env = env_fn_wrapper.x()
  File "/home/wangdx_lab/cse12211818/MAPPO/train.py", line 32, in init_env
    env = DiscreteActionEnv(all_args)
  File "/home/wangdx_lab/cse12211818/MAPPO/envs/env_discrete.py", line 37, in __init__
    self.env = EnvCore(all_args)
  File "/home/wangdx_lab/cse12211818/MAPPO/envs/env_core.py", line 199, in __init__
    self.dynamic_slot_m = max(1, min(sc, self.num_goal_targets))
AttributeError: 'EnvCore' object has no attribute 'num_goal_targets'
成功加载长度 10: 26 个图案。
初始化完成：内存中可用长度 -> [10]
[font-pattern][train] env_rank=71/199, length=10, name=Q
Process Process-71:
Traceback (most recent call last):
  File "/home/wangdx_lab/cse12211818/.conda/envs/swE2/lib/python3.9/multiprocessing/process.py", line 315, in _bootstrap
    self.run()
  File "/home/wangdx_lab/cse12211818/.conda/envs/swE2/lib/python3.9/multiprocessing/process.py", line 108, in run
    self._target(*self._args, **self._kwargs)
  File "/home/wangdx_lab/cse12211818/MAPPO/envs/env_wrappers.py", line 142, in worker
    env = env_fn_wrapper.x()
  File "/home/wangdx_lab/cse12211818/MAPPO/train.py", line 32, in init_env
    env = DiscreteActionEnv(all_args)
  File "/home/wangdx_lab/cse12211818/MAPPO/envs/env_discrete.py", line 37, in __init__
    self.env = EnvCore(all_args)
  File "/home/wangdx_lab/cse12211818/MAPPO/envs/env_core.py", line 199, in __init__
    self.dynamic_slot_m = max(1, min(sc, self.num_goal_targets))
AttributeError: 'EnvCore' object has no attribute 'num_goal_targets'
成功加载长度 10: 26 个图案。
初始化完成：内存中可用长度 -> [10]
[font-pattern][train] env_rank=70/199, length=10, name=P
Gym has been unmaintained since 2022 and does not support NumPy 2.0 amongst other critical functionality.
Please upgrade to Gymnasium, the maintained drop-in replacement of Gym, or contact the authors of your software and request that they upgrade.
Users of this version of Gym should be able to simply replace 'import gym' with 'import gymnasium as gym' in the vast majority of cases.
See the migration guide at https://gymnasium.farama.org/introduction/migration_guide/ for additional information.
Process Process-73:
Traceback (most recent call last):
  File "/home/wangdx_lab/cse12211818/.conda/envs/swE2/lib/python3.9/multiprocessing/process.py", line 315, in _bootstrap
    self.run()
  File "/home/wangdx_lab/cse12211818/.conda/envs/swE2/lib/python3.9/multiprocessing/process.py", line 108, in run
    self._target(*self._args, **self._kwargs)
  File "/home/wangdx_lab/cse12211818/MAPPO/envs/env_wrappers.py", line 142, in worker
    env = env_fn_wrapper.x()
  File "/home/wangdx_lab/cse12211818/MAPPO/train.py", line 32, in init_env
    env = DiscreteActionEnv(all_args)
  File "/home/wangdx_lab/cse12211818/MAPPO/envs/env_discrete.py", line 37, in __init__
    self.env = EnvCore(all_args)
  File "/home/wangdx_lab/cse12211818/MAPPO/envs/env_core.py", line 199, in __init__
    self.dynamic_slot_m = max(1, min(sc, self.num_goal_targets))
AttributeError: 'EnvCore' object has no attribute 'num_goal_targets'
成功加载长度 10: 26 个图案。
初始化完成：内存中可用长度 -> [10]
[font-pattern][train] env_rank=72/199, length=10, name=R
Gym has been unmaintained since 2022 and does not support NumPy 2.0 amongst other critical functionality.
Please upgrade to Gymnasium, the maintained drop-in replacement of Gym, or contact the authors of your software and request that they upgrade.
Users of this version of Gym should be able to simply replace 'import gym' with 'import gymnasium as gym' in the vast majority of cases.
See the migration guide at https://gymnasium.farama.org/introduction/migration_guide/ for additional information.
Gym has been unmaintained since 2022 and does not support NumPy 2.0 amongst other critical functionality.
Please upgrade to Gymnasium, the maintained drop-in replacement of Gym, or contact the authors of your software and request that they upgrade.
Users of this version of Gym should be able to simply replace 'import gym' with 'import gymnasium as gym' in the vast majority of cases.
See the migration guide at https://gymnasium.farama.org/introduction/migration_guide/ for additional information.
Gym has been unmaintained since 2022 and does not support NumPy 2.0 amongst other critical functionality.
Please upgrade to Gymnasium, the maintained drop-in replacement of Gym, or contact the authors of your software and request that they upgrade.
Users of this version of Gym should be able to simply replace 'import gym' with 'import gymnasium as gym' in the vast majority of cases.
See the migration guide at https://gymnasium.farama.org/introduction/migration_guide/ for additional information.
Process Process-74:
Traceback (most recent call last):
  File "/home/wangdx_lab/cse12211818/.conda/envs/swE2/lib/python3.9/multiprocessing/process.py", line 315, in _bootstrap
    self.run()
  File "/home/wangdx_lab/cse12211818/.conda/envs/swE2/lib/python3.9/multiprocessing/process.py", line 108, in run
    self._target(*self._args, **self._kwargs)
  File "/home/wangdx_lab/cse12211818/MAPPO/envs/env_wrappers.py", line 142, in worker
    env = env_fn_wrapper.x()
  File "/home/wangdx_lab/cse12211818/MAPPO/train.py", line 32, in init_env
    env = DiscreteActionEnv(all_args)
  File "/home/wangdx_lab/cse12211818/MAPPO/envs/env_discrete.py", line 37, in __init__
    self.env = EnvCore(all_args)
  File "/home/wangdx_lab/cse12211818/MAPPO/envs/env_core.py", line 199, in __init__
    self.dynamic_slot_m = max(1, min(sc, self.num_goal_targets))
AttributeError: 'EnvCore' object has no attribute 'num_goal_targets'
成功加载长度 10: 26 个图案。
初始化完成：内存中可用长度 -> [10]
[font-pattern][train] env_rank=73/199, length=10, name=V
Process Process-77:
Process Process-76:
Process Process-75:
Traceback (most recent call last):
  File "/home/wangdx_lab/cse12211818/.conda/envs/swE2/lib/python3.9/multiprocessing/process.py", line 315, in _bootstrap
    self.run()
  File "/home/wangdx_lab/cse12211818/.conda/envs/swE2/lib/python3.9/multiprocessing/process.py", line 108, in run
    self._target(*self._args, **self._kwargs)
  File "/home/wangdx_lab/cse12211818/MAPPO/envs/env_wrappers.py", line 142, in worker
    env = env_fn_wrapper.x()
  File "/home/wangdx_lab/cse12211818/MAPPO/train.py", line 32, in init_env
    env = DiscreteActionEnv(all_args)
  File "/home/wangdx_lab/cse12211818/MAPPO/envs/env_discrete.py", line 37, in __init__
    self.env = EnvCore(all_args)
  File "/home/wangdx_lab/cse12211818/MAPPO/envs/env_core.py", line 199, in __init__
    self.dynamic_slot_m = max(1, min(sc, self.num_goal_targets))
AttributeError: 'EnvCore' object has no attribute 'num_goal_targets'
成功加载长度 10: 26 个图案。
初始化完成：内存中可用长度 -> [10]
[font-pattern][train] env_rank=76/199, length=10, name=Y
Traceback (most recent call last):
  File "/home/wangdx_lab/cse12211818/.conda/envs/swE2/lib/python3.9/multiprocessing/process.py", line 315, in _bootstrap
    self.run()
  File "/home/wangdx_lab/cse12211818/.conda/envs/swE2/lib/python3.9/multiprocessing/process.py", line 108, in run
    self._target(*self._args, **self._kwargs)
  File "/home/wangdx_lab/cse12211818/MAPPO/envs/env_wrappers.py", line 142, in worker
    env = env_fn_wrapper.x()
  File "/home/wangdx_lab/cse12211818/MAPPO/train.py", line 32, in init_env
    env = DiscreteActionEnv(all_args)
  File "/home/wangdx_lab/cse12211818/MAPPO/envs/env_discrete.py", line 37, in __init__
    self.env = EnvCore(all_args)
  File "/home/wangdx_lab/cse12211818/MAPPO/envs/env_core.py", line 199, in __init__
    self.dynamic_slot_m = max(1, min(sc, self.num_goal_targets))
AttributeError: 'EnvCore' object has no attribute 'num_goal_targets'
成功加载长度 10: 26 个图案。
初始化完成：内存中可用长度 -> [10]
[font-pattern][train] env_rank=75/199, length=10, name=X
Traceback (most recent call last):
  File "/home/wangdx_lab/cse12211818/.conda/envs/swE2/lib/python3.9/multiprocessing/process.py", line 315, in _bootstrap
    self.run()
  File "/home/wangdx_lab/cse12211818/.conda/envs/swE2/lib/python3.9/multiprocessing/process.py", line 108, in run
    self._target(*self._args, **self._kwargs)
  File "/home/wangdx_lab/cse12211818/MAPPO/envs/env_wrappers.py", line 142, in worker
    env = env_fn_wrapper.x()
  File "/home/wangdx_lab/cse12211818/MAPPO/train.py", line 32, in init_env
    env = DiscreteActionEnv(all_args)
  File "/home/wangdx_lab/cse12211818/MAPPO/envs/env_discrete.py", line 37, in __init__
    self.env = EnvCore(all_args)
  File "/home/wangdx_lab/cse12211818/MAPPO/envs/env_core.py", line 199, in __init__
    self.dynamic_slot_m = max(1, min(sc, self.num_goal_targets))
AttributeError: 'EnvCore' object has no attribute 'num_goal_targets'
成功加载长度 10: 26 个图案。
初始化完成：内存中可用长度 -> [10]
[font-pattern][train] env_rank=74/199, length=10, name=W
Gym has been unmaintained since 2022 and does not support NumPy 2.0 amongst other critical functionality.
Please upgrade to Gymnasium, the maintained drop-in replacement of Gym, or contact the authors of your software and request that they upgrade.
Users of this version of Gym should be able to simply replace 'import gym' with 'import gymnasium as gym' in the vast majority of cases.
See the migration guide at https://gymnasium.farama.org/introduction/migration_guide/ for additional information.
Gym has been unmaintained since 2022 and does not support NumPy 2.0 amongst other critical functionality.
Please upgrade to Gymnasium, the maintained drop-in replacement of Gym, or contact the authors of your software and request that they upgrade.
Users of this version of Gym should be able to simply replace 'import gym' with 'import gymnasium as gym' in the vast majority of cases.
See the migration guide at https://gymnasium.farama.org/introduction/migration_guide/ for additional information.
Gym has been unmaintained since 2022 and does not support NumPy 2.0 amongst other critical functionality.
Please upgrade to Gymnasium, the maintained drop-in replacement of Gym, or contact the authors of your software and request that they upgrade.
Users of this version of Gym should be able to simply replace 'import gym' with 'import gymnasium as gym' in the vast majority of cases.
See the migration guide at https://gymnasium.farama.org/introduction/migration_guide/ for additional information.
Gym has been unmaintained since 2022 and does not support NumPy 2.0 amongst other critical functionality.
Please upgrade to Gymnasium, the maintained drop-in replacement of Gym, or contact the authors of your software and request that they upgrade.
Users of this version of Gym should be able to simply replace 'import gym' with 'import gymnasium as gym' in the vast majority of cases.
See the migration guide at https://gymnasium.farama.org/introduction/migration_guide/ for additional information.
Gym has been unmaintained since 2022 and does not support NumPy 2.0 amongst other critical functionality.
Please upgrade to Gymnasium, the maintained drop-in replacement of Gym, or contact the authors of your software and request that they upgrade.
Users of this version of Gym should be able to simply replace 'import gym' with 'import gymnasium as gym' in the vast majority of cases.
See the migration guide at https://gymnasium.farama.org/introduction/migration_guide/ for additional information.
Process Process-79:
Process Process-78:
Traceback (most recent call last):
  File "/home/wangdx_lab/cse12211818/.conda/envs/swE2/lib/python3.9/multiprocessing/process.py", line 315, in _bootstrap
    self.run()
  File "/home/wangdx_lab/cse12211818/.conda/envs/swE2/lib/python3.9/multiprocessing/process.py", line 108, in run
    self._target(*self._args, **self._kwargs)
  File "/home/wangdx_lab/cse12211818/MAPPO/envs/env_wrappers.py", line 142, in worker
    env = env_fn_wrapper.x()
  File "/home/wangdx_lab/cse12211818/MAPPO/train.py", line 32, in init_env
    env = DiscreteActionEnv(all_args)
  File "/home/wangdx_lab/cse12211818/MAPPO/envs/env_discrete.py", line 37, in __init__
    self.env = EnvCore(all_args)
  File "/home/wangdx_lab/cse12211818/MAPPO/envs/env_core.py", line 199, in __init__
    self.dynamic_slot_m = max(1, min(sc, self.num_goal_targets))
AttributeError: 'EnvCore' object has no attribute 'num_goal_targets'
成功加载长度 10: 26 个图案。
初始化完成：内存中可用长度 -> [10]
[font-pattern][train] env_rank=78/199, length=10, name=U
Traceback (most recent call last):
  File "/home/wangdx_lab/cse12211818/.conda/envs/swE2/lib/python3.9/multiprocessing/process.py", line 315, in _bootstrap
    self.run()
  File "/home/wangdx_lab/cse12211818/.conda/envs/swE2/lib/python3.9/multiprocessing/process.py", line 108, in run
    self._target(*self._args, **self._kwargs)
  File "/home/wangdx_lab/cse12211818/MAPPO/envs/env_wrappers.py", line 142, in worker
    env = env_fn_wrapper.x()
  File "/home/wangdx_lab/cse12211818/MAPPO/train.py", line 32, in init_env
    env = DiscreteActionEnv(all_args)
  File "/home/wangdx_lab/cse12211818/MAPPO/envs/env_discrete.py", line 37, in __init__
    self.env = EnvCore(all_args)
  File "/home/wangdx_lab/cse12211818/MAPPO/envs/env_core.py", line 199, in __init__
    self.dynamic_slot_m = max(1, min(sc, self.num_goal_targets))
AttributeError: 'EnvCore' object has no attribute 'num_goal_targets'
成功加载长度 10: 26 个图案。
初始化完成：内存中可用长度 -> [10]
[font-pattern][train] env_rank=77/199, length=10, name=Z
Process Process-80:
Process Process-82:
Process Process-81:
Gym has been unmaintained since 2022 and does not support NumPy 2.0 amongst other critical functionality.
Please upgrade to Gymnasium, the maintained drop-in replacement of Gym, or contact the authors of your software and request that they upgrade.
Users of this version of Gym should be able to simply replace 'import gym' with 'import gymnasium as gym' in the vast majority of cases.
See the migration guide at https://gymnasium.farama.org/introduction/migration_guide/ for additional information.
Gym has been unmaintained since 2022 and does not support NumPy 2.0 amongst other critical functionality.
Please upgrade to Gymnasium, the maintained drop-in replacement of Gym, or contact the authors of your software and request that they upgrade.
Users of this version of Gym should be able to simply replace 'import gym' with 'import gymnasium as gym' in the vast majority of cases.
See the migration guide at https://gymnasium.farama.org/introduction/migration_guide/ for additional information.
Gym has been unmaintained since 2022 and does not support NumPy 2.0 amongst other critical functionality.
Please upgrade to Gymnasium, the maintained drop-in replacement of Gym, or contact the authors of your software and request that they upgrade.
Users of this version of Gym should be able to simply replace 'import gym' with 'import gymnasium as gym' in the vast majority of cases.
See the migration guide at https://gymnasium.farama.org/introduction/migration_guide/ for additional information.
Traceback (most recent call last):
  File "/home/wangdx_lab/cse12211818/.conda/envs/swE2/lib/python3.9/multiprocessing/process.py", line 315, in _bootstrap
    self.run()
  File "/home/wangdx_lab/cse12211818/.conda/envs/swE2/lib/python3.9/multiprocessing/process.py", line 108, in run
    self._target(*self._args, **self._kwargs)
  File "/home/wangdx_lab/cse12211818/MAPPO/envs/env_wrappers.py", line 142, in worker
    env = env_fn_wrapper.x()
  File "/home/wangdx_lab/cse12211818/MAPPO/train.py", line 32, in init_env
    env = DiscreteActionEnv(all_args)
  File "/home/wangdx_lab/cse12211818/MAPPO/envs/env_discrete.py", line 37, in __init__
    self.env = EnvCore(all_args)
  File "/home/wangdx_lab/cse12211818/MAPPO/envs/env_core.py", line 199, in __init__
    self.dynamic_slot_m = max(1, min(sc, self.num_goal_targets))
AttributeError: 'EnvCore' object has no attribute 'num_goal_targets'
成功加载长度 10: 26 个图案。
初始化完成：内存中可用长度 -> [10]
[font-pattern][train] env_rank=80/199, length=10, name=E
Traceback (most recent call last):
  File "/home/wangdx_lab/cse12211818/.conda/envs/swE2/lib/python3.9/multiprocessing/process.py", line 315, in _bootstrap
    self.run()
  File "/home/wangdx_lab/cse12211818/.conda/envs/swE2/lib/python3.9/multiprocessing/process.py", line 108, in run
    self._target(*self._args, **self._kwargs)
  File "/home/wangdx_lab/cse12211818/MAPPO/envs/env_wrappers.py", line 142, in worker
    env = env_fn_wrapper.x()
  File "/home/wangdx_lab/cse12211818/MAPPO/train.py", line 32, in init_env
    env = DiscreteActionEnv(all_args)
  File "/home/wangdx_lab/cse12211818/MAPPO/envs/env_discrete.py", line 37, in __init__
    self.env = EnvCore(all_args)
  File "/home/wangdx_lab/cse12211818/MAPPO/envs/env_core.py", line 199, in __init__
    self.dynamic_slot_m = max(1, min(sc, self.num_goal_targets))
AttributeError: 'EnvCore' object has no attribute 'num_goal_targets'
成功加载长度 10: 26 个图案。
初始化完成：内存中可用长度 -> [10]
[font-pattern][train] env_rank=79/199, length=10, name=T
Traceback (most recent call last):
  File "/home/wangdx_lab/cse12211818/.conda/envs/swE2/lib/python3.9/multiprocessing/process.py", line 315, in _bootstrap
    self.run()
  File "/home/wangdx_lab/cse12211818/.conda/envs/swE2/lib/python3.9/multiprocessing/process.py", line 108, in run
    self._target(*self._args, **self._kwargs)
  File "/home/wangdx_lab/cse12211818/MAPPO/envs/env_wrappers.py", line 142, in worker
    env = env_fn_wrapper.x()
  File "/home/wangdx_lab/cse12211818/MAPPO/train.py", line 32, in init_env
    env = DiscreteActionEnv(all_args)
  File "/home/wangdx_lab/cse12211818/MAPPO/envs/env_discrete.py", line 37, in __init__
    self.env = EnvCore(all_args)
  File "/home/wangdx_lab/cse12211818/MAPPO/envs/env_core.py", line 199, in __init__
    self.dynamic_slot_m = max(1, min(sc, self.num_goal_targets))
AttributeError: 'EnvCore' object has no attribute 'num_goal_targets'
成功加载长度 10: 26 个图案。
初始化完成：内存中可用长度 -> [10]
[font-pattern][train] env_rank=81/199, length=10, name=C
Process Process-84:
Process Process-83:
Process Process-85:
Traceback (most recent call last):
  File "/home/wangdx_lab/cse12211818/.conda/envs/swE2/lib/python3.9/multiprocessing/process.py", line 315, in _bootstrap
    self.run()
  File "/home/wangdx_lab/cse12211818/.conda/envs/swE2/lib/python3.9/multiprocessing/process.py", line 108, in run
    self._target(*self._args, **self._kwargs)
  File "/home/wangdx_lab/cse12211818/MAPPO/envs/env_wrappers.py", line 142, in worker
    env = env_fn_wrapper.x()
  File "/home/wangdx_lab/cse12211818/MAPPO/train.py", line 32, in init_env
    env = DiscreteActionEnv(all_args)
  File "/home/wangdx_lab/cse12211818/MAPPO/envs/env_discrete.py", line 37, in __init__
    self.env = EnvCore(all_args)
  File "/home/wangdx_lab/cse12211818/MAPPO/envs/env_core.py", line 199, in __init__
    self.dynamic_slot_m = max(1, min(sc, self.num_goal_targets))
AttributeError: 'EnvCore' object has no attribute 'num_goal_targets'
成功加载长度 10: 26 个图案。
初始化完成：内存中可用长度 -> [10]
[font-pattern][train] env_rank=82/199, length=10, name=S
Traceback (most recent call last):
  File "/home/wangdx_lab/cse12211818/.conda/envs/swE2/lib/python3.9/multiprocessing/process.py", line 315, in _bootstrap
    self.run()
  File "/home/wangdx_lab/cse12211818/.conda/envs/swE2/lib/python3.9/multiprocessing/process.py", line 108, in run
    self._target(*self._args, **self._kwargs)
  File "/home/wangdx_lab/cse12211818/MAPPO/envs/env_wrappers.py", line 142, in worker
    env = env_fn_wrapper.x()
  File "/home/wangdx_lab/cse12211818/MAPPO/train.py", line 32, in init_env
    env = DiscreteActionEnv(all_args)
  File "/home/wangdx_lab/cse12211818/MAPPO/envs/env_discrete.py", line 37, in __init__
    self.env = EnvCore(all_args)
  File "/home/wangdx_lab/cse12211818/MAPPO/envs/env_core.py", line 199, in __init__
    self.dynamic_slot_m = max(1, min(sc, self.num_goal_targets))
AttributeError: 'EnvCore' object has no attribute 'num_goal_targets'
成功加载长度 10: 26 个图案。
初始化完成：内存中可用长度 -> [10]
[font-pattern][train] env_rank=83/199, length=10, name=H
Gym has been unmaintained since 2022 and does not support NumPy 2.0 amongst other critical functionality.
Please upgrade to Gymnasium, the maintained drop-in replacement of Gym, or contact the authors of your software and request that they upgrade.
Users of this version of Gym should be able to simply replace 'import gym' with 'import gymnasium as gym' in the vast majority of cases.
See the migration guide at https://gymnasium.farama.org/introduction/migration_guide/ for additional information.
Gym has been unmaintained since 2022 and does not support NumPy 2.0 amongst other critical functionality.
Please upgrade to Gymnasium, the maintained drop-in replacement of Gym, or contact the authors of your software and request that they upgrade.
Users of this version of Gym should be able to simply replace 'import gym' with 'import gymnasium as gym' in the vast majority of cases.
See the migration guide at https://gymnasium.farama.org/introduction/migration_guide/ for additional information.
Traceback (most recent call last):
  File "/home/wangdx_lab/cse12211818/.conda/envs/swE2/lib/python3.9/multiprocessing/process.py", line 315, in _bootstrap
    self.run()
  File "/home/wangdx_lab/cse12211818/.conda/envs/swE2/lib/python3.9/multiprocessing/process.py", line 108, in run
    self._target(*self._args, **self._kwargs)
  File "/home/wangdx_lab/cse12211818/MAPPO/envs/env_wrappers.py", line 142, in worker
    env = env_fn_wrapper.x()
  File "/home/wangdx_lab/cse12211818/MAPPO/train.py", line 32, in init_env
    env = DiscreteActionEnv(all_args)
  File "/home/wangdx_lab/cse12211818/MAPPO/envs/env_discrete.py", line 37, in __init__
    self.env = EnvCore(all_args)
  File "/home/wangdx_lab/cse12211818/MAPPO/envs/env_core.py", line 199, in __init__
    self.dynamic_slot_m = max(1, min(sc, self.num_goal_targets))
AttributeError: 'EnvCore' object has no attribute 'num_goal_targets'
成功加载长度 10: 26 个图案。
初始化完成：内存中可用长度 -> [10]
[font-pattern][train] env_rank=84/199, length=10, name=A
Gym has been unmaintained since 2022 and does not support NumPy 2.0 amongst other critical functionality.
Please upgrade to Gymnasium, the maintained drop-in replacement of Gym, or contact the authors of your software and request that they upgrade.
Users of this version of Gym should be able to simply replace 'import gym' with 'import gymnasium as gym' in the vast majority of cases.
See the migration guide at https://gymnasium.farama.org/introduction/migration_guide/ for additional information.
Process Process-88:
Process Process-87:
Process Process-86:
Gym has been unmaintained since 2022 and does not support NumPy 2.0 amongst other critical functionality.
Please upgrade to Gymnasium, the maintained drop-in replacement of Gym, or contact the authors of your software and request that they upgrade.
Users of this version of Gym should be able to simply replace 'import gym' with 'import gymnasium as gym' in the vast majority of cases.
See the migration guide at https://gymnasium.farama.org/introduction/migration_guide/ for additional information.
Traceback (most recent call last):
  File "/home/wangdx_lab/cse12211818/.conda/envs/swE2/lib/python3.9/multiprocessing/process.py", line 315, in _bootstrap
    self.run()
  File "/home/wangdx_lab/cse12211818/.conda/envs/swE2/lib/python3.9/multiprocessing/process.py", line 108, in run
    self._target(*self._args, **self._kwargs)
  File "/home/wangdx_lab/cse12211818/MAPPO/envs/env_wrappers.py", line 142, in worker
    env = env_fn_wrapper.x()
  File "/home/wangdx_lab/cse12211818/MAPPO/train.py", line 32, in init_env
    env = DiscreteActionEnv(all_args)
  File "/home/wangdx_lab/cse12211818/MAPPO/envs/env_discrete.py", line 37, in __init__
    self.env = EnvCore(all_args)
  File "/home/wangdx_lab/cse12211818/MAPPO/envs/env_core.py", line 199, in __init__
    self.dynamic_slot_m = max(1, min(sc, self.num_goal_targets))
AttributeError: 'EnvCore' object has no attribute 'num_goal_targets'
成功加载长度 10: 26 个图案。
初始化完成：内存中可用长度 -> [10]
[font-pattern][train] env_rank=87/199, length=10, name=F
Traceback (most recent call last):
  File "/home/wangdx_lab/cse12211818/.conda/envs/swE2/lib/python3.9/multiprocessing/process.py", line 315, in _bootstrap
    self.run()
  File "/home/wangdx_lab/cse12211818/.conda/envs/swE2/lib/python3.9/multiprocessing/process.py", line 108, in run
    self._target(*self._args, **self._kwargs)
  File "/home/wangdx_lab/cse12211818/MAPPO/envs/env_wrappers.py", line 142, in worker
    env = env_fn_wrapper.x()
  File "/home/wangdx_lab/cse12211818/MAPPO/train.py", line 32, in init_env
    env = DiscreteActionEnv(all_args)
  File "/home/wangdx_lab/cse12211818/MAPPO/envs/env_discrete.py", line 37, in __init__
    self.env = EnvCore(all_args)
  File "/home/wangdx_lab/cse12211818/MAPPO/envs/env_core.py", line 199, in __init__
    self.dynamic_slot_m = max(1, min(sc, self.num_goal_targets))
AttributeError: 'EnvCore' object has no attribute 'num_goal_targets'
成功加载长度 10: 26 个图案。
初始化完成：内存中可用长度 -> [10]
[font-pattern][train] env_rank=86/199, length=10, name=D
Gym has been unmaintained since 2022 and does not support NumPy 2.0 amongst other critical functionality.
Please upgrade to Gymnasium, the maintained drop-in replacement of Gym, or contact the authors of your software and request that they upgrade.
Users of this version of Gym should be able to simply replace 'import gym' with 'import gymnasium as gym' in the vast majority of cases.
See the migration guide at https://gymnasium.farama.org/introduction/migration_guide/ for additional information.
Traceback (most recent call last):
  File "/home/wangdx_lab/cse12211818/.conda/envs/swE2/lib/python3.9/multiprocessing/process.py", line 315, in _bootstrap
    self.run()
  File "/home/wangdx_lab/cse12211818/.conda/envs/swE2/lib/python3.9/multiprocessing/process.py", line 108, in run
    self._target(*self._args, **self._kwargs)
  File "/home/wangdx_lab/cse12211818/MAPPO/envs/env_wrappers.py", line 142, in worker
    env = env_fn_wrapper.x()
  File "/home/wangdx_lab/cse12211818/MAPPO/train.py", line 32, in init_env
    env = DiscreteActionEnv(all_args)
  File "/home/wangdx_lab/cse12211818/MAPPO/envs/env_discrete.py", line 37, in __init__
    self.env = EnvCore(all_args)
  File "/home/wangdx_lab/cse12211818/MAPPO/envs/env_core.py", line 199, in __init__
    self.dynamic_slot_m = max(1, min(sc, self.num_goal_targets))
AttributeError: 'EnvCore' object has no attribute 'num_goal_targets'
成功加载长度 10: 26 个图案。
初始化完成：内存中可用长度 -> [10]
[font-pattern][train] env_rank=85/199, length=10, name=B
Process Process-89:
Process Process-90:
Gym has been unmaintained since 2022 and does not support NumPy 2.0 amongst other critical functionality.
Please upgrade to Gymnasium, the maintained drop-in replacement of Gym, or contact the authors of your software and request that they upgrade.
Users of this version of Gym should be able to simply replace 'import gym' with 'import gymnasium as gym' in the vast majority of cases.
See the migration guide at https://gymnasium.farama.org/introduction/migration_guide/ for additional information.
Traceback (most recent call last):
  File "/home/wangdx_lab/cse12211818/.conda/envs/swE2/lib/python3.9/multiprocessing/process.py", line 315, in _bootstrap
    self.run()
  File "/home/wangdx_lab/cse12211818/.conda/envs/swE2/lib/python3.9/multiprocessing/process.py", line 108, in run
    self._target(*self._args, **self._kwargs)
  File "/home/wangdx_lab/cse12211818/MAPPO/envs/env_wrappers.py", line 142, in worker
    env = env_fn_wrapper.x()
  File "/home/wangdx_lab/cse12211818/MAPPO/train.py", line 32, in init_env
    env = DiscreteActionEnv(all_args)
  File "/home/wangdx_lab/cse12211818/MAPPO/envs/env_discrete.py", line 37, in __init__
    self.env = EnvCore(all_args)
  File "/home/wangdx_lab/cse12211818/MAPPO/envs/env_core.py", line 199, in __init__
    self.dynamic_slot_m = max(1, min(sc, self.num_goal_targets))
AttributeError: 'EnvCore' object has no attribute 'num_goal_targets'
成功加载长度 10: 26 个图案。
初始化完成：内存中可用长度 -> [10]
[font-pattern][train] env_rank=89/199, length=10, name=I
Gym has been unmaintained since 2022 and does not support NumPy 2.0 amongst other critical functionality.
Please upgrade to Gymnasium, the maintained drop-in replacement of Gym, or contact the authors of your software and request that they upgrade.
Users of this version of Gym should be able to simply replace 'import gym' with 'import gymnasium as gym' in the vast majority of cases.
See the migration guide at https://gymnasium.farama.org/introduction/migration_guide/ for additional information.
Gym has been unmaintained since 2022 and does not support NumPy 2.0 amongst other critical functionality.
Please upgrade to Gymnasium, the maintained drop-in replacement of Gym, or contact the authors of your software and request that they upgrade.
Users of this version of Gym should be able to simply replace 'import gym' with 'import gymnasium as gym' in the vast majority of cases.
See the migration guide at https://gymnasium.farama.org/introduction/migration_guide/ for additional information.
Traceback (most recent call last):
  File "/home/wangdx_lab/cse12211818/.conda/envs/swE2/lib/python3.9/multiprocessing/process.py", line 315, in _bootstrap
    self.run()
  File "/home/wangdx_lab/cse12211818/.conda/envs/swE2/lib/python3.9/multiprocessing/process.py", line 108, in run
    self._target(*self._args, **self._kwargs)
  File "/home/wangdx_lab/cse12211818/MAPPO/envs/env_wrappers.py", line 142, in worker
    env = env_fn_wrapper.x()
  File "/home/wangdx_lab/cse12211818/MAPPO/train.py", line 32, in init_env
    env = DiscreteActionEnv(all_args)
  File "/home/wangdx_lab/cse12211818/MAPPO/envs/env_discrete.py", line 37, in __init__
    self.env = EnvCore(all_args)
  File "/home/wangdx_lab/cse12211818/MAPPO/envs/env_core.py", line 199, in __init__
    self.dynamic_slot_m = max(1, min(sc, self.num_goal_targets))
AttributeError: 'EnvCore' object has no attribute 'num_goal_targets'
成功加载长度 10: 26 个图案。
初始化完成：内存中可用长度 -> [10]
[font-pattern][train] env_rank=88/199, length=10, name=G
Process Process-92:
Process Process-93:
Process Process-91:
Traceback (most recent call last):
  File "/home/wangdx_lab/cse12211818/.conda/envs/swE2/lib/python3.9/multiprocessing/process.py", line 315, in _bootstrap
    self.run()
  File "/home/wangdx_lab/cse12211818/.conda/envs/swE2/lib/python3.9/multiprocessing/process.py", line 108, in run
    self._target(*self._args, **self._kwargs)
  File "/home/wangdx_lab/cse12211818/MAPPO/envs/env_wrappers.py", line 142, in worker
    env = env_fn_wrapper.x()
  File "/home/wangdx_lab/cse12211818/MAPPO/train.py", line 32, in init_env
    env = DiscreteActionEnv(all_args)
  File "/home/wangdx_lab/cse12211818/MAPPO/envs/env_discrete.py", line 37, in __init__
    self.env = EnvCore(all_args)
  File "/home/wangdx_lab/cse12211818/MAPPO/envs/env_core.py", line 199, in __init__
    self.dynamic_slot_m = max(1, min(sc, self.num_goal_targets))
AttributeError: 'EnvCore' object has no attribute 'num_goal_targets'
成功加载长度 10: 26 个图案。
初始化完成：内存中可用长度 -> [10]
[font-pattern][train] env_rank=90/199, length=10, name=J
Gym has been unmaintained since 2022 and does not support NumPy 2.0 amongst other critical functionality.
Please upgrade to Gymnasium, the maintained drop-in replacement of Gym, or contact the authors of your software and request that they upgrade.
Users of this version of Gym should be able to simply replace 'import gym' with 'import gymnasium as gym' in the vast majority of cases.
See the migration guide at https://gymnasium.farama.org/introduction/migration_guide/ for additional information.
Gym has been unmaintained since 2022 and does not support NumPy 2.0 amongst other critical functionality.
Please upgrade to Gymnasium, the maintained drop-in replacement of Gym, or contact the authors of your software and request that they upgrade.
Users of this version of Gym should be able to simply replace 'import gym' with 'import gymnasium as gym' in the vast majority of cases.
See the migration guide at https://gymnasium.farama.org/introduction/migration_guide/ for additional information.
Traceback (most recent call last):
  File "/home/wangdx_lab/cse12211818/.conda/envs/swE2/lib/python3.9/multiprocessing/process.py", line 315, in _bootstrap
    self.run()
  File "/home/wangdx_lab/cse12211818/.conda/envs/swE2/lib/python3.9/multiprocessing/process.py", line 108, in run
    self._target(*self._args, **self._kwargs)
  File "/home/wangdx_lab/cse12211818/MAPPO/envs/env_wrappers.py", line 142, in worker
    env = env_fn_wrapper.x()
  File "/home/wangdx_lab/cse12211818/MAPPO/train.py", line 32, in init_env
    env = DiscreteActionEnv(all_args)
  File "/home/wangdx_lab/cse12211818/MAPPO/envs/env_discrete.py", line 37, in __init__
    self.env = EnvCore(all_args)
  File "/home/wangdx_lab/cse12211818/MAPPO/envs/env_core.py", line 199, in __init__
    self.dynamic_slot_m = max(1, min(sc, self.num_goal_targets))
AttributeError: 'EnvCore' object has no attribute 'num_goal_targets'
成功加载长度 10: 26 个图案。
初始化完成：内存中可用长度 -> [10]
[font-pattern][train] env_rank=91/199, length=10, name=K
Traceback (most recent call last):
  File "/home/wangdx_lab/cse12211818/.conda/envs/swE2/lib/python3.9/multiprocessing/process.py", line 315, in _bootstrap
    self.run()
  File "/home/wangdx_lab/cse12211818/.conda/envs/swE2/lib/python3.9/multiprocessing/process.py", line 108, in run
    self._target(*self._args, **self._kwargs)
  File "/home/wangdx_lab/cse12211818/MAPPO/envs/env_wrappers.py", line 142, in worker
    env = env_fn_wrapper.x()
  File "/home/wangdx_lab/cse12211818/MAPPO/train.py", line 32, in init_env
    env = DiscreteActionEnv(all_args)
  File "/home/wangdx_lab/cse12211818/MAPPO/envs/env_discrete.py", line 37, in __init__
    self.env = EnvCore(all_args)
  File "/home/wangdx_lab/cse12211818/MAPPO/envs/env_core.py", line 199, in __init__
    self.dynamic_slot_m = max(1, min(sc, self.num_goal_targets))
AttributeError: 'EnvCore' object has no attribute 'num_goal_targets'
成功加载长度 10: 26 个图案。
初始化完成：内存中可用长度 -> [10]
[font-pattern][train] env_rank=92/199, length=10, name=L
Gym has been unmaintained since 2022 and does not support NumPy 2.0 amongst other critical functionality.
Please upgrade to Gymnasium, the maintained drop-in replacement of Gym, or contact the authors of your software and request that they upgrade.
Users of this version of Gym should be able to simply replace 'import gym' with 'import gymnasium as gym' in the vast majority of cases.
See the migration guide at https://gymnasium.farama.org/introduction/migration_guide/ for additional information.
Process Process-94:
Process Process-96:
Process Process-95:
Gym has been unmaintained since 2022 and does not support NumPy 2.0 amongst other critical functionality.
Please upgrade to Gymnasium, the maintained drop-in replacement of Gym, or contact the authors of your software and request that they upgrade.
Users of this version of Gym should be able to simply replace 'import gym' with 'import gymnasium as gym' in the vast majority of cases.
See the migration guide at https://gymnasium.farama.org/introduction/migration_guide/ for additional information.
Gym has been unmaintained since 2022 and does not support NumPy 2.0 amongst other critical functionality.
Please upgrade to Gymnasium, the maintained drop-in replacement of Gym, or contact the authors of your software and request that they upgrade.
Users of this version of Gym should be able to simply replace 'import gym' with 'import gymnasium as gym' in the vast majority of cases.
See the migration guide at https://gymnasium.farama.org/introduction/migration_guide/ for additional information.
Gym has been unmaintained since 2022 and does not support NumPy 2.0 amongst other critical functionality.
Please upgrade to Gymnasium, the maintained drop-in replacement of Gym, or contact the authors of your software and request that they upgrade.
Users of this version of Gym should be able to simply replace 'import gym' with 'import gymnasium as gym' in the vast majority of cases.
See the migration guide at https://gymnasium.farama.org/introduction/migration_guide/ for additional information.
Traceback (most recent call last):
  File "/home/wangdx_lab/cse12211818/.conda/envs/swE2/lib/python3.9/multiprocessing/process.py", line 315, in _bootstrap
    self.run()
  File "/home/wangdx_lab/cse12211818/.conda/envs/swE2/lib/python3.9/multiprocessing/process.py", line 108, in run
    self._target(*self._args, **self._kwargs)
  File "/home/wangdx_lab/cse12211818/MAPPO/envs/env_wrappers.py", line 142, in worker
    env = env_fn_wrapper.x()
  File "/home/wangdx_lab/cse12211818/MAPPO/train.py", line 32, in init_env
    env = DiscreteActionEnv(all_args)
  File "/home/wangdx_lab/cse12211818/MAPPO/envs/env_discrete.py", line 37, in __init__
    self.env = EnvCore(all_args)
  File "/home/wangdx_lab/cse12211818/MAPPO/envs/env_core.py", line 199, in __init__
    self.dynamic_slot_m = max(1, min(sc, self.num_goal_targets))
AttributeError: 'EnvCore' object has no attribute 'num_goal_targets'
成功加载长度 10: 26 个图案。
初始化完成：内存中可用长度 -> [10]
[font-pattern][train] env_rank=93/199, length=10, name=M
Traceback (most recent call last):
  File "/home/wangdx_lab/cse12211818/.conda/envs/swE2/lib/python3.9/multiprocessing/process.py", line 315, in _bootstrap
    self.run()
  File "/home/wangdx_lab/cse12211818/.conda/envs/swE2/lib/python3.9/multiprocessing/process.py", line 108, in run
    self._target(*self._args, **self._kwargs)
  File "/home/wangdx_lab/cse12211818/MAPPO/envs/env_wrappers.py", line 142, in worker
    env = env_fn_wrapper.x()
  File "/home/wangdx_lab/cse12211818/MAPPO/train.py", line 32, in init_env
    env = DiscreteActionEnv(all_args)
  File "/home/wangdx_lab/cse12211818/MAPPO/envs/env_discrete.py", line 37, in __init__
    self.env = EnvCore(all_args)
  File "/home/wangdx_lab/cse12211818/MAPPO/envs/env_core.py", line 199, in __init__
    self.dynamic_slot_m = max(1, min(sc, self.num_goal_targets))
AttributeError: 'EnvCore' object has no attribute 'num_goal_targets'
成功加载长度 10: 26 个图案。
初始化完成：内存中可用长度 -> [10]
[font-pattern][train] env_rank=95/199, length=10, name=O
Traceback (most recent call last):
  File "/home/wangdx_lab/cse12211818/.conda/envs/swE2/lib/python3.9/multiprocessing/process.py", line 315, in _bootstrap
    self.run()
  File "/home/wangdx_lab/cse12211818/.conda/envs/swE2/lib/python3.9/multiprocessing/process.py", line 108, in run
    self._target(*self._args, **self._kwargs)
  File "/home/wangdx_lab/cse12211818/MAPPO/envs/env_wrappers.py", line 142, in worker
    env = env_fn_wrapper.x()
  File "/home/wangdx_lab/cse12211818/MAPPO/train.py", line 32, in init_env
    env = DiscreteActionEnv(all_args)
  File "/home/wangdx_lab/cse12211818/MAPPO/envs/env_discrete.py", line 37, in __init__
    self.env = EnvCore(all_args)
  File "/home/wangdx_lab/cse12211818/MAPPO/envs/env_core.py", line 199, in __init__
    self.dynamic_slot_m = max(1, min(sc, self.num_goal_targets))
AttributeError: 'EnvCore' object has no attribute 'num_goal_targets'
成功加载长度 10: 26 个图案。
初始化完成：内存中可用长度 -> [10]
[font-pattern][train] env_rank=94/199, length=10, name=N
Process Process-99:
Process Process-97:
Process Process-98:
Traceback (most recent call last):
  File "/home/wangdx_lab/cse12211818/.conda/envs/swE2/lib/python3.9/multiprocessing/process.py", line 315, in _bootstrap
    self.run()
  File "/home/wangdx_lab/cse12211818/.conda/envs/swE2/lib/python3.9/multiprocessing/process.py", line 108, in run
    self._target(*self._args, **self._kwargs)
  File "/home/wangdx_lab/cse12211818/MAPPO/envs/env_wrappers.py", line 142, in worker
    env = env_fn_wrapper.x()
  File "/home/wangdx_lab/cse12211818/MAPPO/train.py", line 32, in init_env
    env = DiscreteActionEnv(all_args)
  File "/home/wangdx_lab/cse12211818/MAPPO/envs/env_discrete.py", line 37, in __init__
    self.env = EnvCore(all_args)
  File "/home/wangdx_lab/cse12211818/MAPPO/envs/env_core.py", line 199, in __init__
    self.dynamic_slot_m = max(1, min(sc, self.num_goal_targets))
AttributeError: 'EnvCore' object has no attribute 'num_goal_targets'
成功加载长度 10: 26 个图案。
初始化完成：内存中可用长度 -> [10]
[font-pattern][train] env_rank=98/199, length=10, name=R
Traceback (most recent call last):
  File "/home/wangdx_lab/cse12211818/.conda/envs/swE2/lib/python3.9/multiprocessing/process.py", line 315, in _bootstrap
    self.run()
  File "/home/wangdx_lab/cse12211818/.conda/envs/swE2/lib/python3.9/multiprocessing/process.py", line 108, in run
    self._target(*self._args, **self._kwargs)
  File "/home/wangdx_lab/cse12211818/MAPPO/envs/env_wrappers.py", line 142, in worker
    env = env_fn_wrapper.x()
  File "/home/wangdx_lab/cse12211818/MAPPO/train.py", line 32, in init_env
    env = DiscreteActionEnv(all_args)
  File "/home/wangdx_lab/cse12211818/MAPPO/envs/env_discrete.py", line 37, in __init__
    self.env = EnvCore(all_args)
  File "/home/wangdx_lab/cse12211818/MAPPO/envs/env_core.py", line 199, in __init__
    self.dynamic_slot_m = max(1, min(sc, self.num_goal_targets))
AttributeError: 'EnvCore' object has no attribute 'num_goal_targets'
成功加载长度 10: 26 个图案。
初始化完成：内存中可用长度 -> [10]
[font-pattern][train] env_rank=96/199, length=10, name=P
Traceback (most recent call last):
  File "/home/wangdx_lab/cse12211818/.conda/envs/swE2/lib/python3.9/multiprocessing/process.py", line 315, in _bootstrap
    self.run()
  File "/home/wangdx_lab/cse12211818/.conda/envs/swE2/lib/python3.9/multiprocessing/process.py", line 108, in run
    self._target(*self._args, **self._kwargs)
  File "/home/wangdx_lab/cse12211818/MAPPO/envs/env_wrappers.py", line 142, in worker
    env = env_fn_wrapper.x()
  File "/home/wangdx_lab/cse12211818/MAPPO/train.py", line 32, in init_env
    env = DiscreteActionEnv(all_args)
  File "/home/wangdx_lab/cse12211818/MAPPO/envs/env_discrete.py", line 37, in __init__
    self.env = EnvCore(all_args)
  File "/home/wangdx_lab/cse12211818/MAPPO/envs/env_core.py", line 199, in __init__
    self.dynamic_slot_m = max(1, min(sc, self.num_goal_targets))
AttributeError: 'EnvCore' object has no attribute 'num_goal_targets'
成功加载长度 10: 26 个图案。
初始化完成：内存中可用长度 -> [10]
[font-pattern][train] env_rank=97/199, length=10, name=Q
Gym has been unmaintained since 2022 and does not support NumPy 2.0 amongst other critical functionality.
Please upgrade to Gymnasium, the maintained drop-in replacement of Gym, or contact the authors of your software and request that they upgrade.
Users of this version of Gym should be able to simply replace 'import gym' with 'import gymnasium as gym' in the vast majority of cases.
See the migration guide at https://gymnasium.farama.org/introduction/migration_guide/ for additional information.
Gym has been unmaintained since 2022 and does not support NumPy 2.0 amongst other critical functionality.
Please upgrade to Gymnasium, the maintained drop-in replacement of Gym, or contact the authors of your software and request that they upgrade.
Users of this version of Gym should be able to simply replace 'import gym' with 'import gymnasium as gym' in the vast majority of cases.
See the migration guide at https://gymnasium.farama.org/introduction/migration_guide/ for additional information.
Gym has been unmaintained since 2022 and does not support NumPy 2.0 amongst other critical functionality.
Please upgrade to Gymnasium, the maintained drop-in replacement of Gym, or contact the authors of your software and request that they upgrade.
Users of this version of Gym should be able to simply replace 'import gym' with 'import gymnasium as gym' in the vast majority of cases.
See the migration guide at https://gymnasium.farama.org/introduction/migration_guide/ for additional information.
Gym has been unmaintained since 2022 and does not support NumPy 2.0 amongst other critical functionality.
Please upgrade to Gymnasium, the maintained drop-in replacement of Gym, or contact the authors of your software and request that they upgrade.
Users of this version of Gym should be able to simply replace 'import gym' with 'import gymnasium as gym' in the vast majority of cases.
See the migration guide at https://gymnasium.farama.org/introduction/migration_guide/ for additional information.
Process Process-100:
Process Process-101:
Traceback (most recent call last):
  File "/home/wangdx_lab/cse12211818/.conda/envs/swE2/lib/python3.9/multiprocessing/process.py", line 315, in _bootstrap
    self.run()
  File "/home/wangdx_lab/cse12211818/.conda/envs/swE2/lib/python3.9/multiprocessing/process.py", line 108, in run
    self._target(*self._args, **self._kwargs)
  File "/home/wangdx_lab/cse12211818/MAPPO/envs/env_wrappers.py", line 142, in worker
    env = env_fn_wrapper.x()
  File "/home/wangdx_lab/cse12211818/MAPPO/train.py", line 32, in init_env
    env = DiscreteActionEnv(all_args)
  File "/home/wangdx_lab/cse12211818/MAPPO/envs/env_discrete.py", line 37, in __init__
    self.env = EnvCore(all_args)
  File "/home/wangdx_lab/cse12211818/MAPPO/envs/env_core.py", line 199, in __init__
    self.dynamic_slot_m = max(1, min(sc, self.num_goal_targets))
AttributeError: 'EnvCore' object has no attribute 'num_goal_targets'
成功加载长度 10: 26 个图案。
初始化完成：内存中可用长度 -> [10]
[font-pattern][train] env_rank=100/199, length=10, name=W
Traceback (most recent call last):
  File "/home/wangdx_lab/cse12211818/.conda/envs/swE2/lib/python3.9/multiprocessing/process.py", line 315, in _bootstrap
    self.run()
  File "/home/wangdx_lab/cse12211818/.conda/envs/swE2/lib/python3.9/multiprocessing/process.py", line 108, in run
    self._target(*self._args, **self._kwargs)
  File "/home/wangdx_lab/cse12211818/MAPPO/envs/env_wrappers.py", line 142, in worker
    env = env_fn_wrapper.x()
  File "/home/wangdx_lab/cse12211818/MAPPO/train.py", line 32, in init_env
    env = DiscreteActionEnv(all_args)
  File "/home/wangdx_lab/cse12211818/MAPPO/envs/env_discrete.py", line 37, in __init__
    self.env = EnvCore(all_args)
  File "/home/wangdx_lab/cse12211818/MAPPO/envs/env_core.py", line 199, in __init__
    self.dynamic_slot_m = max(1, min(sc, self.num_goal_targets))
AttributeError: 'EnvCore' object has no attribute 'num_goal_targets'
成功加载长度 10: 26 个图案。
初始化完成：内存中可用长度 -> [10]
[font-pattern][train] env_rank=99/199, length=10, name=V
Process Process-102:
Process Process-103:
Traceback (most recent call last):
  File "/home/wangdx_lab/cse12211818/.conda/envs/swE2/lib/python3.9/multiprocessing/process.py", line 315, in _bootstrap
    self.run()
  File "/home/wangdx_lab/cse12211818/.conda/envs/swE2/lib/python3.9/multiprocessing/process.py", line 108, in run
    self._target(*self._args, **self._kwargs)
  File "/home/wangdx_lab/cse12211818/MAPPO/envs/env_wrappers.py", line 142, in worker
    env = env_fn_wrapper.x()
  File "/home/wangdx_lab/cse12211818/MAPPO/train.py", line 32, in init_env
    env = DiscreteActionEnv(all_args)
  File "/home/wangdx_lab/cse12211818/MAPPO/envs/env_discrete.py", line 37, in __init__
    self.env = EnvCore(all_args)
  File "/home/wangdx_lab/cse12211818/MAPPO/envs/env_core.py", line 199, in __init__
    self.dynamic_slot_m = max(1, min(sc, self.num_goal_targets))
AttributeError: 'EnvCore' object has no attribute 'num_goal_targets'
成功加载长度 10: 26 个图案。
初始化完成：内存中可用长度 -> [10]
[font-pattern][train] env_rank=102/199, length=10, name=Y
Traceback (most recent call last):
  File "/home/wangdx_lab/cse12211818/.conda/envs/swE2/lib/python3.9/multiprocessing/process.py", line 315, in _bootstrap
    self.run()
  File "/home/wangdx_lab/cse12211818/.conda/envs/swE2/lib/python3.9/multiprocessing/process.py", line 108, in run
    self._target(*self._args, **self._kwargs)
  File "/home/wangdx_lab/cse12211818/MAPPO/envs/env_wrappers.py", line 142, in worker
    env = env_fn_wrapper.x()
  File "/home/wangdx_lab/cse12211818/MAPPO/train.py", line 32, in init_env
    env = DiscreteActionEnv(all_args)
  File "/home/wangdx_lab/cse12211818/MAPPO/envs/env_discrete.py", line 37, in __init__
    self.env = EnvCore(all_args)
  File "/home/wangdx_lab/cse12211818/MAPPO/envs/env_core.py", line 199, in __init__
    self.dynamic_slot_m = max(1, min(sc, self.num_goal_targets))
AttributeError: 'EnvCore' object has no attribute 'num_goal_targets'
成功加载长度 10: 26 个图案。
初始化完成：内存中可用长度 -> [10]
[font-pattern][train] env_rank=101/199, length=10, name=X
Gym has been unmaintained since 2022 and does not support NumPy 2.0 amongst other critical functionality.
Please upgrade to Gymnasium, the maintained drop-in replacement of Gym, or contact the authors of your software and request that they upgrade.
Users of this version of Gym should be able to simply replace 'import gym' with 'import gymnasium as gym' in the vast majority of cases.
See the migration guide at https://gymnasium.farama.org/introduction/migration_guide/ for additional information.
Gym has been unmaintained since 2022 and does not support NumPy 2.0 amongst other critical functionality.
Please upgrade to Gymnasium, the maintained drop-in replacement of Gym, or contact the authors of your software and request that they upgrade.
Users of this version of Gym should be able to simply replace 'import gym' with 'import gymnasium as gym' in the vast majority of cases.
See the migration guide at https://gymnasium.farama.org/introduction/migration_guide/ for additional information.
Gym has been unmaintained since 2022 and does not support NumPy 2.0 amongst other critical functionality.
Please upgrade to Gymnasium, the maintained drop-in replacement of Gym, or contact the authors of your software and request that they upgrade.
Users of this version of Gym should be able to simply replace 'import gym' with 'import gymnasium as gym' in the vast majority of cases.
See the migration guide at https://gymnasium.farama.org/introduction/migration_guide/ for additional information.
Process Process-104:
Traceback (most recent call last):
  File "/home/wangdx_lab/cse12211818/.conda/envs/swE2/lib/python3.9/multiprocessing/process.py", line 315, in _bootstrap
    self.run()
  File "/home/wangdx_lab/cse12211818/.conda/envs/swE2/lib/python3.9/multiprocessing/process.py", line 108, in run
    self._target(*self._args, **self._kwargs)
  File "/home/wangdx_lab/cse12211818/MAPPO/envs/env_wrappers.py", line 142, in worker
    env = env_fn_wrapper.x()
  File "/home/wangdx_lab/cse12211818/MAPPO/train.py", line 32, in init_env
    env = DiscreteActionEnv(all_args)
  File "/home/wangdx_lab/cse12211818/MAPPO/envs/env_discrete.py", line 37, in __init__
    self.env = EnvCore(all_args)
  File "/home/wangdx_lab/cse12211818/MAPPO/envs/env_core.py", line 199, in __init__
    self.dynamic_slot_m = max(1, min(sc, self.num_goal_targets))
AttributeError: 'EnvCore' object has no attribute 'num_goal_targets'
成功加载长度 10: 26 个图案。
初始化完成：内存中可用长度 -> [10]
[font-pattern][train] env_rank=103/199, length=10, name=Z
Gym has been unmaintained since 2022 and does not support NumPy 2.0 amongst other critical functionality.
Please upgrade to Gymnasium, the maintained drop-in replacement of Gym, or contact the authors of your software and request that they upgrade.
Users of this version of Gym should be able to simply replace 'import gym' with 'import gymnasium as gym' in the vast majority of cases.
See the migration guide at https://gymnasium.farama.org/introduction/migration_guide/ for additional information.
Process Process-105:
Traceback (most recent call last):
  File "/home/wangdx_lab/cse12211818/.conda/envs/swE2/lib/python3.9/multiprocessing/process.py", line 315, in _bootstrap
    self.run()
  File "/home/wangdx_lab/cse12211818/.conda/envs/swE2/lib/python3.9/multiprocessing/process.py", line 108, in run
    self._target(*self._args, **self._kwargs)
  File "/home/wangdx_lab/cse12211818/MAPPO/envs/env_wrappers.py", line 142, in worker
    env = env_fn_wrapper.x()
  File "/home/wangdx_lab/cse12211818/MAPPO/train.py", line 32, in init_env
    env = DiscreteActionEnv(all_args)
  File "/home/wangdx_lab/cse12211818/MAPPO/envs/env_discrete.py", line 37, in __init__
    self.env = EnvCore(all_args)
  File "/home/wangdx_lab/cse12211818/MAPPO/envs/env_core.py", line 199, in __init__
    self.dynamic_slot_m = max(1, min(sc, self.num_goal_targets))
AttributeError: 'EnvCore' object has no attribute 'num_goal_targets'
成功加载长度 10: 26 个图案。
初始化完成：内存中可用长度 -> [10]
[font-pattern][train] env_rank=104/199, length=10, name=U
Gym has been unmaintained since 2022 and does not support NumPy 2.0 amongst other critical functionality.
Please upgrade to Gymnasium, the maintained drop-in replacement of Gym, or contact the authors of your software and request that they upgrade.
Users of this version of Gym should be able to simply replace 'import gym' with 'import gymnasium as gym' in the vast majority of cases.
See the migration guide at https://gymnasium.farama.org/introduction/migration_guide/ for additional information.
Gym has been unmaintained since 2022 and does not support NumPy 2.0 amongst other critical functionality.
Please upgrade to Gymnasium, the maintained drop-in replacement of Gym, or contact the authors of your software and request that they upgrade.
Users of this version of Gym should be able to simply replace 'import gym' with 'import gymnasium as gym' in the vast majority of cases.
See the migration guide at https://gymnasium.farama.org/introduction/migration_guide/ for additional information.
Process Process-106:
Traceback (most recent call last):
  File "/home/wangdx_lab/cse12211818/.conda/envs/swE2/lib/python3.9/multiprocessing/process.py", line 315, in _bootstrap
    self.run()
  File "/home/wangdx_lab/cse12211818/.conda/envs/swE2/lib/python3.9/multiprocessing/process.py", line 108, in run
    self._target(*self._args, **self._kwargs)
  File "/home/wangdx_lab/cse12211818/MAPPO/envs/env_wrappers.py", line 142, in worker
    env = env_fn_wrapper.x()
  File "/home/wangdx_lab/cse12211818/MAPPO/train.py", line 32, in init_env
    env = DiscreteActionEnv(all_args)
  File "/home/wangdx_lab/cse12211818/MAPPO/envs/env_discrete.py", line 37, in __init__
    self.env = EnvCore(all_args)
  File "/home/wangdx_lab/cse12211818/MAPPO/envs/env_core.py", line 199, in __init__
    self.dynamic_slot_m = max(1, min(sc, self.num_goal_targets))
AttributeError: 'EnvCore' object has no attribute 'num_goal_targets'
成功加载长度 10: 26 个图案。
初始化完成：内存中可用长度 -> [10]
[font-pattern][train] env_rank=105/199, length=10, name=T
Process Process-107:
Traceback (most recent call last):
  File "/home/wangdx_lab/cse12211818/.conda/envs/swE2/lib/python3.9/multiprocessing/process.py", line 315, in _bootstrap
    self.run()
  File "/home/wangdx_lab/cse12211818/.conda/envs/swE2/lib/python3.9/multiprocessing/process.py", line 108, in run
    self._target(*self._args, **self._kwargs)
  File "/home/wangdx_lab/cse12211818/MAPPO/envs/env_wrappers.py", line 142, in worker
    env = env_fn_wrapper.x()
  File "/home/wangdx_lab/cse12211818/MAPPO/train.py", line 32, in init_env
    env = DiscreteActionEnv(all_args)
  File "/home/wangdx_lab/cse12211818/MAPPO/envs/env_discrete.py", line 37, in __init__
    self.env = EnvCore(all_args)
  File "/home/wangdx_lab/cse12211818/MAPPO/envs/env_core.py", line 199, in __init__
    self.dynamic_slot_m = max(1, min(sc, self.num_goal_targets))
AttributeError: 'EnvCore' object has no attribute 'num_goal_targets'
成功加载长度 10: 26 个图案。
初始化完成：内存中可用长度 -> [10]
[font-pattern][train] env_rank=106/199, length=10, name=E
Process Process-108:
Process Process-109:
Gym has been unmaintained since 2022 and does not support NumPy 2.0 amongst other critical functionality.
Please upgrade to Gymnasium, the maintained drop-in replacement of Gym, or contact the authors of your software and request that they upgrade.
Users of this version of Gym should be able to simply replace 'import gym' with 'import gymnasium as gym' in the vast majority of cases.
See the migration guide at https://gymnasium.farama.org/introduction/migration_guide/ for additional information.
Gym has been unmaintained since 2022 and does not support NumPy 2.0 amongst other critical functionality.
Please upgrade to Gymnasium, the maintained drop-in replacement of Gym, or contact the authors of your software and request that they upgrade.
Users of this version of Gym should be able to simply replace 'import gym' with 'import gymnasium as gym' in the vast majority of cases.
See the migration guide at https://gymnasium.farama.org/introduction/migration_guide/ for additional information.
Gym has been unmaintained since 2022 and does not support NumPy 2.0 amongst other critical functionality.
Please upgrade to Gymnasium, the maintained drop-in replacement of Gym, or contact the authors of your software and request that they upgrade.
Users of this version of Gym should be able to simply replace 'import gym' with 'import gymnasium as gym' in the vast majority of cases.
See the migration guide at https://gymnasium.farama.org/introduction/migration_guide/ for additional information.
Traceback (most recent call last):
  File "/home/wangdx_lab/cse12211818/.conda/envs/swE2/lib/python3.9/multiprocessing/process.py", line 315, in _bootstrap
    self.run()
  File "/home/wangdx_lab/cse12211818/.conda/envs/swE2/lib/python3.9/multiprocessing/process.py", line 108, in run
    self._target(*self._args, **self._kwargs)
  File "/home/wangdx_lab/cse12211818/MAPPO/envs/env_wrappers.py", line 142, in worker
    env = env_fn_wrapper.x()
  File "/home/wangdx_lab/cse12211818/MAPPO/train.py", line 32, in init_env
    env = DiscreteActionEnv(all_args)
  File "/home/wangdx_lab/cse12211818/MAPPO/envs/env_discrete.py", line 37, in __init__
    self.env = EnvCore(all_args)
  File "/home/wangdx_lab/cse12211818/MAPPO/envs/env_core.py", line 199, in __init__
    self.dynamic_slot_m = max(1, min(sc, self.num_goal_targets))
AttributeError: 'EnvCore' object has no attribute 'num_goal_targets'
成功加载长度 10: 26 个图案。
初始化完成：内存中可用长度 -> [10]
[font-pattern][train] env_rank=107/199, length=10, name=C
Traceback (most recent call last):
  File "/home/wangdx_lab/cse12211818/.conda/envs/swE2/lib/python3.9/multiprocessing/process.py", line 315, in _bootstrap
    self.run()
  File "/home/wangdx_lab/cse12211818/.conda/envs/swE2/lib/python3.9/multiprocessing/process.py", line 108, in run
    self._target(*self._args, **self._kwargs)
  File "/home/wangdx_lab/cse12211818/MAPPO/envs/env_wrappers.py", line 142, in worker
    env = env_fn_wrapper.x()
  File "/home/wangdx_lab/cse12211818/MAPPO/train.py", line 32, in init_env
    env = DiscreteActionEnv(all_args)
  File "/home/wangdx_lab/cse12211818/MAPPO/envs/env_discrete.py", line 37, in __init__
    self.env = EnvCore(all_args)
  File "/home/wangdx_lab/cse12211818/MAPPO/envs/env_core.py", line 199, in __init__
    self.dynamic_slot_m = max(1, min(sc, self.num_goal_targets))
AttributeError: 'EnvCore' object has no attribute 'num_goal_targets'
成功加载长度 10: 26 个图案。
初始化完成：内存中可用长度 -> [10]
[font-pattern][train] env_rank=108/199, length=10, name=S
Process Process-110:
Process Process-112:
Process Process-111:
Gym has been unmaintained since 2022 and does not support NumPy 2.0 amongst other critical functionality.
Please upgrade to Gymnasium, the maintained drop-in replacement of Gym, or contact the authors of your software and request that they upgrade.
Users of this version of Gym should be able to simply replace 'import gym' with 'import gymnasium as gym' in the vast majority of cases.
See the migration guide at https://gymnasium.farama.org/introduction/migration_guide/ for additional information.
Gym has been unmaintained since 2022 and does not support NumPy 2.0 amongst other critical functionality.
Please upgrade to Gymnasium, the maintained drop-in replacement of Gym, or contact the authors of your software and request that they upgrade.
Users of this version of Gym should be able to simply replace 'import gym' with 'import gymnasium as gym' in the vast majority of cases.
See the migration guide at https://gymnasium.farama.org/introduction/migration_guide/ for additional information.
Traceback (most recent call last):
  File "/home/wangdx_lab/cse12211818/.conda/envs/swE2/lib/python3.9/multiprocessing/process.py", line 315, in _bootstrap
    self.run()
  File "/home/wangdx_lab/cse12211818/.conda/envs/swE2/lib/python3.9/multiprocessing/process.py", line 108, in run
    self._target(*self._args, **self._kwargs)
  File "/home/wangdx_lab/cse12211818/MAPPO/envs/env_wrappers.py", line 142, in worker
    env = env_fn_wrapper.x()
  File "/home/wangdx_lab/cse12211818/MAPPO/train.py", line 32, in init_env
    env = DiscreteActionEnv(all_args)
  File "/home/wangdx_lab/cse12211818/MAPPO/envs/env_discrete.py", line 37, in __init__
    self.env = EnvCore(all_args)
  File "/home/wangdx_lab/cse12211818/MAPPO/envs/env_core.py", line 199, in __init__
    self.dynamic_slot_m = max(1, min(sc, self.num_goal_targets))
AttributeError: 'EnvCore' object has no attribute 'num_goal_targets'
成功加载长度 10: 26 个图案。
初始化完成：内存中可用长度 -> [10]
[font-pattern][train] env_rank=111/199, length=10, name=B
Traceback (most recent call last):
  File "/home/wangdx_lab/cse12211818/.conda/envs/swE2/lib/python3.9/multiprocessing/process.py", line 315, in _bootstrap
    self.run()
  File "/home/wangdx_lab/cse12211818/.conda/envs/swE2/lib/python3.9/multiprocessing/process.py", line 108, in run
    self._target(*self._args, **self._kwargs)
  File "/home/wangdx_lab/cse12211818/MAPPO/envs/env_wrappers.py", line 142, in worker
    env = env_fn_wrapper.x()
  File "/home/wangdx_lab/cse12211818/MAPPO/train.py", line 32, in init_env
    env = DiscreteActionEnv(all_args)
  File "/home/wangdx_lab/cse12211818/MAPPO/envs/env_discrete.py", line 37, in __init__
    self.env = EnvCore(all_args)
  File "/home/wangdx_lab/cse12211818/MAPPO/envs/env_core.py", line 199, in __init__
    self.dynamic_slot_m = max(1, min(sc, self.num_goal_targets))
AttributeError: 'EnvCore' object has no attribute 'num_goal_targets'
成功加载长度 10: 26 个图案。
初始化完成：内存中可用长度 -> [10]
[font-pattern][train] env_rank=109/199, length=10, name=H
Gym has been unmaintained since 2022 and does not support NumPy 2.0 amongst other critical functionality.
Please upgrade to Gymnasium, the maintained drop-in replacement of Gym, or contact the authors of your software and request that they upgrade.
Users of this version of Gym should be able to simply replace 'import gym' with 'import gymnasium as gym' in the vast majority of cases.
See the migration guide at https://gymnasium.farama.org/introduction/migration_guide/ for additional information.
Traceback (most recent call last):
  File "/home/wangdx_lab/cse12211818/.conda/envs/swE2/lib/python3.9/multiprocessing/process.py", line 315, in _bootstrap
    self.run()
  File "/home/wangdx_lab/cse12211818/.conda/envs/swE2/lib/python3.9/multiprocessing/process.py", line 108, in run
    self._target(*self._args, **self._kwargs)
  File "/home/wangdx_lab/cse12211818/MAPPO/envs/env_wrappers.py", line 142, in worker
    env = env_fn_wrapper.x()
  File "/home/wangdx_lab/cse12211818/MAPPO/train.py", line 32, in init_env
    env = DiscreteActionEnv(all_args)
  File "/home/wangdx_lab/cse12211818/MAPPO/envs/env_discrete.py", line 37, in __init__
    self.env = EnvCore(all_args)
  File "/home/wangdx_lab/cse12211818/MAPPO/envs/env_core.py", line 199, in __init__
    self.dynamic_slot_m = max(1, min(sc, self.num_goal_targets))
AttributeError: 'EnvCore' object has no attribute 'num_goal_targets'
成功加载长度 10: 26 个图案。
初始化完成：内存中可用长度 -> [10]
[font-pattern][train] env_rank=110/199, length=10, name=A
Process Process-113:
Process Process-114:
Process Process-115:
Traceback (most recent call last):
  File "/home/wangdx_lab/cse12211818/.conda/envs/swE2/lib/python3.9/multiprocessing/process.py", line 315, in _bootstrap
    self.run()
  File "/home/wangdx_lab/cse12211818/.conda/envs/swE2/lib/python3.9/multiprocessing/process.py", line 108, in run
    self._target(*self._args, **self._kwargs)
  File "/home/wangdx_lab/cse12211818/MAPPO/envs/env_wrappers.py", line 142, in worker
    env = env_fn_wrapper.x()
  File "/home/wangdx_lab/cse12211818/MAPPO/train.py", line 32, in init_env
    env = DiscreteActionEnv(all_args)
  File "/home/wangdx_lab/cse12211818/MAPPO/envs/env_discrete.py", line 37, in __init__
    self.env = EnvCore(all_args)
  File "/home/wangdx_lab/cse12211818/MAPPO/envs/env_core.py", line 199, in __init__
    self.dynamic_slot_m = max(1, min(sc, self.num_goal_targets))
AttributeError: 'EnvCore' object has no attribute 'num_goal_targets'
成功加载长度 10: 26 个图案。
初始化完成：内存中可用长度 -> [10]
[font-pattern][train] env_rank=113/199, length=10, name=F
Traceback (most recent call last):
  File "/home/wangdx_lab/cse12211818/.conda/envs/swE2/lib/python3.9/multiprocessing/process.py", line 315, in _bootstrap
    self.run()
  File "/home/wangdx_lab/cse12211818/.conda/envs/swE2/lib/python3.9/multiprocessing/process.py", line 108, in run
    self._target(*self._args, **self._kwargs)
  File "/home/wangdx_lab/cse12211818/MAPPO/envs/env_wrappers.py", line 142, in worker
    env = env_fn_wrapper.x()
  File "/home/wangdx_lab/cse12211818/MAPPO/train.py", line 32, in init_env
    env = DiscreteActionEnv(all_args)
  File "/home/wangdx_lab/cse12211818/MAPPO/envs/env_discrete.py", line 37, in __init__
    self.env = EnvCore(all_args)
  File "/home/wangdx_lab/cse12211818/MAPPO/envs/env_core.py", line 199, in __init__
    self.dynamic_slot_m = max(1, min(sc, self.num_goal_targets))
AttributeError: 'EnvCore' object has no attribute 'num_goal_targets'
成功加载长度 10: 26 个图案。
初始化完成：内存中可用长度 -> [10]
[font-pattern][train] env_rank=112/199, length=10, name=D
Traceback (most recent call last):
  File "/home/wangdx_lab/cse12211818/.conda/envs/swE2/lib/python3.9/multiprocessing/process.py", line 315, in _bootstrap
    self.run()
  File "/home/wangdx_lab/cse12211818/.conda/envs/swE2/lib/python3.9/multiprocessing/process.py", line 108, in run
    self._target(*self._args, **self._kwargs)
  File "/home/wangdx_lab/cse12211818/MAPPO/envs/env_wrappers.py", line 142, in worker
    env = env_fn_wrapper.x()
  File "/home/wangdx_lab/cse12211818/MAPPO/train.py", line 32, in init_env
    env = DiscreteActionEnv(all_args)
  File "/home/wangdx_lab/cse12211818/MAPPO/envs/env_discrete.py", line 37, in __init__
    self.env = EnvCore(all_args)
  File "/home/wangdx_lab/cse12211818/MAPPO/envs/env_core.py", line 199, in __init__
    self.dynamic_slot_m = max(1, min(sc, self.num_goal_targets))
AttributeError: 'EnvCore' object has no attribute 'num_goal_targets'
成功加载长度 10: 26 个图案。
初始化完成：内存中可用长度 -> [10]
[font-pattern][train] env_rank=114/199, length=10, name=G
Gym has been unmaintained since 2022 and does not support NumPy 2.0 amongst other critical functionality.
Please upgrade to Gymnasium, the maintained drop-in replacement of Gym, or contact the authors of your software and request that they upgrade.
Users of this version of Gym should be able to simply replace 'import gym' with 'import gymnasium as gym' in the vast majority of cases.
See the migration guide at https://gymnasium.farama.org/introduction/migration_guide/ for additional information.
Gym has been unmaintained since 2022 and does not support NumPy 2.0 amongst other critical functionality.
Please upgrade to Gymnasium, the maintained drop-in replacement of Gym, or contact the authors of your software and request that they upgrade.
Users of this version of Gym should be able to simply replace 'import gym' with 'import gymnasium as gym' in the vast majority of cases.
See the migration guide at https://gymnasium.farama.org/introduction/migration_guide/ for additional information.
Process Process-117:
Process Process-116:
Traceback (most recent call last):
  File "/home/wangdx_lab/cse12211818/.conda/envs/swE2/lib/python3.9/multiprocessing/process.py", line 315, in _bootstrap
    self.run()
  File "/home/wangdx_lab/cse12211818/.conda/envs/swE2/lib/python3.9/multiprocessing/process.py", line 108, in run
    self._target(*self._args, **self._kwargs)
  File "/home/wangdx_lab/cse12211818/MAPPO/envs/env_wrappers.py", line 142, in worker
    env = env_fn_wrapper.x()
  File "/home/wangdx_lab/cse12211818/MAPPO/train.py", line 32, in init_env
    env = DiscreteActionEnv(all_args)
  File "/home/wangdx_lab/cse12211818/MAPPO/envs/env_discrete.py", line 37, in __init__
    self.env = EnvCore(all_args)
  File "/home/wangdx_lab/cse12211818/MAPPO/envs/env_core.py", line 199, in __init__
    self.dynamic_slot_m = max(1, min(sc, self.num_goal_targets))
AttributeError: 'EnvCore' object has no attribute 'num_goal_targets'
成功加载长度 10: 26 个图案。
初始化完成：内存中可用长度 -> [10]
[font-pattern][train] env_rank=115/199, length=10, name=I
Traceback (most recent call last):
  File "/home/wangdx_lab/cse12211818/.conda/envs/swE2/lib/python3.9/multiprocessing/process.py", line 315, in _bootstrap
    self.run()
  File "/home/wangdx_lab/cse12211818/.conda/envs/swE2/lib/python3.9/multiprocessing/process.py", line 108, in run
    self._target(*self._args, **self._kwargs)
  File "/home/wangdx_lab/cse12211818/MAPPO/envs/env_wrappers.py", line 142, in worker
    env = env_fn_wrapper.x()
  File "/home/wangdx_lab/cse12211818/MAPPO/train.py", line 32, in init_env
    env = DiscreteActionEnv(all_args)
  File "/home/wangdx_lab/cse12211818/MAPPO/envs/env_discrete.py", line 37, in __init__
    self.env = EnvCore(all_args)
  File "/home/wangdx_lab/cse12211818/MAPPO/envs/env_core.py", line 199, in __init__
    self.dynamic_slot_m = max(1, min(sc, self.num_goal_targets))
AttributeError: 'EnvCore' object has no attribute 'num_goal_targets'
成功加载长度 10: 26 个图案。
初始化完成：内存中可用长度 -> [10]
[font-pattern][train] env_rank=116/199, length=10, name=J
Gym has been unmaintained since 2022 and does not support NumPy 2.0 amongst other critical functionality.
Please upgrade to Gymnasium, the maintained drop-in replacement of Gym, or contact the authors of your software and request that they upgrade.
Users of this version of Gym should be able to simply replace 'import gym' with 'import gymnasium as gym' in the vast majority of cases.
See the migration guide at https://gymnasium.farama.org/introduction/migration_guide/ for additional information.
Gym has been unmaintained since 2022 and does not support NumPy 2.0 amongst other critical functionality.
Please upgrade to Gymnasium, the maintained drop-in replacement of Gym, or contact the authors of your software and request that they upgrade.
Users of this version of Gym should be able to simply replace 'import gym' with 'import gymnasium as gym' in the vast majority of cases.
See the migration guide at https://gymnasium.farama.org/introduction/migration_guide/ for additional information.
Process Process-118:
Gym has been unmaintained since 2022 and does not support NumPy 2.0 amongst other critical functionality.
Please upgrade to Gymnasium, the maintained drop-in replacement of Gym, or contact the authors of your software and request that they upgrade.
Users of this version of Gym should be able to simply replace 'import gym' with 'import gymnasium as gym' in the vast majority of cases.
See the migration guide at https://gymnasium.farama.org/introduction/migration_guide/ for additional information.
Gym has been unmaintained since 2022 and does not support NumPy 2.0 amongst other critical functionality.
Please upgrade to Gymnasium, the maintained drop-in replacement of Gym, or contact the authors of your software and request that they upgrade.
Users of this version of Gym should be able to simply replace 'import gym' with 'import gymnasium as gym' in the vast majority of cases.
See the migration guide at https://gymnasium.farama.org/introduction/migration_guide/ for additional information.
Traceback (most recent call last):
  File "/home/wangdx_lab/cse12211818/.conda/envs/swE2/lib/python3.9/multiprocessing/process.py", line 315, in _bootstrap
    self.run()
  File "/home/wangdx_lab/cse12211818/.conda/envs/swE2/lib/python3.9/multiprocessing/process.py", line 108, in run
    self._target(*self._args, **self._kwargs)
  File "/home/wangdx_lab/cse12211818/MAPPO/envs/env_wrappers.py", line 142, in worker
    env = env_fn_wrapper.x()
  File "/home/wangdx_lab/cse12211818/MAPPO/train.py", line 32, in init_env
    env = DiscreteActionEnv(all_args)
  File "/home/wangdx_lab/cse12211818/MAPPO/envs/env_discrete.py", line 37, in __init__
    self.env = EnvCore(all_args)
  File "/home/wangdx_lab/cse12211818/MAPPO/envs/env_core.py", line 199, in __init__
    self.dynamic_slot_m = max(1, min(sc, self.num_goal_targets))
AttributeError: 'EnvCore' object has no attribute 'num_goal_targets'
成功加载长度 10: 26 个图案。
初始化完成：内存中可用长度 -> [10]
[font-pattern][train] env_rank=117/199, length=10, name=K
Process Process-119:
Traceback (most recent call last):
  File "/home/wangdx_lab/cse12211818/.conda/envs/swE2/lib/python3.9/multiprocessing/process.py", line 315, in _bootstrap
    self.run()
  File "/home/wangdx_lab/cse12211818/.conda/envs/swE2/lib/python3.9/multiprocessing/process.py", line 108, in run
    self._target(*self._args, **self._kwargs)
  File "/home/wangdx_lab/cse12211818/MAPPO/envs/env_wrappers.py", line 142, in worker
    env = env_fn_wrapper.x()
  File "/home/wangdx_lab/cse12211818/MAPPO/train.py", line 32, in init_env
    env = DiscreteActionEnv(all_args)
  File "/home/wangdx_lab/cse12211818/MAPPO/envs/env_discrete.py", line 37, in __init__
    self.env = EnvCore(all_args)
  File "/home/wangdx_lab/cse12211818/MAPPO/envs/env_core.py", line 199, in __init__
    self.dynamic_slot_m = max(1, min(sc, self.num_goal_targets))
AttributeError: 'EnvCore' object has no attribute 'num_goal_targets'
成功加载长度 10: 26 个图案。
初始化完成：内存中可用长度 -> [10]
[font-pattern][train] env_rank=118/199, length=10, name=L
Gym has been unmaintained since 2022 and does not support NumPy 2.0 amongst other critical functionality.
Please upgrade to Gymnasium, the maintained drop-in replacement of Gym, or contact the authors of your software and request that they upgrade.
Users of this version of Gym should be able to simply replace 'import gym' with 'import gymnasium as gym' in the vast majority of cases.
See the migration guide at https://gymnasium.farama.org/introduction/migration_guide/ for additional information.
Gym has been unmaintained since 2022 and does not support NumPy 2.0 amongst other critical functionality.
Please upgrade to Gymnasium, the maintained drop-in replacement of Gym, or contact the authors of your software and request that they upgrade.
Users of this version of Gym should be able to simply replace 'import gym' with 'import gymnasium as gym' in the vast majority of cases.
See the migration guide at https://gymnasium.farama.org/introduction/migration_guide/ for additional information.
Process Process-120:
Process Process-122:
Traceback (most recent call last):
  File "/home/wangdx_lab/cse12211818/.conda/envs/swE2/lib/python3.9/multiprocessing/process.py", line 315, in _bootstrap
    self.run()
  File "/home/wangdx_lab/cse12211818/.conda/envs/swE2/lib/python3.9/multiprocessing/process.py", line 108, in run
    self._target(*self._args, **self._kwargs)
  File "/home/wangdx_lab/cse12211818/MAPPO/envs/env_wrappers.py", line 142, in worker
    env = env_fn_wrapper.x()
  File "/home/wangdx_lab/cse12211818/MAPPO/train.py", line 32, in init_env
    env = DiscreteActionEnv(all_args)
  File "/home/wangdx_lab/cse12211818/MAPPO/envs/env_discrete.py", line 37, in __init__
    self.env = EnvCore(all_args)
  File "/home/wangdx_lab/cse12211818/MAPPO/envs/env_core.py", line 199, in __init__
    self.dynamic_slot_m = max(1, min(sc, self.num_goal_targets))
AttributeError: 'EnvCore' object has no attribute 'num_goal_targets'
成功加载长度 10: 26 个图案。
初始化完成：内存中可用长度 -> [10]
[font-pattern][train] env_rank=121/199, length=10, name=O
Traceback (most recent call last):
  File "/home/wangdx_lab/cse12211818/.conda/envs/swE2/lib/python3.9/multiprocessing/process.py", line 315, in _bootstrap
    self.run()
  File "/home/wangdx_lab/cse12211818/.conda/envs/swE2/lib/python3.9/multiprocessing/process.py", line 108, in run
    self._target(*self._args, **self._kwargs)
  File "/home/wangdx_lab/cse12211818/MAPPO/envs/env_wrappers.py", line 142, in worker
    env = env_fn_wrapper.x()
  File "/home/wangdx_lab/cse12211818/MAPPO/train.py", line 32, in init_env
    env = DiscreteActionEnv(all_args)
  File "/home/wangdx_lab/cse12211818/MAPPO/envs/env_discrete.py", line 37, in __init__
    self.env = EnvCore(all_args)
  File "/home/wangdx_lab/cse12211818/MAPPO/envs/env_core.py", line 199, in __init__
    self.dynamic_slot_m = max(1, min(sc, self.num_goal_targets))
AttributeError: 'EnvCore' object has no attribute 'num_goal_targets'
成功加载长度 10: 26 个图案。
初始化完成：内存中可用长度 -> [10]
[font-pattern][train] env_rank=119/199, length=10, name=M
Gym has been unmaintained since 2022 and does not support NumPy 2.0 amongst other critical functionality.
Please upgrade to Gymnasium, the maintained drop-in replacement of Gym, or contact the authors of your software and request that they upgrade.
Users of this version of Gym should be able to simply replace 'import gym' with 'import gymnasium as gym' in the vast majority of cases.
See the migration guide at https://gymnasium.farama.org/introduction/migration_guide/ for additional information.
Gym has been unmaintained since 2022 and does not support NumPy 2.0 amongst other critical functionality.
Please upgrade to Gymnasium, the maintained drop-in replacement of Gym, or contact the authors of your software and request that they upgrade.
Users of this version of Gym should be able to simply replace 'import gym' with 'import gymnasium as gym' in the vast majority of cases.
See the migration guide at https://gymnasium.farama.org/introduction/migration_guide/ for additional information.
Gym has been unmaintained since 2022 and does not support NumPy 2.0 amongst other critical functionality.
Please upgrade to Gymnasium, the maintained drop-in replacement of Gym, or contact the authors of your software and request that they upgrade.
Users of this version of Gym should be able to simply replace 'import gym' with 'import gymnasium as gym' in the vast majority of cases.
See the migration guide at https://gymnasium.farama.org/introduction/migration_guide/ for additional information.
Process Process-121:
Traceback (most recent call last):
  File "/home/wangdx_lab/cse12211818/.conda/envs/swE2/lib/python3.9/multiprocessing/process.py", line 315, in _bootstrap
    self.run()
  File "/home/wangdx_lab/cse12211818/.conda/envs/swE2/lib/python3.9/multiprocessing/process.py", line 108, in run
    self._target(*self._args, **self._kwargs)
  File "/home/wangdx_lab/cse12211818/MAPPO/envs/env_wrappers.py", line 142, in worker
    env = env_fn_wrapper.x()
  File "/home/wangdx_lab/cse12211818/MAPPO/train.py", line 32, in init_env
    env = DiscreteActionEnv(all_args)
  File "/home/wangdx_lab/cse12211818/MAPPO/envs/env_discrete.py", line 37, in __init__
    self.env = EnvCore(all_args)
  File "/home/wangdx_lab/cse12211818/MAPPO/envs/env_core.py", line 199, in __init__
    self.dynamic_slot_m = max(1, min(sc, self.num_goal_targets))
AttributeError: 'EnvCore' object has no attribute 'num_goal_targets'
成功加载长度 10: 26 个图案。
初始化完成：内存中可用长度 -> [10]
[font-pattern][train] env_rank=120/199, length=10, name=N
Process Process-123:
Traceback (most recent call last):
  File "/home/wangdx_lab/cse12211818/.conda/envs/swE2/lib/python3.9/multiprocessing/process.py", line 315, in _bootstrap
    self.run()
  File "/home/wangdx_lab/cse12211818/.conda/envs/swE2/lib/python3.9/multiprocessing/process.py", line 108, in run
    self._target(*self._args, **self._kwargs)
  File "/home/wangdx_lab/cse12211818/MAPPO/envs/env_wrappers.py", line 142, in worker
    env = env_fn_wrapper.x()
  File "/home/wangdx_lab/cse12211818/MAPPO/train.py", line 32, in init_env
    env = DiscreteActionEnv(all_args)
  File "/home/wangdx_lab/cse12211818/MAPPO/envs/env_discrete.py", line 37, in __init__
    self.env = EnvCore(all_args)
  File "/home/wangdx_lab/cse12211818/MAPPO/envs/env_core.py", line 199, in __init__
    self.dynamic_slot_m = max(1, min(sc, self.num_goal_targets))
AttributeError: 'EnvCore' object has no attribute 'num_goal_targets'
成功加载长度 10: 26 个图案。
初始化完成：内存中可用长度 -> [10]
[font-pattern][train] env_rank=122/199, length=10, name=P
Process Process-124:
Traceback (most recent call last):
  File "/home/wangdx_lab/cse12211818/.conda/envs/swE2/lib/python3.9/multiprocessing/process.py", line 315, in _bootstrap
    self.run()
  File "/home/wangdx_lab/cse12211818/.conda/envs/swE2/lib/python3.9/multiprocessing/process.py", line 108, in run
    self._target(*self._args, **self._kwargs)
  File "/home/wangdx_lab/cse12211818/MAPPO/envs/env_wrappers.py", line 142, in worker
    env = env_fn_wrapper.x()
  File "/home/wangdx_lab/cse12211818/MAPPO/train.py", line 32, in init_env
    env = DiscreteActionEnv(all_args)
  File "/home/wangdx_lab/cse12211818/MAPPO/envs/env_discrete.py", line 37, in __init__
    self.env = EnvCore(all_args)
  File "/home/wangdx_lab/cse12211818/MAPPO/envs/env_core.py", line 199, in __init__
    self.dynamic_slot_m = max(1, min(sc, self.num_goal_targets))
AttributeError: 'EnvCore' object has no attribute 'num_goal_targets'
成功加载长度 10: 26 个图案。
初始化完成：内存中可用长度 -> [10]
[font-pattern][train] env_rank=123/199, length=10, name=Q
Process Process-125:
Process Process-126:
Traceback (most recent call last):
  File "/home/wangdx_lab/cse12211818/.conda/envs/swE2/lib/python3.9/multiprocessing/process.py", line 315, in _bootstrap
    self.run()
  File "/home/wangdx_lab/cse12211818/.conda/envs/swE2/lib/python3.9/multiprocessing/process.py", line 108, in run
    self._target(*self._args, **self._kwargs)
  File "/home/wangdx_lab/cse12211818/MAPPO/envs/env_wrappers.py", line 142, in worker
    env = env_fn_wrapper.x()
  File "/home/wangdx_lab/cse12211818/MAPPO/train.py", line 32, in init_env
    env = DiscreteActionEnv(all_args)
  File "/home/wangdx_lab/cse12211818/MAPPO/envs/env_discrete.py", line 37, in __init__
    self.env = EnvCore(all_args)
  File "/home/wangdx_lab/cse12211818/MAPPO/envs/env_core.py", line 199, in __init__
    self.dynamic_slot_m = max(1, min(sc, self.num_goal_targets))
AttributeError: 'EnvCore' object has no attribute 'num_goal_targets'
成功加载长度 10: 26 个图案。
初始化完成：内存中可用长度 -> [10]
[font-pattern][train] env_rank=124/199, length=10, name=R
Traceback (most recent call last):
  File "/home/wangdx_lab/cse12211818/.conda/envs/swE2/lib/python3.9/multiprocessing/process.py", line 315, in _bootstrap
    self.run()
  File "/home/wangdx_lab/cse12211818/.conda/envs/swE2/lib/python3.9/multiprocessing/process.py", line 108, in run
    self._target(*self._args, **self._kwargs)
  File "/home/wangdx_lab/cse12211818/MAPPO/envs/env_wrappers.py", line 142, in worker
    env = env_fn_wrapper.x()
  File "/home/wangdx_lab/cse12211818/MAPPO/train.py", line 32, in init_env
    env = DiscreteActionEnv(all_args)
  File "/home/wangdx_lab/cse12211818/MAPPO/envs/env_discrete.py", line 37, in __init__
    self.env = EnvCore(all_args)
  File "/home/wangdx_lab/cse12211818/MAPPO/envs/env_core.py", line 199, in __init__
    self.dynamic_slot_m = max(1, min(sc, self.num_goal_targets))
AttributeError: 'EnvCore' object has no attribute 'num_goal_targets'
成功加载长度 10: 26 个图案。
初始化完成：内存中可用长度 -> [10]
[font-pattern][train] env_rank=125/199, length=10, name=V
Gym has been unmaintained since 2022 and does not support NumPy 2.0 amongst other critical functionality.
Please upgrade to Gymnasium, the maintained drop-in replacement of Gym, or contact the authors of your software and request that they upgrade.
Users of this version of Gym should be able to simply replace 'import gym' with 'import gymnasium as gym' in the vast majority of cases.
See the migration guide at https://gymnasium.farama.org/introduction/migration_guide/ for additional information.
Gym has been unmaintained since 2022 and does not support NumPy 2.0 amongst other critical functionality.
Please upgrade to Gymnasium, the maintained drop-in replacement of Gym, or contact the authors of your software and request that they upgrade.
Users of this version of Gym should be able to simply replace 'import gym' with 'import gymnasium as gym' in the vast majority of cases.
See the migration guide at https://gymnasium.farama.org/introduction/migration_guide/ for additional information.
Gym has been unmaintained since 2022 and does not support NumPy 2.0 amongst other critical functionality.
Please upgrade to Gymnasium, the maintained drop-in replacement of Gym, or contact the authors of your software and request that they upgrade.
Users of this version of Gym should be able to simply replace 'import gym' with 'import gymnasium as gym' in the vast majority of cases.
See the migration guide at https://gymnasium.farama.org/introduction/migration_guide/ for additional information.
Gym has been unmaintained since 2022 and does not support NumPy 2.0 amongst other critical functionality.
Please upgrade to Gymnasium, the maintained drop-in replacement of Gym, or contact the authors of your software and request that they upgrade.
Users of this version of Gym should be able to simply replace 'import gym' with 'import gymnasium as gym' in the vast majority of cases.
See the migration guide at https://gymnasium.farama.org/introduction/migration_guide/ for additional information.
Process Process-128:
Process Process-127:
Traceback (most recent call last):
  File "/home/wangdx_lab/cse12211818/.conda/envs/swE2/lib/python3.9/multiprocessing/process.py", line 315, in _bootstrap
    self.run()
  File "/home/wangdx_lab/cse12211818/.conda/envs/swE2/lib/python3.9/multiprocessing/process.py", line 108, in run
    self._target(*self._args, **self._kwargs)
  File "/home/wangdx_lab/cse12211818/MAPPO/envs/env_wrappers.py", line 142, in worker
    env = env_fn_wrapper.x()
  File "/home/wangdx_lab/cse12211818/MAPPO/train.py", line 32, in init_env
    env = DiscreteActionEnv(all_args)
  File "/home/wangdx_lab/cse12211818/MAPPO/envs/env_discrete.py", line 37, in __init__
    self.env = EnvCore(all_args)
  File "/home/wangdx_lab/cse12211818/MAPPO/envs/env_core.py", line 199, in __init__
    self.dynamic_slot_m = max(1, min(sc, self.num_goal_targets))
AttributeError: 'EnvCore' object has no attribute 'num_goal_targets'
成功加载长度 10: 26 个图案。
初始化完成：内存中可用长度 -> [10]
[font-pattern][train] env_rank=127/199, length=10, name=X
Traceback (most recent call last):
  File "/home/wangdx_lab/cse12211818/.conda/envs/swE2/lib/python3.9/multiprocessing/process.py", line 315, in _bootstrap
    self.run()
  File "/home/wangdx_lab/cse12211818/.conda/envs/swE2/lib/python3.9/multiprocessing/process.py", line 108, in run
    self._target(*self._args, **self._kwargs)
  File "/home/wangdx_lab/cse12211818/MAPPO/envs/env_wrappers.py", line 142, in worker
    env = env_fn_wrapper.x()
  File "/home/wangdx_lab/cse12211818/MAPPO/train.py", line 32, in init_env
    env = DiscreteActionEnv(all_args)
  File "/home/wangdx_lab/cse12211818/MAPPO/envs/env_discrete.py", line 37, in __init__
    self.env = EnvCore(all_args)
  File "/home/wangdx_lab/cse12211818/MAPPO/envs/env_core.py", line 199, in __init__
    self.dynamic_slot_m = max(1, min(sc, self.num_goal_targets))
AttributeError: 'EnvCore' object has no attribute 'num_goal_targets'
成功加载长度 10: 26 个图案。
初始化完成：内存中可用长度 -> [10]
[font-pattern][train] env_rank=126/199, length=10, name=W
Process Process-129:
Gym has been unmaintained since 2022 and does not support NumPy 2.0 amongst other critical functionality.
Please upgrade to Gymnasium, the maintained drop-in replacement of Gym, or contact the authors of your software and request that they upgrade.
Users of this version of Gym should be able to simply replace 'import gym' with 'import gymnasium as gym' in the vast majority of cases.
See the migration guide at https://gymnasium.farama.org/introduction/migration_guide/ for additional information.
Gym has been unmaintained since 2022 and does not support NumPy 2.0 amongst other critical functionality.
Please upgrade to Gymnasium, the maintained drop-in replacement of Gym, or contact the authors of your software and request that they upgrade.
Users of this version of Gym should be able to simply replace 'import gym' with 'import gymnasium as gym' in the vast majority of cases.
See the migration guide at https://gymnasium.farama.org/introduction/migration_guide/ for additional information.
Traceback (most recent call last):
  File "/home/wangdx_lab/cse12211818/.conda/envs/swE2/lib/python3.9/multiprocessing/process.py", line 315, in _bootstrap
    self.run()
  File "/home/wangdx_lab/cse12211818/.conda/envs/swE2/lib/python3.9/multiprocessing/process.py", line 108, in run
    self._target(*self._args, **self._kwargs)
  File "/home/wangdx_lab/cse12211818/MAPPO/envs/env_wrappers.py", line 142, in worker
    env = env_fn_wrapper.x()
  File "/home/wangdx_lab/cse12211818/MAPPO/train.py", line 32, in init_env
    env = DiscreteActionEnv(all_args)
  File "/home/wangdx_lab/cse12211818/MAPPO/envs/env_discrete.py", line 37, in __init__
    self.env = EnvCore(all_args)
  File "/home/wangdx_lab/cse12211818/MAPPO/envs/env_core.py", line 199, in __init__
    self.dynamic_slot_m = max(1, min(sc, self.num_goal_targets))
AttributeError: 'EnvCore' object has no attribute 'num_goal_targets'
成功加载长度 10: 26 个图案。
初始化完成：内存中可用长度 -> [10]
[font-pattern][train] env_rank=128/199, length=10, name=Y
Process Process-130:
Traceback (most recent call last):
  File "/home/wangdx_lab/cse12211818/.conda/envs/swE2/lib/python3.9/multiprocessing/process.py", line 315, in _bootstrap
    self.run()
  File "/home/wangdx_lab/cse12211818/.conda/envs/swE2/lib/python3.9/multiprocessing/process.py", line 108, in run
    self._target(*self._args, **self._kwargs)
  File "/home/wangdx_lab/cse12211818/MAPPO/envs/env_wrappers.py", line 142, in worker
    env = env_fn_wrapper.x()
  File "/home/wangdx_lab/cse12211818/MAPPO/train.py", line 32, in init_env
    env = DiscreteActionEnv(all_args)
  File "/home/wangdx_lab/cse12211818/MAPPO/envs/env_discrete.py", line 37, in __init__
    self.env = EnvCore(all_args)
  File "/home/wangdx_lab/cse12211818/MAPPO/envs/env_core.py", line 199, in __init__
    self.dynamic_slot_m = max(1, min(sc, self.num_goal_targets))
AttributeError: 'EnvCore' object has no attribute 'num_goal_targets'
成功加载长度 10: 26 个图案。
初始化完成：内存中可用长度 -> [10]
[font-pattern][train] env_rank=129/199, length=10, name=Z
Gym has been unmaintained since 2022 and does not support NumPy 2.0 amongst other critical functionality.
Please upgrade to Gymnasium, the maintained drop-in replacement of Gym, or contact the authors of your software and request that they upgrade.
Users of this version of Gym should be able to simply replace 'import gym' with 'import gymnasium as gym' in the vast majority of cases.
See the migration guide at https://gymnasium.farama.org/introduction/migration_guide/ for additional information.
Gym has been unmaintained since 2022 and does not support NumPy 2.0 amongst other critical functionality.
Please upgrade to Gymnasium, the maintained drop-in replacement of Gym, or contact the authors of your software and request that they upgrade.
Users of this version of Gym should be able to simply replace 'import gym' with 'import gymnasium as gym' in the vast majority of cases.
See the migration guide at https://gymnasium.farama.org/introduction/migration_guide/ for additional information.
Gym has been unmaintained since 2022 and does not support NumPy 2.0 amongst other critical functionality.
Please upgrade to Gymnasium, the maintained drop-in replacement of Gym, or contact the authors of your software and request that they upgrade.
Users of this version of Gym should be able to simply replace 'import gym' with 'import gymnasium as gym' in the vast majority of cases.
See the migration guide at https://gymnasium.farama.org/introduction/migration_guide/ for additional information.
Process Process-132:
Process Process-131:
Traceback (most recent call last):
  File "/home/wangdx_lab/cse12211818/.conda/envs/swE2/lib/python3.9/multiprocessing/process.py", line 315, in _bootstrap
    self.run()
  File "/home/wangdx_lab/cse12211818/.conda/envs/swE2/lib/python3.9/multiprocessing/process.py", line 108, in run
    self._target(*self._args, **self._kwargs)
  File "/home/wangdx_lab/cse12211818/MAPPO/envs/env_wrappers.py", line 142, in worker
    env = env_fn_wrapper.x()
  File "/home/wangdx_lab/cse12211818/MAPPO/train.py", line 32, in init_env
    env = DiscreteActionEnv(all_args)
  File "/home/wangdx_lab/cse12211818/MAPPO/envs/env_discrete.py", line 37, in __init__
    self.env = EnvCore(all_args)
  File "/home/wangdx_lab/cse12211818/MAPPO/envs/env_core.py", line 199, in __init__
    self.dynamic_slot_m = max(1, min(sc, self.num_goal_targets))
AttributeError: 'EnvCore' object has no attribute 'num_goal_targets'
成功加载长度 10: 26 个图案。
初始化完成：内存中可用长度 -> [10]
[font-pattern][train] env_rank=131/199, length=10, name=T
Traceback (most recent call last):
  File "/home/wangdx_lab/cse12211818/.conda/envs/swE2/lib/python3.9/multiprocessing/process.py", line 315, in _bootstrap
    self.run()
  File "/home/wangdx_lab/cse12211818/.conda/envs/swE2/lib/python3.9/multiprocessing/process.py", line 108, in run
    self._target(*self._args, **self._kwargs)
  File "/home/wangdx_lab/cse12211818/MAPPO/envs/env_wrappers.py", line 142, in worker
    env = env_fn_wrapper.x()
  File "/home/wangdx_lab/cse12211818/MAPPO/train.py", line 32, in init_env
    env = DiscreteActionEnv(all_args)
  File "/home/wangdx_lab/cse12211818/MAPPO/envs/env_discrete.py", line 37, in __init__
    self.env = EnvCore(all_args)
  File "/home/wangdx_lab/cse12211818/MAPPO/envs/env_core.py", line 199, in __init__
    self.dynamic_slot_m = max(1, min(sc, self.num_goal_targets))
AttributeError: 'EnvCore' object has no attribute 'num_goal_targets'
成功加载长度 10: 26 个图案。
初始化完成：内存中可用长度 -> [10]
[font-pattern][train] env_rank=130/199, length=10, name=U
Process Process-134:
Process Process-135:
Process Process-133:
Traceback (most recent call last):
  File "/home/wangdx_lab/cse12211818/.conda/envs/swE2/lib/python3.9/multiprocessing/process.py", line 315, in _bootstrap
    self.run()
  File "/home/wangdx_lab/cse12211818/.conda/envs/swE2/lib/python3.9/multiprocessing/process.py", line 108, in run
    self._target(*self._args, **self._kwargs)
  File "/home/wangdx_lab/cse12211818/MAPPO/envs/env_wrappers.py", line 142, in worker
    env = env_fn_wrapper.x()
  File "/home/wangdx_lab/cse12211818/MAPPO/train.py", line 32, in init_env
    env = DiscreteActionEnv(all_args)
  File "/home/wangdx_lab/cse12211818/MAPPO/envs/env_discrete.py", line 37, in __init__
    self.env = EnvCore(all_args)
  File "/home/wangdx_lab/cse12211818/MAPPO/envs/env_core.py", line 199, in __init__
    self.dynamic_slot_m = max(1, min(sc, self.num_goal_targets))
AttributeError: 'EnvCore' object has no attribute 'num_goal_targets'
成功加载长度 10: 26 个图案。
初始化完成：内存中可用长度 -> [10]
[font-pattern][train] env_rank=133/199, length=10, name=C
Traceback (most recent call last):
  File "/home/wangdx_lab/cse12211818/.conda/envs/swE2/lib/python3.9/multiprocessing/process.py", line 315, in _bootstrap
    self.run()
  File "/home/wangdx_lab/cse12211818/.conda/envs/swE2/lib/python3.9/multiprocessing/process.py", line 108, in run
    self._target(*self._args, **self._kwargs)
  File "/home/wangdx_lab/cse12211818/MAPPO/envs/env_wrappers.py", line 142, in worker
    env = env_fn_wrapper.x()
  File "/home/wangdx_lab/cse12211818/MAPPO/train.py", line 32, in init_env
    env = DiscreteActionEnv(all_args)
  File "/home/wangdx_lab/cse12211818/MAPPO/envs/env_discrete.py", line 37, in __init__
    self.env = EnvCore(all_args)
  File "/home/wangdx_lab/cse12211818/MAPPO/envs/env_core.py", line 199, in __init__
    self.dynamic_slot_m = max(1, min(sc, self.num_goal_targets))
AttributeError: 'EnvCore' object has no attribute 'num_goal_targets'
成功加载长度 10: 26 个图案。
初始化完成：内存中可用长度 -> [10]
[font-pattern][train] env_rank=134/199, length=10, name=S
Traceback (most recent call last):
  File "/home/wangdx_lab/cse12211818/.conda/envs/swE2/lib/python3.9/multiprocessing/process.py", line 315, in _bootstrap
    self.run()
  File "/home/wangdx_lab/cse12211818/.conda/envs/swE2/lib/python3.9/multiprocessing/process.py", line 108, in run
    self._target(*self._args, **self._kwargs)
  File "/home/wangdx_lab/cse12211818/MAPPO/envs/env_wrappers.py", line 142, in worker
    env = env_fn_wrapper.x()
  File "/home/wangdx_lab/cse12211818/MAPPO/train.py", line 32, in init_env
    env = DiscreteActionEnv(all_args)
  File "/home/wangdx_lab/cse12211818/MAPPO/envs/env_discrete.py", line 37, in __init__
    self.env = EnvCore(all_args)
  File "/home/wangdx_lab/cse12211818/MAPPO/envs/env_core.py", line 199, in __init__
    self.dynamic_slot_m = max(1, min(sc, self.num_goal_targets))
AttributeError: 'EnvCore' object has no attribute 'num_goal_targets'
成功加载长度 10: 26 个图案。
初始化完成：内存中可用长度 -> [10]
[font-pattern][train] env_rank=132/199, length=10, name=E
Gym has been unmaintained since 2022 and does not support NumPy 2.0 amongst other critical functionality.
Please upgrade to Gymnasium, the maintained drop-in replacement of Gym, or contact the authors of your software and request that they upgrade.
Users of this version of Gym should be able to simply replace 'import gym' with 'import gymnasium as gym' in the vast majority of cases.
See the migration guide at https://gymnasium.farama.org/introduction/migration_guide/ for additional information.
Gym has been unmaintained since 2022 and does not support NumPy 2.0 amongst other critical functionality.
Please upgrade to Gymnasium, the maintained drop-in replacement of Gym, or contact the authors of your software and request that they upgrade.
Users of this version of Gym should be able to simply replace 'import gym' with 'import gymnasium as gym' in the vast majority of cases.
See the migration guide at https://gymnasium.farama.org/introduction/migration_guide/ for additional information.
Gym has been unmaintained since 2022 and does not support NumPy 2.0 amongst other critical functionality.
Please upgrade to Gymnasium, the maintained drop-in replacement of Gym, or contact the authors of your software and request that they upgrade.
Users of this version of Gym should be able to simply replace 'import gym' with 'import gymnasium as gym' in the vast majority of cases.
See the migration guide at https://gymnasium.farama.org/introduction/migration_guide/ for additional information.
Process Process-136:
Process Process-137:
Gym has been unmaintained since 2022 and does not support NumPy 2.0 amongst other critical functionality.
Please upgrade to Gymnasium, the maintained drop-in replacement of Gym, or contact the authors of your software and request that they upgrade.
Users of this version of Gym should be able to simply replace 'import gym' with 'import gymnasium as gym' in the vast majority of cases.
See the migration guide at https://gymnasium.farama.org/introduction/migration_guide/ for additional information.
Traceback (most recent call last):
  File "/home/wangdx_lab/cse12211818/.conda/envs/swE2/lib/python3.9/multiprocessing/process.py", line 315, in _bootstrap
    self.run()
  File "/home/wangdx_lab/cse12211818/.conda/envs/swE2/lib/python3.9/multiprocessing/process.py", line 108, in run
    self._target(*self._args, **self._kwargs)
  File "/home/wangdx_lab/cse12211818/MAPPO/envs/env_wrappers.py", line 142, in worker
    env = env_fn_wrapper.x()
  File "/home/wangdx_lab/cse12211818/MAPPO/train.py", line 32, in init_env
    env = DiscreteActionEnv(all_args)
  File "/home/wangdx_lab/cse12211818/MAPPO/envs/env_discrete.py", line 37, in __init__
    self.env = EnvCore(all_args)
  File "/home/wangdx_lab/cse12211818/MAPPO/envs/env_core.py", line 199, in __init__
    self.dynamic_slot_m = max(1, min(sc, self.num_goal_targets))
AttributeError: 'EnvCore' object has no attribute 'num_goal_targets'
成功加载长度 10: 26 个图案。
初始化完成：内存中可用长度 -> [10]
[font-pattern][train] env_rank=136/199, length=10, name=A
Traceback (most recent call last):
  File "/home/wangdx_lab/cse12211818/.conda/envs/swE2/lib/python3.9/multiprocessing/process.py", line 315, in _bootstrap
    self.run()
  File "/home/wangdx_lab/cse12211818/.conda/envs/swE2/lib/python3.9/multiprocessing/process.py", line 108, in run
    self._target(*self._args, **self._kwargs)
  File "/home/wangdx_lab/cse12211818/MAPPO/envs/env_wrappers.py", line 142, in worker
    env = env_fn_wrapper.x()
  File "/home/wangdx_lab/cse12211818/MAPPO/train.py", line 32, in init_env
    env = DiscreteActionEnv(all_args)
  File "/home/wangdx_lab/cse12211818/MAPPO/envs/env_discrete.py", line 37, in __init__
    self.env = EnvCore(all_args)
  File "/home/wangdx_lab/cse12211818/MAPPO/envs/env_core.py", line 199, in __init__
    self.dynamic_slot_m = max(1, min(sc, self.num_goal_targets))
AttributeError: 'EnvCore' object has no attribute 'num_goal_targets'
成功加载长度 10: 26 个图案。
初始化完成：内存中可用长度 -> [10]
[font-pattern][train] env_rank=135/199, length=10, name=H
Gym has been unmaintained since 2022 and does not support NumPy 2.0 amongst other critical functionality.
Please upgrade to Gymnasium, the maintained drop-in replacement of Gym, or contact the authors of your software and request that they upgrade.
Users of this version of Gym should be able to simply replace 'import gym' with 'import gymnasium as gym' in the vast majority of cases.
See the migration guide at https://gymnasium.farama.org/introduction/migration_guide/ for additional information.
Process Process-139:
Traceback (most recent call last):
  File "/home/wangdx_lab/cse12211818/.conda/envs/swE2/lib/python3.9/multiprocessing/process.py", line 315, in _bootstrap
    self.run()
  File "/home/wangdx_lab/cse12211818/.conda/envs/swE2/lib/python3.9/multiprocessing/process.py", line 108, in run
    self._target(*self._args, **self._kwargs)
  File "/home/wangdx_lab/cse12211818/MAPPO/envs/env_wrappers.py", line 142, in worker
    env = env_fn_wrapper.x()
  File "/home/wangdx_lab/cse12211818/MAPPO/train.py", line 32, in init_env
    env = DiscreteActionEnv(all_args)
  File "/home/wangdx_lab/cse12211818/MAPPO/envs/env_discrete.py", line 37, in __init__
    self.env = EnvCore(all_args)
  File "/home/wangdx_lab/cse12211818/MAPPO/envs/env_core.py", line 199, in __init__
    self.dynamic_slot_m = max(1, min(sc, self.num_goal_targets))
AttributeError: 'EnvCore' object has no attribute 'num_goal_targets'
成功加载长度 10: 26 个图案。
初始化完成：内存中可用长度 -> [10]
[font-pattern][train] env_rank=138/199, length=10, name=D
Process Process-138:
Traceback (most recent call last):
  File "/home/wangdx_lab/cse12211818/.conda/envs/swE2/lib/python3.9/multiprocessing/process.py", line 315, in _bootstrap
    self.run()
  File "/home/wangdx_lab/cse12211818/.conda/envs/swE2/lib/python3.9/multiprocessing/process.py", line 108, in run
    self._target(*self._args, **self._kwargs)
  File "/home/wangdx_lab/cse12211818/MAPPO/envs/env_wrappers.py", line 142, in worker
    env = env_fn_wrapper.x()
  File "/home/wangdx_lab/cse12211818/MAPPO/train.py", line 32, in init_env
    env = DiscreteActionEnv(all_args)
  File "/home/wangdx_lab/cse12211818/MAPPO/envs/env_discrete.py", line 37, in __init__
    self.env = EnvCore(all_args)
  File "/home/wangdx_lab/cse12211818/MAPPO/envs/env_core.py", line 199, in __init__
    self.dynamic_slot_m = max(1, min(sc, self.num_goal_targets))
AttributeError: 'EnvCore' object has no attribute 'num_goal_targets'
成功加载长度 10: 26 个图案。
初始化完成：内存中可用长度 -> [10]
[font-pattern][train] env_rank=137/199, length=10, name=B
Gym has been unmaintained since 2022 and does not support NumPy 2.0 amongst other critical functionality.
Please upgrade to Gymnasium, the maintained drop-in replacement of Gym, or contact the authors of your software and request that they upgrade.
Users of this version of Gym should be able to simply replace 'import gym' with 'import gymnasium as gym' in the vast majority of cases.
See the migration guide at https://gymnasium.farama.org/introduction/migration_guide/ for additional information.
Gym has been unmaintained since 2022 and does not support NumPy 2.0 amongst other critical functionality.
Please upgrade to Gymnasium, the maintained drop-in replacement of Gym, or contact the authors of your software and request that they upgrade.
Users of this version of Gym should be able to simply replace 'import gym' with 'import gymnasium as gym' in the vast majority of cases.
See the migration guide at https://gymnasium.farama.org/introduction/migration_guide/ for additional information.
Process Process-140:
Traceback (most recent call last):
  File "/home/wangdx_lab/cse12211818/.conda/envs/swE2/lib/python3.9/multiprocessing/process.py", line 315, in _bootstrap
    self.run()
  File "/home/wangdx_lab/cse12211818/.conda/envs/swE2/lib/python3.9/multiprocessing/process.py", line 108, in run
    self._target(*self._args, **self._kwargs)
  File "/home/wangdx_lab/cse12211818/MAPPO/envs/env_wrappers.py", line 142, in worker
    env = env_fn_wrapper.x()
  File "/home/wangdx_lab/cse12211818/MAPPO/train.py", line 32, in init_env
    env = DiscreteActionEnv(all_args)
  File "/home/wangdx_lab/cse12211818/MAPPO/envs/env_discrete.py", line 37, in __init__
    self.env = EnvCore(all_args)
  File "/home/wangdx_lab/cse12211818/MAPPO/envs/env_core.py", line 199, in __init__
    self.dynamic_slot_m = max(1, min(sc, self.num_goal_targets))
AttributeError: 'EnvCore' object has no attribute 'num_goal_targets'
成功加载长度 10: 26 个图案。
初始化完成：内存中可用长度 -> [10]
[font-pattern][train] env_rank=139/199, length=10, name=F
Gym has been unmaintained since 2022 and does not support NumPy 2.0 amongst other critical functionality.
Please upgrade to Gymnasium, the maintained drop-in replacement of Gym, or contact the authors of your software and request that they upgrade.
Users of this version of Gym should be able to simply replace 'import gym' with 'import gymnasium as gym' in the vast majority of cases.
See the migration guide at https://gymnasium.farama.org/introduction/migration_guide/ for additional information.
Gym has been unmaintained since 2022 and does not support NumPy 2.0 amongst other critical functionality.
Please upgrade to Gymnasium, the maintained drop-in replacement of Gym, or contact the authors of your software and request that they upgrade.
Users of this version of Gym should be able to simply replace 'import gym' with 'import gymnasium as gym' in the vast majority of cases.
See the migration guide at https://gymnasium.farama.org/introduction/migration_guide/ for additional information.
Process Process-141:
Process Process-142:
Traceback (most recent call last):
  File "/home/wangdx_lab/cse12211818/.conda/envs/swE2/lib/python3.9/multiprocessing/process.py", line 315, in _bootstrap
    self.run()
  File "/home/wangdx_lab/cse12211818/.conda/envs/swE2/lib/python3.9/multiprocessing/process.py", line 108, in run
    self._target(*self._args, **self._kwargs)
  File "/home/wangdx_lab/cse12211818/MAPPO/envs/env_wrappers.py", line 142, in worker
    env = env_fn_wrapper.x()
  File "/home/wangdx_lab/cse12211818/MAPPO/train.py", line 32, in init_env
    env = DiscreteActionEnv(all_args)
  File "/home/wangdx_lab/cse12211818/MAPPO/envs/env_discrete.py", line 37, in __init__
    self.env = EnvCore(all_args)
  File "/home/wangdx_lab/cse12211818/MAPPO/envs/env_core.py", line 199, in __init__
    self.dynamic_slot_m = max(1, min(sc, self.num_goal_targets))
AttributeError: 'EnvCore' object has no attribute 'num_goal_targets'
成功加载长度 10: 26 个图案。
初始化完成：内存中可用长度 -> [10]
[font-pattern][train] env_rank=141/199, length=10, name=I
Traceback (most recent call last):
  File "/home/wangdx_lab/cse12211818/.conda/envs/swE2/lib/python3.9/multiprocessing/process.py", line 315, in _bootstrap
    self.run()
  File "/home/wangdx_lab/cse12211818/.conda/envs/swE2/lib/python3.9/multiprocessing/process.py", line 108, in run
    self._target(*self._args, **self._kwargs)
  File "/home/wangdx_lab/cse12211818/MAPPO/envs/env_wrappers.py", line 142, in worker
    env = env_fn_wrapper.x()
  File "/home/wangdx_lab/cse12211818/MAPPO/train.py", line 32, in init_env
    env = DiscreteActionEnv(all_args)
  File "/home/wangdx_lab/cse12211818/MAPPO/envs/env_discrete.py", line 37, in __init__
    self.env = EnvCore(all_args)
  File "/home/wangdx_lab/cse12211818/MAPPO/envs/env_core.py", line 199, in __init__
    self.dynamic_slot_m = max(1, min(sc, self.num_goal_targets))
AttributeError: 'EnvCore' object has no attribute 'num_goal_targets'
成功加载长度 10: 26 个图案。
初始化完成：内存中可用长度 -> [10]
[font-pattern][train] env_rank=140/199, length=10, name=G
Process Process-143:
Gym has been unmaintained since 2022 and does not support NumPy 2.0 amongst other critical functionality.
Please upgrade to Gymnasium, the maintained drop-in replacement of Gym, or contact the authors of your software and request that they upgrade.
Users of this version of Gym should be able to simply replace 'import gym' with 'import gymnasium as gym' in the vast majority of cases.
See the migration guide at https://gymnasium.farama.org/introduction/migration_guide/ for additional information.
Gym has been unmaintained since 2022 and does not support NumPy 2.0 amongst other critical functionality.
Please upgrade to Gymnasium, the maintained drop-in replacement of Gym, or contact the authors of your software and request that they upgrade.
Users of this version of Gym should be able to simply replace 'import gym' with 'import gymnasium as gym' in the vast majority of cases.
See the migration guide at https://gymnasium.farama.org/introduction/migration_guide/ for additional information.
Traceback (most recent call last):
  File "/home/wangdx_lab/cse12211818/.conda/envs/swE2/lib/python3.9/multiprocessing/process.py", line 315, in _bootstrap
    self.run()
  File "/home/wangdx_lab/cse12211818/.conda/envs/swE2/lib/python3.9/multiprocessing/process.py", line 108, in run
    self._target(*self._args, **self._kwargs)
  File "/home/wangdx_lab/cse12211818/MAPPO/envs/env_wrappers.py", line 142, in worker
    env = env_fn_wrapper.x()
  File "/home/wangdx_lab/cse12211818/MAPPO/train.py", line 32, in init_env
    env = DiscreteActionEnv(all_args)
  File "/home/wangdx_lab/cse12211818/MAPPO/envs/env_discrete.py", line 37, in __init__
    self.env = EnvCore(all_args)
  File "/home/wangdx_lab/cse12211818/MAPPO/envs/env_core.py", line 199, in __init__
    self.dynamic_slot_m = max(1, min(sc, self.num_goal_targets))
AttributeError: 'EnvCore' object has no attribute 'num_goal_targets'
成功加载长度 10: 26 个图案。
初始化完成：内存中可用长度 -> [10]
[font-pattern][train] env_rank=142/199, length=10, name=J
Gym has been unmaintained since 2022 and does not support NumPy 2.0 amongst other critical functionality.
Please upgrade to Gymnasium, the maintained drop-in replacement of Gym, or contact the authors of your software and request that they upgrade.
Users of this version of Gym should be able to simply replace 'import gym' with 'import gymnasium as gym' in the vast majority of cases.
See the migration guide at https://gymnasium.farama.org/introduction/migration_guide/ for additional information.
Process Process-144:
Traceback (most recent call last):
  File "/home/wangdx_lab/cse12211818/.conda/envs/swE2/lib/python3.9/multiprocessing/process.py", line 315, in _bootstrap
    self.run()
  File "/home/wangdx_lab/cse12211818/.conda/envs/swE2/lib/python3.9/multiprocessing/process.py", line 108, in run
    self._target(*self._args, **self._kwargs)
  File "/home/wangdx_lab/cse12211818/MAPPO/envs/env_wrappers.py", line 142, in worker
    env = env_fn_wrapper.x()
  File "/home/wangdx_lab/cse12211818/MAPPO/train.py", line 32, in init_env
    env = DiscreteActionEnv(all_args)
  File "/home/wangdx_lab/cse12211818/MAPPO/envs/env_discrete.py", line 37, in __init__
    self.env = EnvCore(all_args)
  File "/home/wangdx_lab/cse12211818/MAPPO/envs/env_core.py", line 199, in __init__
    self.dynamic_slot_m = max(1, min(sc, self.num_goal_targets))
AttributeError: 'EnvCore' object has no attribute 'num_goal_targets'
成功加载长度 10: 26 个图案。
初始化完成：内存中可用长度 -> [10]
[font-pattern][train] env_rank=143/199, length=10, name=K
Gym has been unmaintained since 2022 and does not support NumPy 2.0 amongst other critical functionality.
Please upgrade to Gymnasium, the maintained drop-in replacement of Gym, or contact the authors of your software and request that they upgrade.
Users of this version of Gym should be able to simply replace 'import gym' with 'import gymnasium as gym' in the vast majority of cases.
See the migration guide at https://gymnasium.farama.org/introduction/migration_guide/ for additional information.
Process Process-146:
Process Process-145:
Traceback (most recent call last):
  File "/home/wangdx_lab/cse12211818/.conda/envs/swE2/lib/python3.9/multiprocessing/process.py", line 315, in _bootstrap
    self.run()
  File "/home/wangdx_lab/cse12211818/.conda/envs/swE2/lib/python3.9/multiprocessing/process.py", line 108, in run
    self._target(*self._args, **self._kwargs)
  File "/home/wangdx_lab/cse12211818/MAPPO/envs/env_wrappers.py", line 142, in worker
    env = env_fn_wrapper.x()
  File "/home/wangdx_lab/cse12211818/MAPPO/train.py", line 32, in init_env
    env = DiscreteActionEnv(all_args)
  File "/home/wangdx_lab/cse12211818/MAPPO/envs/env_discrete.py", line 37, in __init__
    self.env = EnvCore(all_args)
  File "/home/wangdx_lab/cse12211818/MAPPO/envs/env_core.py", line 199, in __init__
    self.dynamic_slot_m = max(1, min(sc, self.num_goal_targets))
AttributeError: 'EnvCore' object has no attribute 'num_goal_targets'
成功加载长度 10: 26 个图案。
初始化完成：内存中可用长度 -> [10]
[font-pattern][train] env_rank=145/199, length=10, name=M
Traceback (most recent call last):
  File "/home/wangdx_lab/cse12211818/.conda/envs/swE2/lib/python3.9/multiprocessing/process.py", line 315, in _bootstrap
    self.run()
  File "/home/wangdx_lab/cse12211818/.conda/envs/swE2/lib/python3.9/multiprocessing/process.py", line 108, in run
    self._target(*self._args, **self._kwargs)
  File "/home/wangdx_lab/cse12211818/MAPPO/envs/env_wrappers.py", line 142, in worker
    env = env_fn_wrapper.x()
  File "/home/wangdx_lab/cse12211818/MAPPO/train.py", line 32, in init_env
    env = DiscreteActionEnv(all_args)
  File "/home/wangdx_lab/cse12211818/MAPPO/envs/env_discrete.py", line 37, in __init__
    self.env = EnvCore(all_args)
  File "/home/wangdx_lab/cse12211818/MAPPO/envs/env_core.py", line 199, in __init__
    self.dynamic_slot_m = max(1, min(sc, self.num_goal_targets))
AttributeError: 'EnvCore' object has no attribute 'num_goal_targets'
成功加载长度 10: 26 个图案。
初始化完成：内存中可用长度 -> [10]
[font-pattern][train] env_rank=144/199, length=10, name=L
Gym has been unmaintained since 2022 and does not support NumPy 2.0 amongst other critical functionality.
Please upgrade to Gymnasium, the maintained drop-in replacement of Gym, or contact the authors of your software and request that they upgrade.
Users of this version of Gym should be able to simply replace 'import gym' with 'import gymnasium as gym' in the vast majority of cases.
See the migration guide at https://gymnasium.farama.org/introduction/migration_guide/ for additional information.
Process Process-147:
Traceback (most recent call last):
  File "/home/wangdx_lab/cse12211818/.conda/envs/swE2/lib/python3.9/multiprocessing/process.py", line 315, in _bootstrap
    self.run()
  File "/home/wangdx_lab/cse12211818/.conda/envs/swE2/lib/python3.9/multiprocessing/process.py", line 108, in run
    self._target(*self._args, **self._kwargs)
  File "/home/wangdx_lab/cse12211818/MAPPO/envs/env_wrappers.py", line 142, in worker
    env = env_fn_wrapper.x()
  File "/home/wangdx_lab/cse12211818/MAPPO/train.py", line 32, in init_env
    env = DiscreteActionEnv(all_args)
  File "/home/wangdx_lab/cse12211818/MAPPO/envs/env_discrete.py", line 37, in __init__
    self.env = EnvCore(all_args)
  File "/home/wangdx_lab/cse12211818/MAPPO/envs/env_core.py", line 199, in __init__
    self.dynamic_slot_m = max(1, min(sc, self.num_goal_targets))
AttributeError: 'EnvCore' object has no attribute 'num_goal_targets'
成功加载长度 10: 26 个图案。
初始化完成：内存中可用长度 -> [10]
[font-pattern][train] env_rank=146/199, length=10, name=N
Process Process-148:
Gym has been unmaintained since 2022 and does not support NumPy 2.0 amongst other critical functionality.
Please upgrade to Gymnasium, the maintained drop-in replacement of Gym, or contact the authors of your software and request that they upgrade.
Users of this version of Gym should be able to simply replace 'import gym' with 'import gymnasium as gym' in the vast majority of cases.
See the migration guide at https://gymnasium.farama.org/introduction/migration_guide/ for additional information.
Traceback (most recent call last):
  File "/home/wangdx_lab/cse12211818/.conda/envs/swE2/lib/python3.9/multiprocessing/process.py", line 315, in _bootstrap
    self.run()
  File "/home/wangdx_lab/cse12211818/.conda/envs/swE2/lib/python3.9/multiprocessing/process.py", line 108, in run
    self._target(*self._args, **self._kwargs)
  File "/home/wangdx_lab/cse12211818/MAPPO/envs/env_wrappers.py", line 142, in worker
    env = env_fn_wrapper.x()
  File "/home/wangdx_lab/cse12211818/MAPPO/train.py", line 32, in init_env
    env = DiscreteActionEnv(all_args)
  File "/home/wangdx_lab/cse12211818/MAPPO/envs/env_discrete.py", line 37, in __init__
    self.env = EnvCore(all_args)
  File "/home/wangdx_lab/cse12211818/MAPPO/envs/env_core.py", line 199, in __init__
    self.dynamic_slot_m = max(1, min(sc, self.num_goal_targets))
AttributeError: 'EnvCore' object has no attribute 'num_goal_targets'
成功加载长度 10: 26 个图案。
初始化完成：内存中可用长度 -> [10]
[font-pattern][train] env_rank=147/199, length=10, name=O
Process Process-149:
Gym has been unmaintained since 2022 and does not support NumPy 2.0 amongst other critical functionality.
Please upgrade to Gymnasium, the maintained drop-in replacement of Gym, or contact the authors of your software and request that they upgrade.
Users of this version of Gym should be able to simply replace 'import gym' with 'import gymnasium as gym' in the vast majority of cases.
See the migration guide at https://gymnasium.farama.org/introduction/migration_guide/ for additional information.
Traceback (most recent call last):
  File "/home/wangdx_lab/cse12211818/.conda/envs/swE2/lib/python3.9/multiprocessing/process.py", line 315, in _bootstrap
    self.run()
  File "/home/wangdx_lab/cse12211818/.conda/envs/swE2/lib/python3.9/multiprocessing/process.py", line 108, in run
    self._target(*self._args, **self._kwargs)
  File "/home/wangdx_lab/cse12211818/MAPPO/envs/env_wrappers.py", line 142, in worker
    env = env_fn_wrapper.x()
  File "/home/wangdx_lab/cse12211818/MAPPO/train.py", line 32, in init_env
    env = DiscreteActionEnv(all_args)
  File "/home/wangdx_lab/cse12211818/MAPPO/envs/env_discrete.py", line 37, in __init__
    self.env = EnvCore(all_args)
  File "/home/wangdx_lab/cse12211818/MAPPO/envs/env_core.py", line 199, in __init__
    self.dynamic_slot_m = max(1, min(sc, self.num_goal_targets))
AttributeError: 'EnvCore' object has no attribute 'num_goal_targets'
成功加载长度 10: 26 个图案。
初始化完成：内存中可用长度 -> [10]
[font-pattern][train] env_rank=148/199, length=10, name=P
Gym has been unmaintained since 2022 and does not support NumPy 2.0 amongst other critical functionality.
Please upgrade to Gymnasium, the maintained drop-in replacement of Gym, or contact the authors of your software and request that they upgrade.
Users of this version of Gym should be able to simply replace 'import gym' with 'import gymnasium as gym' in the vast majority of cases.
See the migration guide at https://gymnasium.farama.org/introduction/migration_guide/ for additional information.
Process Process-151:
Traceback (most recent call last):
  File "/home/wangdx_lab/cse12211818/.conda/envs/swE2/lib/python3.9/multiprocessing/process.py", line 315, in _bootstrap
    self.run()
  File "/home/wangdx_lab/cse12211818/.conda/envs/swE2/lib/python3.9/multiprocessing/process.py", line 108, in run
    self._target(*self._args, **self._kwargs)
  File "/home/wangdx_lab/cse12211818/MAPPO/envs/env_wrappers.py", line 142, in worker
    env = env_fn_wrapper.x()
  File "/home/wangdx_lab/cse12211818/MAPPO/train.py", line 32, in init_env
    env = DiscreteActionEnv(all_args)
  File "/home/wangdx_lab/cse12211818/MAPPO/envs/env_discrete.py", line 37, in __init__
    self.env = EnvCore(all_args)
  File "/home/wangdx_lab/cse12211818/MAPPO/envs/env_core.py", line 199, in __init__
    self.dynamic_slot_m = max(1, min(sc, self.num_goal_targets))
AttributeError: 'EnvCore' object has no attribute 'num_goal_targets'
成功加载长度 10: 26 个图案。
初始化完成：内存中可用长度 -> [10]
[font-pattern][train] env_rank=150/199, length=10, name=R
Process Process-150:
Traceback (most recent call last):
  File "/home/wangdx_lab/cse12211818/.conda/envs/swE2/lib/python3.9/multiprocessing/process.py", line 315, in _bootstrap
    self.run()
  File "/home/wangdx_lab/cse12211818/.conda/envs/swE2/lib/python3.9/multiprocessing/process.py", line 108, in run
    self._target(*self._args, **self._kwargs)
  File "/home/wangdx_lab/cse12211818/MAPPO/envs/env_wrappers.py", line 142, in worker
    env = env_fn_wrapper.x()
  File "/home/wangdx_lab/cse12211818/MAPPO/train.py", line 32, in init_env
    env = DiscreteActionEnv(all_args)
  File "/home/wangdx_lab/cse12211818/MAPPO/envs/env_discrete.py", line 37, in __init__
    self.env = EnvCore(all_args)
  File "/home/wangdx_lab/cse12211818/MAPPO/envs/env_core.py", line 199, in __init__
    self.dynamic_slot_m = max(1, min(sc, self.num_goal_targets))
AttributeError: 'EnvCore' object has no attribute 'num_goal_targets'
成功加载长度 10: 26 个图案。
初始化完成：内存中可用长度 -> [10]
[font-pattern][train] env_rank=149/199, length=10, name=Q
Gym has been unmaintained since 2022 and does not support NumPy 2.0 amongst other critical functionality.
Please upgrade to Gymnasium, the maintained drop-in replacement of Gym, or contact the authors of your software and request that they upgrade.
Users of this version of Gym should be able to simply replace 'import gym' with 'import gymnasium as gym' in the vast majority of cases.
See the migration guide at https://gymnasium.farama.org/introduction/migration_guide/ for additional information.
Process Process-152:
Traceback (most recent call last):
  File "/home/wangdx_lab/cse12211818/.conda/envs/swE2/lib/python3.9/multiprocessing/process.py", line 315, in _bootstrap
    self.run()
  File "/home/wangdx_lab/cse12211818/.conda/envs/swE2/lib/python3.9/multiprocessing/process.py", line 108, in run
    self._target(*self._args, **self._kwargs)
  File "/home/wangdx_lab/cse12211818/MAPPO/envs/env_wrappers.py", line 142, in worker
    env = env_fn_wrapper.x()
  File "/home/wangdx_lab/cse12211818/MAPPO/train.py", line 32, in init_env
    env = DiscreteActionEnv(all_args)
  File "/home/wangdx_lab/cse12211818/MAPPO/envs/env_discrete.py", line 37, in __init__
    self.env = EnvCore(all_args)
  File "/home/wangdx_lab/cse12211818/MAPPO/envs/env_core.py", line 199, in __init__
    self.dynamic_slot_m = max(1, min(sc, self.num_goal_targets))
AttributeError: 'EnvCore' object has no attribute 'num_goal_targets'
成功加载长度 10: 26 个图案。
初始化完成：内存中可用长度 -> [10]
[font-pattern][train] env_rank=151/199, length=10, name=V
Gym has been unmaintained since 2022 and does not support NumPy 2.0 amongst other critical functionality.
Please upgrade to Gymnasium, the maintained drop-in replacement of Gym, or contact the authors of your software and request that they upgrade.
Users of this version of Gym should be able to simply replace 'import gym' with 'import gymnasium as gym' in the vast majority of cases.
See the migration guide at https://gymnasium.farama.org/introduction/migration_guide/ for additional information.
Gym has been unmaintained since 2022 and does not support NumPy 2.0 amongst other critical functionality.
Please upgrade to Gymnasium, the maintained drop-in replacement of Gym, or contact the authors of your software and request that they upgrade.
Users of this version of Gym should be able to simply replace 'import gym' with 'import gymnasium as gym' in the vast majority of cases.
See the migration guide at https://gymnasium.farama.org/introduction/migration_guide/ for additional information.
Process Process-153:
Traceback (most recent call last):
  File "/home/wangdx_lab/cse12211818/.conda/envs/swE2/lib/python3.9/multiprocessing/process.py", line 315, in _bootstrap
    self.run()
  File "/home/wangdx_lab/cse12211818/.conda/envs/swE2/lib/python3.9/multiprocessing/process.py", line 108, in run
    self._target(*self._args, **self._kwargs)
  File "/home/wangdx_lab/cse12211818/MAPPO/envs/env_wrappers.py", line 142, in worker
    env = env_fn_wrapper.x()
  File "/home/wangdx_lab/cse12211818/MAPPO/train.py", line 32, in init_env
    env = DiscreteActionEnv(all_args)
  File "/home/wangdx_lab/cse12211818/MAPPO/envs/env_discrete.py", line 37, in __init__
    self.env = EnvCore(all_args)
  File "/home/wangdx_lab/cse12211818/MAPPO/envs/env_core.py", line 199, in __init__
    self.dynamic_slot_m = max(1, min(sc, self.num_goal_targets))
AttributeError: 'EnvCore' object has no attribute 'num_goal_targets'
成功加载长度 10: 26 个图案。
初始化完成：内存中可用长度 -> [10]
[font-pattern][train] env_rank=152/199, length=10, name=W
Gym has been unmaintained since 2022 and does not support NumPy 2.0 amongst other critical functionality.
Please upgrade to Gymnasium, the maintained drop-in replacement of Gym, or contact the authors of your software and request that they upgrade.
Users of this version of Gym should be able to simply replace 'import gym' with 'import gymnasium as gym' in the vast majority of cases.
See the migration guide at https://gymnasium.farama.org/introduction/migration_guide/ for additional information.
Process Process-154:
Process Process-155:
Traceback (most recent call last):
  File "/home/wangdx_lab/cse12211818/.conda/envs/swE2/lib/python3.9/multiprocessing/process.py", line 315, in _bootstrap
    self.run()
  File "/home/wangdx_lab/cse12211818/.conda/envs/swE2/lib/python3.9/multiprocessing/process.py", line 108, in run
    self._target(*self._args, **self._kwargs)
  File "/home/wangdx_lab/cse12211818/MAPPO/envs/env_wrappers.py", line 142, in worker
    env = env_fn_wrapper.x()
  File "/home/wangdx_lab/cse12211818/MAPPO/train.py", line 32, in init_env
    env = DiscreteActionEnv(all_args)
  File "/home/wangdx_lab/cse12211818/MAPPO/envs/env_discrete.py", line 37, in __init__
    self.env = EnvCore(all_args)
  File "/home/wangdx_lab/cse12211818/MAPPO/envs/env_core.py", line 199, in __init__
    self.dynamic_slot_m = max(1, min(sc, self.num_goal_targets))
AttributeError: 'EnvCore' object has no attribute 'num_goal_targets'
成功加载长度 10: 26 个图案。
初始化完成：内存中可用长度 -> [10]
[font-pattern][train] env_rank=154/199, length=10, name=Y
Traceback (most recent call last):
  File "/home/wangdx_lab/cse12211818/.conda/envs/swE2/lib/python3.9/multiprocessing/process.py", line 315, in _bootstrap
    self.run()
  File "/home/wangdx_lab/cse12211818/.conda/envs/swE2/lib/python3.9/multiprocessing/process.py", line 108, in run
    self._target(*self._args, **self._kwargs)
  File "/home/wangdx_lab/cse12211818/MAPPO/envs/env_wrappers.py", line 142, in worker
    env = env_fn_wrapper.x()
  File "/home/wangdx_lab/cse12211818/MAPPO/train.py", line 32, in init_env
    env = DiscreteActionEnv(all_args)
  File "/home/wangdx_lab/cse12211818/MAPPO/envs/env_discrete.py", line 37, in __init__
    self.env = EnvCore(all_args)
  File "/home/wangdx_lab/cse12211818/MAPPO/envs/env_core.py", line 199, in __init__
    self.dynamic_slot_m = max(1, min(sc, self.num_goal_targets))
AttributeError: 'EnvCore' object has no attribute 'num_goal_targets'
成功加载长度 10: 26 个图案。
初始化完成：内存中可用长度 -> [10]
[font-pattern][train] env_rank=153/199, length=10, name=X
Gym has been unmaintained since 2022 and does not support NumPy 2.0 amongst other critical functionality.
Please upgrade to Gymnasium, the maintained drop-in replacement of Gym, or contact the authors of your software and request that they upgrade.
Users of this version of Gym should be able to simply replace 'import gym' with 'import gymnasium as gym' in the vast majority of cases.
See the migration guide at https://gymnasium.farama.org/introduction/migration_guide/ for additional information.
Gym has been unmaintained since 2022 and does not support NumPy 2.0 amongst other critical functionality.
Please upgrade to Gymnasium, the maintained drop-in replacement of Gym, or contact the authors of your software and request that they upgrade.
Users of this version of Gym should be able to simply replace 'import gym' with 'import gymnasium as gym' in the vast majority of cases.
See the migration guide at https://gymnasium.farama.org/introduction/migration_guide/ for additional information.
Process Process-156:
Traceback (most recent call last):
  File "/home/wangdx_lab/cse12211818/.conda/envs/swE2/lib/python3.9/multiprocessing/process.py", line 315, in _bootstrap
    self.run()
  File "/home/wangdx_lab/cse12211818/.conda/envs/swE2/lib/python3.9/multiprocessing/process.py", line 108, in run
    self._target(*self._args, **self._kwargs)
  File "/home/wangdx_lab/cse12211818/MAPPO/envs/env_wrappers.py", line 142, in worker
    env = env_fn_wrapper.x()
  File "/home/wangdx_lab/cse12211818/MAPPO/train.py", line 32, in init_env
    env = DiscreteActionEnv(all_args)
  File "/home/wangdx_lab/cse12211818/MAPPO/envs/env_discrete.py", line 37, in __init__
    self.env = EnvCore(all_args)
  File "/home/wangdx_lab/cse12211818/MAPPO/envs/env_core.py", line 199, in __init__
    self.dynamic_slot_m = max(1, min(sc, self.num_goal_targets))
AttributeError: 'EnvCore' object has no attribute 'num_goal_targets'
成功加载长度 10: 26 个图案。
初始化完成：内存中可用长度 -> [10]
[font-pattern][train] env_rank=155/199, length=10, name=Z
Process Process-157:
Gym has been unmaintained since 2022 and does not support NumPy 2.0 amongst other critical functionality.
Please upgrade to Gymnasium, the maintained drop-in replacement of Gym, or contact the authors of your software and request that they upgrade.
Users of this version of Gym should be able to simply replace 'import gym' with 'import gymnasium as gym' in the vast majority of cases.
See the migration guide at https://gymnasium.farama.org/introduction/migration_guide/ for additional information.
Process Process-158:
Traceback (most recent call last):
  File "/home/wangdx_lab/cse12211818/.conda/envs/swE2/lib/python3.9/multiprocessing/process.py", line 315, in _bootstrap
    self.run()
  File "/home/wangdx_lab/cse12211818/.conda/envs/swE2/lib/python3.9/multiprocessing/process.py", line 108, in run
    self._target(*self._args, **self._kwargs)
  File "/home/wangdx_lab/cse12211818/MAPPO/envs/env_wrappers.py", line 142, in worker
    env = env_fn_wrapper.x()
  File "/home/wangdx_lab/cse12211818/MAPPO/train.py", line 32, in init_env
    env = DiscreteActionEnv(all_args)
  File "/home/wangdx_lab/cse12211818/MAPPO/envs/env_discrete.py", line 37, in __init__
    self.env = EnvCore(all_args)
  File "/home/wangdx_lab/cse12211818/MAPPO/envs/env_core.py", line 199, in __init__
    self.dynamic_slot_m = max(1, min(sc, self.num_goal_targets))
AttributeError: 'EnvCore' object has no attribute 'num_goal_targets'
成功加载长度 10: 26 个图案。
初始化完成：内存中可用长度 -> [10]
[font-pattern][train] env_rank=156/199, length=10, name=U
Traceback (most recent call last):
  File "/home/wangdx_lab/cse12211818/.conda/envs/swE2/lib/python3.9/multiprocessing/process.py", line 315, in _bootstrap
    self.run()
  File "/home/wangdx_lab/cse12211818/.conda/envs/swE2/lib/python3.9/multiprocessing/process.py", line 108, in run
    self._target(*self._args, **self._kwargs)
  File "/home/wangdx_lab/cse12211818/MAPPO/envs/env_wrappers.py", line 142, in worker
    env = env_fn_wrapper.x()
  File "/home/wangdx_lab/cse12211818/MAPPO/train.py", line 32, in init_env
    env = DiscreteActionEnv(all_args)
  File "/home/wangdx_lab/cse12211818/MAPPO/envs/env_discrete.py", line 37, in __init__
    self.env = EnvCore(all_args)
  File "/home/wangdx_lab/cse12211818/MAPPO/envs/env_core.py", line 199, in __init__
    self.dynamic_slot_m = max(1, min(sc, self.num_goal_targets))
AttributeError: 'EnvCore' object has no attribute 'num_goal_targets'
成功加载长度 10: 26 个图案。
初始化完成：内存中可用长度 -> [10]
[font-pattern][train] env_rank=157/199, length=10, name=T
Gym has been unmaintained since 2022 and does not support NumPy 2.0 amongst other critical functionality.
Please upgrade to Gymnasium, the maintained drop-in replacement of Gym, or contact the authors of your software and request that they upgrade.
Users of this version of Gym should be able to simply replace 'import gym' with 'import gymnasium as gym' in the vast majority of cases.
See the migration guide at https://gymnasium.farama.org/introduction/migration_guide/ for additional information.
Gym has been unmaintained since 2022 and does not support NumPy 2.0 amongst other critical functionality.
Please upgrade to Gymnasium, the maintained drop-in replacement of Gym, or contact the authors of your software and request that they upgrade.
Users of this version of Gym should be able to simply replace 'import gym' with 'import gymnasium as gym' in the vast majority of cases.
See the migration guide at https://gymnasium.farama.org/introduction/migration_guide/ for additional information.
Gym has been unmaintained since 2022 and does not support NumPy 2.0 amongst other critical functionality.
Please upgrade to Gymnasium, the maintained drop-in replacement of Gym, or contact the authors of your software and request that they upgrade.
Users of this version of Gym should be able to simply replace 'import gym' with 'import gymnasium as gym' in the vast majority of cases.
See the migration guide at https://gymnasium.farama.org/introduction/migration_guide/ for additional information.
Gym has been unmaintained since 2022 and does not support NumPy 2.0 amongst other critical functionality.
Please upgrade to Gymnasium, the maintained drop-in replacement of Gym, or contact the authors of your software and request that they upgrade.
Users of this version of Gym should be able to simply replace 'import gym' with 'import gymnasium as gym' in the vast majority of cases.
See the migration guide at https://gymnasium.farama.org/introduction/migration_guide/ for additional information.
Process Process-159:
Traceback (most recent call last):
  File "/home/wangdx_lab/cse12211818/.conda/envs/swE2/lib/python3.9/multiprocessing/process.py", line 315, in _bootstrap
    self.run()
  File "/home/wangdx_lab/cse12211818/.conda/envs/swE2/lib/python3.9/multiprocessing/process.py", line 108, in run
    self._target(*self._args, **self._kwargs)
  File "/home/wangdx_lab/cse12211818/MAPPO/envs/env_wrappers.py", line 142, in worker
    env = env_fn_wrapper.x()
  File "/home/wangdx_lab/cse12211818/MAPPO/train.py", line 32, in init_env
    env = DiscreteActionEnv(all_args)
  File "/home/wangdx_lab/cse12211818/MAPPO/envs/env_discrete.py", line 37, in __init__
    self.env = EnvCore(all_args)
  File "/home/wangdx_lab/cse12211818/MAPPO/envs/env_core.py", line 199, in __init__
    self.dynamic_slot_m = max(1, min(sc, self.num_goal_targets))
AttributeError: 'EnvCore' object has no attribute 'num_goal_targets'
成功加载长度 10: 26 个图案。
初始化完成：内存中可用长度 -> [10]
[font-pattern][train] env_rank=158/199, length=10, name=E
Process Process-160:
Traceback (most recent call last):
  File "/home/wangdx_lab/cse12211818/.conda/envs/swE2/lib/python3.9/multiprocessing/process.py", line 315, in _bootstrap
    self.run()
  File "/home/wangdx_lab/cse12211818/.conda/envs/swE2/lib/python3.9/multiprocessing/process.py", line 108, in run
    self._target(*self._args, **self._kwargs)
  File "/home/wangdx_lab/cse12211818/MAPPO/envs/env_wrappers.py", line 142, in worker
    env = env_fn_wrapper.x()
  File "/home/wangdx_lab/cse12211818/MAPPO/train.py", line 32, in init_env
    env = DiscreteActionEnv(all_args)
  File "/home/wangdx_lab/cse12211818/MAPPO/envs/env_discrete.py", line 37, in __init__
    self.env = EnvCore(all_args)
  File "/home/wangdx_lab/cse12211818/MAPPO/envs/env_core.py", line 199, in __init__
    self.dynamic_slot_m = max(1, min(sc, self.num_goal_targets))
AttributeError: 'EnvCore' object has no attribute 'num_goal_targets'
成功加载长度 10: 26 个图案。
初始化完成：内存中可用长度 -> [10]
[font-pattern][train] env_rank=159/199, length=10, name=C
Process Process-161:
Process Process-163:
Process Process-162:
Traceback (most recent call last):
  File "/home/wangdx_lab/cse12211818/.conda/envs/swE2/lib/python3.9/multiprocessing/process.py", line 315, in _bootstrap
    self.run()
  File "/home/wangdx_lab/cse12211818/.conda/envs/swE2/lib/python3.9/multiprocessing/process.py", line 108, in run
    self._target(*self._args, **self._kwargs)
  File "/home/wangdx_lab/cse12211818/MAPPO/envs/env_wrappers.py", line 142, in worker
    env = env_fn_wrapper.x()
  File "/home/wangdx_lab/cse12211818/MAPPO/train.py", line 32, in init_env
    env = DiscreteActionEnv(all_args)
  File "/home/wangdx_lab/cse12211818/MAPPO/envs/env_discrete.py", line 37, in __init__
    self.env = EnvCore(all_args)
  File "/home/wangdx_lab/cse12211818/MAPPO/envs/env_core.py", line 199, in __init__
    self.dynamic_slot_m = max(1, min(sc, self.num_goal_targets))
AttributeError: 'EnvCore' object has no attribute 'num_goal_targets'
成功加载长度 10: 26 个图案。
初始化完成：内存中可用长度 -> [10]
[font-pattern][train] env_rank=162/199, length=10, name=A
Traceback (most recent call last):
  File "/home/wangdx_lab/cse12211818/.conda/envs/swE2/lib/python3.9/multiprocessing/process.py", line 315, in _bootstrap
    self.run()
  File "/home/wangdx_lab/cse12211818/.conda/envs/swE2/lib/python3.9/multiprocessing/process.py", line 108, in run
    self._target(*self._args, **self._kwargs)
  File "/home/wangdx_lab/cse12211818/MAPPO/envs/env_wrappers.py", line 142, in worker
    env = env_fn_wrapper.x()
  File "/home/wangdx_lab/cse12211818/MAPPO/train.py", line 32, in init_env
    env = DiscreteActionEnv(all_args)
  File "/home/wangdx_lab/cse12211818/MAPPO/envs/env_discrete.py", line 37, in __init__
    self.env = EnvCore(all_args)
  File "/home/wangdx_lab/cse12211818/MAPPO/envs/env_core.py", line 199, in __init__
    self.dynamic_slot_m = max(1, min(sc, self.num_goal_targets))
AttributeError: 'EnvCore' object has no attribute 'num_goal_targets'
成功加载长度 10: 26 个图案。
初始化完成：内存中可用长度 -> [10]
[font-pattern][train] env_rank=160/199, length=10, name=S
Gym has been unmaintained since 2022 and does not support NumPy 2.0 amongst other critical functionality.
Please upgrade to Gymnasium, the maintained drop-in replacement of Gym, or contact the authors of your software and request that they upgrade.
Users of this version of Gym should be able to simply replace 'import gym' with 'import gymnasium as gym' in the vast majority of cases.
See the migration guide at https://gymnasium.farama.org/introduction/migration_guide/ for additional information.
Gym has been unmaintained since 2022 and does not support NumPy 2.0 amongst other critical functionality.
Please upgrade to Gymnasium, the maintained drop-in replacement of Gym, or contact the authors of your software and request that they upgrade.
Users of this version of Gym should be able to simply replace 'import gym' with 'import gymnasium as gym' in the vast majority of cases.
See the migration guide at https://gymnasium.farama.org/introduction/migration_guide/ for additional information.
Traceback (most recent call last):
  File "/home/wangdx_lab/cse12211818/.conda/envs/swE2/lib/python3.9/multiprocessing/process.py", line 315, in _bootstrap
    self.run()
  File "/home/wangdx_lab/cse12211818/.conda/envs/swE2/lib/python3.9/multiprocessing/process.py", line 108, in run
    self._target(*self._args, **self._kwargs)
  File "/home/wangdx_lab/cse12211818/MAPPO/envs/env_wrappers.py", line 142, in worker
    env = env_fn_wrapper.x()
  File "/home/wangdx_lab/cse12211818/MAPPO/train.py", line 32, in init_env
    env = DiscreteActionEnv(all_args)
  File "/home/wangdx_lab/cse12211818/MAPPO/envs/env_discrete.py", line 37, in __init__
    self.env = EnvCore(all_args)
  File "/home/wangdx_lab/cse12211818/MAPPO/envs/env_core.py", line 199, in __init__
    self.dynamic_slot_m = max(1, min(sc, self.num_goal_targets))
AttributeError: 'EnvCore' object has no attribute 'num_goal_targets'
成功加载长度 10: 26 个图案。
初始化完成：内存中可用长度 -> [10]
[font-pattern][train] env_rank=161/199, length=10, name=H
Gym has been unmaintained since 2022 and does not support NumPy 2.0 amongst other critical functionality.
Please upgrade to Gymnasium, the maintained drop-in replacement of Gym, or contact the authors of your software and request that they upgrade.
Users of this version of Gym should be able to simply replace 'import gym' with 'import gymnasium as gym' in the vast majority of cases.
See the migration guide at https://gymnasium.farama.org/introduction/migration_guide/ for additional information.
Process Process-165:
Process Process-164:
Process Process-166:
Traceback (most recent call last):
  File "/home/wangdx_lab/cse12211818/.conda/envs/swE2/lib/python3.9/multiprocessing/process.py", line 315, in _bootstrap
    self.run()
  File "/home/wangdx_lab/cse12211818/.conda/envs/swE2/lib/python3.9/multiprocessing/process.py", line 108, in run
    self._target(*self._args, **self._kwargs)
  File "/home/wangdx_lab/cse12211818/MAPPO/envs/env_wrappers.py", line 142, in worker
    env = env_fn_wrapper.x()
  File "/home/wangdx_lab/cse12211818/MAPPO/train.py", line 32, in init_env
    env = DiscreteActionEnv(all_args)
  File "/home/wangdx_lab/cse12211818/MAPPO/envs/env_discrete.py", line 37, in __init__
    self.env = EnvCore(all_args)
  File "/home/wangdx_lab/cse12211818/MAPPO/envs/env_core.py", line 199, in __init__
    self.dynamic_slot_m = max(1, min(sc, self.num_goal_targets))
AttributeError: 'EnvCore' object has no attribute 'num_goal_targets'
成功加载长度 10: 26 个图案。
初始化完成：内存中可用长度 -> [10]
[font-pattern][train] env_rank=163/199, length=10, name=B
Traceback (most recent call last):
  File "/home/wangdx_lab/cse12211818/.conda/envs/swE2/lib/python3.9/multiprocessing/process.py", line 315, in _bootstrap
    self.run()
  File "/home/wangdx_lab/cse12211818/.conda/envs/swE2/lib/python3.9/multiprocessing/process.py", line 108, in run
    self._target(*self._args, **self._kwargs)
  File "/home/wangdx_lab/cse12211818/MAPPO/envs/env_wrappers.py", line 142, in worker
    env = env_fn_wrapper.x()
  File "/home/wangdx_lab/cse12211818/MAPPO/train.py", line 32, in init_env
    env = DiscreteActionEnv(all_args)
  File "/home/wangdx_lab/cse12211818/MAPPO/envs/env_discrete.py", line 37, in __init__
    self.env = EnvCore(all_args)
  File "/home/wangdx_lab/cse12211818/MAPPO/envs/env_core.py", line 199, in __init__
    self.dynamic_slot_m = max(1, min(sc, self.num_goal_targets))
AttributeError: 'EnvCore' object has no attribute 'num_goal_targets'
成功加载长度 10: 26 个图案。
初始化完成：内存中可用长度 -> [10]
[font-pattern][train] env_rank=164/199, length=10, name=D
Traceback (most recent call last):
  File "/home/wangdx_lab/cse12211818/.conda/envs/swE2/lib/python3.9/multiprocessing/process.py", line 315, in _bootstrap
    self.run()
  File "/home/wangdx_lab/cse12211818/.conda/envs/swE2/lib/python3.9/multiprocessing/process.py", line 108, in run
    self._target(*self._args, **self._kwargs)
  File "/home/wangdx_lab/cse12211818/MAPPO/envs/env_wrappers.py", line 142, in worker
    env = env_fn_wrapper.x()
  File "/home/wangdx_lab/cse12211818/MAPPO/train.py", line 32, in init_env
    env = DiscreteActionEnv(all_args)
  File "/home/wangdx_lab/cse12211818/MAPPO/envs/env_discrete.py", line 37, in __init__
    self.env = EnvCore(all_args)
  File "/home/wangdx_lab/cse12211818/MAPPO/envs/env_core.py", line 199, in __init__
    self.dynamic_slot_m = max(1, min(sc, self.num_goal_targets))
AttributeError: 'EnvCore' object has no attribute 'num_goal_targets'
成功加载长度 10: 26 个图案。
初始化完成：内存中可用长度 -> [10]
[font-pattern][train] env_rank=165/199, length=10, name=F
Gym has been unmaintained since 2022 and does not support NumPy 2.0 amongst other critical functionality.
Please upgrade to Gymnasium, the maintained drop-in replacement of Gym, or contact the authors of your software and request that they upgrade.
Users of this version of Gym should be able to simply replace 'import gym' with 'import gymnasium as gym' in the vast majority of cases.
See the migration guide at https://gymnasium.farama.org/introduction/migration_guide/ for additional information.
Gym has been unmaintained since 2022 and does not support NumPy 2.0 amongst other critical functionality.
Please upgrade to Gymnasium, the maintained drop-in replacement of Gym, or contact the authors of your software and request that they upgrade.
Users of this version of Gym should be able to simply replace 'import gym' with 'import gymnasium as gym' in the vast majority of cases.
See the migration guide at https://gymnasium.farama.org/introduction/migration_guide/ for additional information.
Process Process-167:
Process Process-168:
Traceback (most recent call last):
  File "/home/wangdx_lab/cse12211818/.conda/envs/swE2/lib/python3.9/multiprocessing/process.py", line 315, in _bootstrap
    self.run()
  File "/home/wangdx_lab/cse12211818/.conda/envs/swE2/lib/python3.9/multiprocessing/process.py", line 108, in run
    self._target(*self._args, **self._kwargs)
  File "/home/wangdx_lab/cse12211818/MAPPO/envs/env_wrappers.py", line 142, in worker
    env = env_fn_wrapper.x()
  File "/home/wangdx_lab/cse12211818/MAPPO/train.py", line 32, in init_env
    env = DiscreteActionEnv(all_args)
  File "/home/wangdx_lab/cse12211818/MAPPO/envs/env_discrete.py", line 37, in __init__
    self.env = EnvCore(all_args)
  File "/home/wangdx_lab/cse12211818/MAPPO/envs/env_core.py", line 199, in __init__
    self.dynamic_slot_m = max(1, min(sc, self.num_goal_targets))
AttributeError: 'EnvCore' object has no attribute 'num_goal_targets'
成功加载长度 10: 26 个图案。
初始化完成：内存中可用长度 -> [10]
[font-pattern][train] env_rank=166/199, length=10, name=G
Traceback (most recent call last):
  File "/home/wangdx_lab/cse12211818/.conda/envs/swE2/lib/python3.9/multiprocessing/process.py", line 315, in _bootstrap
    self.run()
  File "/home/wangdx_lab/cse12211818/.conda/envs/swE2/lib/python3.9/multiprocessing/process.py", line 108, in run
    self._target(*self._args, **self._kwargs)
  File "/home/wangdx_lab/cse12211818/MAPPO/envs/env_wrappers.py", line 142, in worker
    env = env_fn_wrapper.x()
  File "/home/wangdx_lab/cse12211818/MAPPO/train.py", line 32, in init_env
    env = DiscreteActionEnv(all_args)
  File "/home/wangdx_lab/cse12211818/MAPPO/envs/env_discrete.py", line 37, in __init__
    self.env = EnvCore(all_args)
  File "/home/wangdx_lab/cse12211818/MAPPO/envs/env_core.py", line 199, in __init__
    self.dynamic_slot_m = max(1, min(sc, self.num_goal_targets))
AttributeError: 'EnvCore' object has no attribute 'num_goal_targets'
成功加载长度 10: 26 个图案。
初始化完成：内存中可用长度 -> [10]
[font-pattern][train] env_rank=167/199, length=10, name=I
Gym has been unmaintained since 2022 and does not support NumPy 2.0 amongst other critical functionality.
Please upgrade to Gymnasium, the maintained drop-in replacement of Gym, or contact the authors of your software and request that they upgrade.
Users of this version of Gym should be able to simply replace 'import gym' with 'import gymnasium as gym' in the vast majority of cases.
See the migration guide at https://gymnasium.farama.org/introduction/migration_guide/ for additional information.
Gym has been unmaintained since 2022 and does not support NumPy 2.0 amongst other critical functionality.
Please upgrade to Gymnasium, the maintained drop-in replacement of Gym, or contact the authors of your software and request that they upgrade.
Users of this version of Gym should be able to simply replace 'import gym' with 'import gymnasium as gym' in the vast majority of cases.
See the migration guide at https://gymnasium.farama.org/introduction/migration_guide/ for additional information.
Gym has been unmaintained since 2022 and does not support NumPy 2.0 amongst other critical functionality.
Please upgrade to Gymnasium, the maintained drop-in replacement of Gym, or contact the authors of your software and request that they upgrade.
Users of this version of Gym should be able to simply replace 'import gym' with 'import gymnasium as gym' in the vast majority of cases.
See the migration guide at https://gymnasium.farama.org/introduction/migration_guide/ for additional information.
Gym has been unmaintained since 2022 and does not support NumPy 2.0 amongst other critical functionality.
Please upgrade to Gymnasium, the maintained drop-in replacement of Gym, or contact the authors of your software and request that they upgrade.
Users of this version of Gym should be able to simply replace 'import gym' with 'import gymnasium as gym' in the vast majority of cases.
See the migration guide at https://gymnasium.farama.org/introduction/migration_guide/ for additional information.
Process Process-169:
Traceback (most recent call last):
  File "/home/wangdx_lab/cse12211818/.conda/envs/swE2/lib/python3.9/multiprocessing/process.py", line 315, in _bootstrap
    self.run()
  File "/home/wangdx_lab/cse12211818/.conda/envs/swE2/lib/python3.9/multiprocessing/process.py", line 108, in run
    self._target(*self._args, **self._kwargs)
  File "/home/wangdx_lab/cse12211818/MAPPO/envs/env_wrappers.py", line 142, in worker
    env = env_fn_wrapper.x()
  File "/home/wangdx_lab/cse12211818/MAPPO/train.py", line 32, in init_env
    env = DiscreteActionEnv(all_args)
  File "/home/wangdx_lab/cse12211818/MAPPO/envs/env_discrete.py", line 37, in __init__
    self.env = EnvCore(all_args)
  File "/home/wangdx_lab/cse12211818/MAPPO/envs/env_core.py", line 199, in __init__
    self.dynamic_slot_m = max(1, min(sc, self.num_goal_targets))
AttributeError: 'EnvCore' object has no attribute 'num_goal_targets'
成功加载长度 10: 26 个图案。
初始化完成：内存中可用长度 -> [10]
[font-pattern][train] env_rank=168/199, length=10, name=J
Process Process-170:
Process Process-172:
Gym has been unmaintained since 2022 and does not support NumPy 2.0 amongst other critical functionality.
Please upgrade to Gymnasium, the maintained drop-in replacement of Gym, or contact the authors of your software and request that they upgrade.
Users of this version of Gym should be able to simply replace 'import gym' with 'import gymnasium as gym' in the vast majority of cases.
See the migration guide at https://gymnasium.farama.org/introduction/migration_guide/ for additional information.
Gym has been unmaintained since 2022 and does not support NumPy 2.0 amongst other critical functionality.
Please upgrade to Gymnasium, the maintained drop-in replacement of Gym, or contact the authors of your software and request that they upgrade.
Users of this version of Gym should be able to simply replace 'import gym' with 'import gymnasium as gym' in the vast majority of cases.
See the migration guide at https://gymnasium.farama.org/introduction/migration_guide/ for additional information.
Process Process-171:
Gym has been unmaintained since 2022 and does not support NumPy 2.0 amongst other critical functionality.
Please upgrade to Gymnasium, the maintained drop-in replacement of Gym, or contact the authors of your software and request that they upgrade.
Users of this version of Gym should be able to simply replace 'import gym' with 'import gymnasium as gym' in the vast majority of cases.
See the migration guide at https://gymnasium.farama.org/introduction/migration_guide/ for additional information.
Traceback (most recent call last):
  File "/home/wangdx_lab/cse12211818/.conda/envs/swE2/lib/python3.9/multiprocessing/process.py", line 315, in _bootstrap
    self.run()
  File "/home/wangdx_lab/cse12211818/.conda/envs/swE2/lib/python3.9/multiprocessing/process.py", line 108, in run
    self._target(*self._args, **self._kwargs)
  File "/home/wangdx_lab/cse12211818/MAPPO/envs/env_wrappers.py", line 142, in worker
    env = env_fn_wrapper.x()
  File "/home/wangdx_lab/cse12211818/MAPPO/train.py", line 32, in init_env
    env = DiscreteActionEnv(all_args)
  File "/home/wangdx_lab/cse12211818/MAPPO/envs/env_discrete.py", line 37, in __init__
    self.env = EnvCore(all_args)
  File "/home/wangdx_lab/cse12211818/MAPPO/envs/env_core.py", line 199, in __init__
    self.dynamic_slot_m = max(1, min(sc, self.num_goal_targets))
AttributeError: 'EnvCore' object has no attribute 'num_goal_targets'
成功加载长度 10: 26 个图案。
初始化完成：内存中可用长度 -> [10]
[font-pattern][train] env_rank=169/199, length=10, name=K
Traceback (most recent call last):
  File "/home/wangdx_lab/cse12211818/.conda/envs/swE2/lib/python3.9/multiprocessing/process.py", line 315, in _bootstrap
    self.run()
  File "/home/wangdx_lab/cse12211818/.conda/envs/swE2/lib/python3.9/multiprocessing/process.py", line 108, in run
    self._target(*self._args, **self._kwargs)
  File "/home/wangdx_lab/cse12211818/MAPPO/envs/env_wrappers.py", line 142, in worker
    env = env_fn_wrapper.x()
  File "/home/wangdx_lab/cse12211818/MAPPO/train.py", line 32, in init_env
    env = DiscreteActionEnv(all_args)
  File "/home/wangdx_lab/cse12211818/MAPPO/envs/env_discrete.py", line 37, in __init__
    self.env = EnvCore(all_args)
  File "/home/wangdx_lab/cse12211818/MAPPO/envs/env_core.py", line 199, in __init__
    self.dynamic_slot_m = max(1, min(sc, self.num_goal_targets))
AttributeError: 'EnvCore' object has no attribute 'num_goal_targets'
成功加载长度 10: 26 个图案。
初始化完成：内存中可用长度 -> [10]
[font-pattern][train] env_rank=170/199, length=10, name=L
Traceback (most recent call last):
  File "/home/wangdx_lab/cse12211818/.conda/envs/swE2/lib/python3.9/multiprocessing/process.py", line 315, in _bootstrap
    self.run()
  File "/home/wangdx_lab/cse12211818/.conda/envs/swE2/lib/python3.9/multiprocessing/process.py", line 108, in run
    self._target(*self._args, **self._kwargs)
  File "/home/wangdx_lab/cse12211818/MAPPO/envs/env_wrappers.py", line 142, in worker
    env = env_fn_wrapper.x()
  File "/home/wangdx_lab/cse12211818/MAPPO/train.py", line 32, in init_env
    env = DiscreteActionEnv(all_args)
  File "/home/wangdx_lab/cse12211818/MAPPO/envs/env_discrete.py", line 37, in __init__
    self.env = EnvCore(all_args)
  File "/home/wangdx_lab/cse12211818/MAPPO/envs/env_core.py", line 199, in __init__
    self.dynamic_slot_m = max(1, min(sc, self.num_goal_targets))
AttributeError: 'EnvCore' object has no attribute 'num_goal_targets'
成功加载长度 10: 26 个图案。
初始化完成：内存中可用长度 -> [10]
[font-pattern][train] env_rank=171/199, length=10, name=M
Process Process-173:
Process Process-175:
Process Process-174:
Traceback (most recent call last):
  File "/home/wangdx_lab/cse12211818/.conda/envs/swE2/lib/python3.9/multiprocessing/process.py", line 315, in _bootstrap
    self.run()
  File "/home/wangdx_lab/cse12211818/.conda/envs/swE2/lib/python3.9/multiprocessing/process.py", line 108, in run
    self._target(*self._args, **self._kwargs)
  File "/home/wangdx_lab/cse12211818/MAPPO/envs/env_wrappers.py", line 142, in worker
    env = env_fn_wrapper.x()
  File "/home/wangdx_lab/cse12211818/MAPPO/train.py", line 32, in init_env
    env = DiscreteActionEnv(all_args)
  File "/home/wangdx_lab/cse12211818/MAPPO/envs/env_discrete.py", line 37, in __init__
    self.env = EnvCore(all_args)
  File "/home/wangdx_lab/cse12211818/MAPPO/envs/env_core.py", line 199, in __init__
    self.dynamic_slot_m = max(1, min(sc, self.num_goal_targets))
AttributeError: 'EnvCore' object has no attribute 'num_goal_targets'
成功加载长度 10: 26 个图案。
初始化完成：内存中可用长度 -> [10]
[font-pattern][train] env_rank=173/199, length=10, name=O
Traceback (most recent call last):
  File "/home/wangdx_lab/cse12211818/.conda/envs/swE2/lib/python3.9/multiprocessing/process.py", line 315, in _bootstrap
    self.run()
  File "/home/wangdx_lab/cse12211818/.conda/envs/swE2/lib/python3.9/multiprocessing/process.py", line 108, in run
    self._target(*self._args, **self._kwargs)
  File "/home/wangdx_lab/cse12211818/MAPPO/envs/env_wrappers.py", line 142, in worker
    env = env_fn_wrapper.x()
  File "/home/wangdx_lab/cse12211818/MAPPO/train.py", line 32, in init_env
    env = DiscreteActionEnv(all_args)
  File "/home/wangdx_lab/cse12211818/MAPPO/envs/env_discrete.py", line 37, in __init__
    self.env = EnvCore(all_args)
  File "/home/wangdx_lab/cse12211818/MAPPO/envs/env_core.py", line 199, in __init__
    self.dynamic_slot_m = max(1, min(sc, self.num_goal_targets))
AttributeError: 'EnvCore' object has no attribute 'num_goal_targets'
成功加载长度 10: 26 个图案。
初始化完成：内存中可用长度 -> [10]
[font-pattern][train] env_rank=172/199, length=10, name=N
Traceback (most recent call last):
  File "/home/wangdx_lab/cse12211818/.conda/envs/swE2/lib/python3.9/multiprocessing/process.py", line 315, in _bootstrap
    self.run()
  File "/home/wangdx_lab/cse12211818/.conda/envs/swE2/lib/python3.9/multiprocessing/process.py", line 108, in run
    self._target(*self._args, **self._kwargs)
  File "/home/wangdx_lab/cse12211818/MAPPO/envs/env_wrappers.py", line 142, in worker
    env = env_fn_wrapper.x()
  File "/home/wangdx_lab/cse12211818/MAPPO/train.py", line 32, in init_env
    env = DiscreteActionEnv(all_args)
  File "/home/wangdx_lab/cse12211818/MAPPO/envs/env_discrete.py", line 37, in __init__
    self.env = EnvCore(all_args)
  File "/home/wangdx_lab/cse12211818/MAPPO/envs/env_core.py", line 199, in __init__
    self.dynamic_slot_m = max(1, min(sc, self.num_goal_targets))
AttributeError: 'EnvCore' object has no attribute 'num_goal_targets'
成功加载长度 10: 26 个图案。
初始化完成：内存中可用长度 -> [10]
[font-pattern][train] env_rank=174/199, length=10, name=P
Gym has been unmaintained since 2022 and does not support NumPy 2.0 amongst other critical functionality.
Please upgrade to Gymnasium, the maintained drop-in replacement of Gym, or contact the authors of your software and request that they upgrade.
Users of this version of Gym should be able to simply replace 'import gym' with 'import gymnasium as gym' in the vast majority of cases.
See the migration guide at https://gymnasium.farama.org/introduction/migration_guide/ for additional information.
Gym has been unmaintained since 2022 and does not support NumPy 2.0 amongst other critical functionality.
Please upgrade to Gymnasium, the maintained drop-in replacement of Gym, or contact the authors of your software and request that they upgrade.
Users of this version of Gym should be able to simply replace 'import gym' with 'import gymnasium as gym' in the vast majority of cases.
See the migration guide at https://gymnasium.farama.org/introduction/migration_guide/ for additional information.
Gym has been unmaintained since 2022 and does not support NumPy 2.0 amongst other critical functionality.
Please upgrade to Gymnasium, the maintained drop-in replacement of Gym, or contact the authors of your software and request that they upgrade.
Users of this version of Gym should be able to simply replace 'import gym' with 'import gymnasium as gym' in the vast majority of cases.
See the migration guide at https://gymnasium.farama.org/introduction/migration_guide/ for additional information.
Process Process-176:
Process Process-177:
Gym has been unmaintained since 2022 and does not support NumPy 2.0 amongst other critical functionality.
Please upgrade to Gymnasium, the maintained drop-in replacement of Gym, or contact the authors of your software and request that they upgrade.
Users of this version of Gym should be able to simply replace 'import gym' with 'import gymnasium as gym' in the vast majority of cases.
See the migration guide at https://gymnasium.farama.org/introduction/migration_guide/ for additional information.
Gym has been unmaintained since 2022 and does not support NumPy 2.0 amongst other critical functionality.
Please upgrade to Gymnasium, the maintained drop-in replacement of Gym, or contact the authors of your software and request that they upgrade.
Users of this version of Gym should be able to simply replace 'import gym' with 'import gymnasium as gym' in the vast majority of cases.
See the migration guide at https://gymnasium.farama.org/introduction/migration_guide/ for additional information.
Traceback (most recent call last):
  File "/home/wangdx_lab/cse12211818/.conda/envs/swE2/lib/python3.9/multiprocessing/process.py", line 315, in _bootstrap
    self.run()
  File "/home/wangdx_lab/cse12211818/.conda/envs/swE2/lib/python3.9/multiprocessing/process.py", line 108, in run
    self._target(*self._args, **self._kwargs)
  File "/home/wangdx_lab/cse12211818/MAPPO/envs/env_wrappers.py", line 142, in worker
    env = env_fn_wrapper.x()
  File "/home/wangdx_lab/cse12211818/MAPPO/train.py", line 32, in init_env
    env = DiscreteActionEnv(all_args)
  File "/home/wangdx_lab/cse12211818/MAPPO/envs/env_discrete.py", line 37, in __init__
    self.env = EnvCore(all_args)
  File "/home/wangdx_lab/cse12211818/MAPPO/envs/env_core.py", line 199, in __init__
    self.dynamic_slot_m = max(1, min(sc, self.num_goal_targets))
AttributeError: 'EnvCore' object has no attribute 'num_goal_targets'
成功加载长度 10: 26 个图案。
初始化完成：内存中可用长度 -> [10]
[font-pattern][train] env_rank=175/199, length=10, name=Q
Traceback (most recent call last):
  File "/home/wangdx_lab/cse12211818/.conda/envs/swE2/lib/python3.9/multiprocessing/process.py", line 315, in _bootstrap
    self.run()
  File "/home/wangdx_lab/cse12211818/.conda/envs/swE2/lib/python3.9/multiprocessing/process.py", line 108, in run
    self._target(*self._args, **self._kwargs)
  File "/home/wangdx_lab/cse12211818/MAPPO/envs/env_wrappers.py", line 142, in worker
    env = env_fn_wrapper.x()
  File "/home/wangdx_lab/cse12211818/MAPPO/train.py", line 32, in init_env
    env = DiscreteActionEnv(all_args)
  File "/home/wangdx_lab/cse12211818/MAPPO/envs/env_discrete.py", line 37, in __init__
    self.env = EnvCore(all_args)
  File "/home/wangdx_lab/cse12211818/MAPPO/envs/env_core.py", line 199, in __init__
    self.dynamic_slot_m = max(1, min(sc, self.num_goal_targets))
AttributeError: 'EnvCore' object has no attribute 'num_goal_targets'
成功加载长度 10: 26 个图案。
初始化完成：内存中可用长度 -> [10]
[font-pattern][train] env_rank=176/199, length=10, name=R
Gym has been unmaintained since 2022 and does not support NumPy 2.0 amongst other critical functionality.
Please upgrade to Gymnasium, the maintained drop-in replacement of Gym, or contact the authors of your software and request that they upgrade.
Users of this version of Gym should be able to simply replace 'import gym' with 'import gymnasium as gym' in the vast majority of cases.
See the migration guide at https://gymnasium.farama.org/introduction/migration_guide/ for additional information.
Gym has been unmaintained since 2022 and does not support NumPy 2.0 amongst other critical functionality.
Please upgrade to Gymnasium, the maintained drop-in replacement of Gym, or contact the authors of your software and request that they upgrade.
Users of this version of Gym should be able to simply replace 'import gym' with 'import gymnasium as gym' in the vast majority of cases.
See the migration guide at https://gymnasium.farama.org/introduction/migration_guide/ for additional information.
Gym has been unmaintained since 2022 and does not support NumPy 2.0 amongst other critical functionality.
Please upgrade to Gymnasium, the maintained drop-in replacement of Gym, or contact the authors of your software and request that they upgrade.
Users of this version of Gym should be able to simply replace 'import gym' with 'import gymnasium as gym' in the vast majority of cases.
See the migration guide at https://gymnasium.farama.org/introduction/migration_guide/ for additional information.
Process Process-178:
Process Process-179:
Process Process-181:
Traceback (most recent call last):
  File "/home/wangdx_lab/cse12211818/.conda/envs/swE2/lib/python3.9/multiprocessing/process.py", line 315, in _bootstrap
    self.run()
  File "/home/wangdx_lab/cse12211818/.conda/envs/swE2/lib/python3.9/multiprocessing/process.py", line 108, in run
    self._target(*self._args, **self._kwargs)
  File "/home/wangdx_lab/cse12211818/MAPPO/envs/env_wrappers.py", line 142, in worker
    env = env_fn_wrapper.x()
  File "/home/wangdx_lab/cse12211818/MAPPO/train.py", line 32, in init_env
    env = DiscreteActionEnv(all_args)
  File "/home/wangdx_lab/cse12211818/MAPPO/envs/env_discrete.py", line 37, in __init__
    self.env = EnvCore(all_args)
  File "/home/wangdx_lab/cse12211818/MAPPO/envs/env_core.py", line 199, in __init__
    self.dynamic_slot_m = max(1, min(sc, self.num_goal_targets))
AttributeError: 'EnvCore' object has no attribute 'num_goal_targets'
成功加载长度 10: 26 个图案。
初始化完成：内存中可用长度 -> [10]
[font-pattern][train] env_rank=177/199, length=10, name=V
Traceback (most recent call last):
  File "/home/wangdx_lab/cse12211818/.conda/envs/swE2/lib/python3.9/multiprocessing/process.py", line 315, in _bootstrap
    self.run()
  File "/home/wangdx_lab/cse12211818/.conda/envs/swE2/lib/python3.9/multiprocessing/process.py", line 108, in run
    self._target(*self._args, **self._kwargs)
  File "/home/wangdx_lab/cse12211818/MAPPO/envs/env_wrappers.py", line 142, in worker
    env = env_fn_wrapper.x()
  File "/home/wangdx_lab/cse12211818/MAPPO/train.py", line 32, in init_env
    env = DiscreteActionEnv(all_args)
  File "/home/wangdx_lab/cse12211818/MAPPO/envs/env_discrete.py", line 37, in __init__
    self.env = EnvCore(all_args)
  File "/home/wangdx_lab/cse12211818/MAPPO/envs/env_core.py", line 199, in __init__
    self.dynamic_slot_m = max(1, min(sc, self.num_goal_targets))
AttributeError: 'EnvCore' object has no attribute 'num_goal_targets'
成功加载长度 10: 26 个图案。
初始化完成：内存中可用长度 -> [10]
[font-pattern][train] env_rank=178/199, length=10, name=W
Traceback (most recent call last):
  File "/home/wangdx_lab/cse12211818/.conda/envs/swE2/lib/python3.9/multiprocessing/process.py", line 315, in _bootstrap
    self.run()
  File "/home/wangdx_lab/cse12211818/.conda/envs/swE2/lib/python3.9/multiprocessing/process.py", line 108, in run
    self._target(*self._args, **self._kwargs)
  File "/home/wangdx_lab/cse12211818/MAPPO/envs/env_wrappers.py", line 142, in worker
    env = env_fn_wrapper.x()
  File "/home/wangdx_lab/cse12211818/MAPPO/train.py", line 32, in init_env
    env = DiscreteActionEnv(all_args)
  File "/home/wangdx_lab/cse12211818/MAPPO/envs/env_discrete.py", line 37, in __init__
    self.env = EnvCore(all_args)
  File "/home/wangdx_lab/cse12211818/MAPPO/envs/env_core.py", line 199, in __init__
    self.dynamic_slot_m = max(1, min(sc, self.num_goal_targets))
AttributeError: 'EnvCore' object has no attribute 'num_goal_targets'
成功加载长度 10: 26 个图案。
初始化完成：内存中可用长度 -> [10]
[font-pattern][train] env_rank=180/199, length=10, name=Y
Process Process-180:
Traceback (most recent call last):
  File "/home/wangdx_lab/cse12211818/.conda/envs/swE2/lib/python3.9/multiprocessing/process.py", line 315, in _bootstrap
    self.run()
  File "/home/wangdx_lab/cse12211818/.conda/envs/swE2/lib/python3.9/multiprocessing/process.py", line 108, in run
    self._target(*self._args, **self._kwargs)
  File "/home/wangdx_lab/cse12211818/MAPPO/envs/env_wrappers.py", line 142, in worker
    env = env_fn_wrapper.x()
  File "/home/wangdx_lab/cse12211818/MAPPO/train.py", line 32, in init_env
    env = DiscreteActionEnv(all_args)
  File "/home/wangdx_lab/cse12211818/MAPPO/envs/env_discrete.py", line 37, in __init__
    self.env = EnvCore(all_args)
  File "/home/wangdx_lab/cse12211818/MAPPO/envs/env_core.py", line 199, in __init__
    self.dynamic_slot_m = max(1, min(sc, self.num_goal_targets))
AttributeError: 'EnvCore' object has no attribute 'num_goal_targets'
成功加载长度 10: 26 个图案。
初始化完成：内存中可用长度 -> [10]
[font-pattern][train] env_rank=179/199, length=10, name=X
Process Process-183:
Process Process-182:
Traceback (most recent call last):
  File "/home/wangdx_lab/cse12211818/.conda/envs/swE2/lib/python3.9/multiprocessing/process.py", line 315, in _bootstrap
    self.run()
  File "/home/wangdx_lab/cse12211818/.conda/envs/swE2/lib/python3.9/multiprocessing/process.py", line 108, in run
    self._target(*self._args, **self._kwargs)
  File "/home/wangdx_lab/cse12211818/MAPPO/envs/env_wrappers.py", line 142, in worker
    env = env_fn_wrapper.x()
  File "/home/wangdx_lab/cse12211818/MAPPO/train.py", line 32, in init_env
    env = DiscreteActionEnv(all_args)
  File "/home/wangdx_lab/cse12211818/MAPPO/envs/env_discrete.py", line 37, in __init__
    self.env = EnvCore(all_args)
  File "/home/wangdx_lab/cse12211818/MAPPO/envs/env_core.py", line 199, in __init__
    self.dynamic_slot_m = max(1, min(sc, self.num_goal_targets))
AttributeError: 'EnvCore' object has no attribute 'num_goal_targets'
成功加载长度 10: 26 个图案。
初始化完成：内存中可用长度 -> [10]
[font-pattern][train] env_rank=181/199, length=10, name=Z
Traceback (most recent call last):
  File "/home/wangdx_lab/cse12211818/.conda/envs/swE2/lib/python3.9/multiprocessing/process.py", line 315, in _bootstrap
    self.run()
  File "/home/wangdx_lab/cse12211818/.conda/envs/swE2/lib/python3.9/multiprocessing/process.py", line 108, in run
    self._target(*self._args, **self._kwargs)
  File "/home/wangdx_lab/cse12211818/MAPPO/envs/env_wrappers.py", line 142, in worker
    env = env_fn_wrapper.x()
  File "/home/wangdx_lab/cse12211818/MAPPO/train.py", line 32, in init_env
    env = DiscreteActionEnv(all_args)
  File "/home/wangdx_lab/cse12211818/MAPPO/envs/env_discrete.py", line 37, in __init__
    self.env = EnvCore(all_args)
  File "/home/wangdx_lab/cse12211818/MAPPO/envs/env_core.py", line 199, in __init__
    self.dynamic_slot_m = max(1, min(sc, self.num_goal_targets))
AttributeError: 'EnvCore' object has no attribute 'num_goal_targets'
成功加载长度 10: 26 个图案。
初始化完成：内存中可用长度 -> [10]
[font-pattern][train] env_rank=182/199, length=10, name=U
Gym has been unmaintained since 2022 and does not support NumPy 2.0 amongst other critical functionality.
Please upgrade to Gymnasium, the maintained drop-in replacement of Gym, or contact the authors of your software and request that they upgrade.
Users of this version of Gym should be able to simply replace 'import gym' with 'import gymnasium as gym' in the vast majority of cases.
See the migration guide at https://gymnasium.farama.org/introduction/migration_guide/ for additional information.
Gym has been unmaintained since 2022 and does not support NumPy 2.0 amongst other critical functionality.
Please upgrade to Gymnasium, the maintained drop-in replacement of Gym, or contact the authors of your software and request that they upgrade.
Users of this version of Gym should be able to simply replace 'import gym' with 'import gymnasium as gym' in the vast majority of cases.
See the migration guide at https://gymnasium.farama.org/introduction/migration_guide/ for additional information.
Gym has been unmaintained since 2022 and does not support NumPy 2.0 amongst other critical functionality.
Please upgrade to Gymnasium, the maintained drop-in replacement of Gym, or contact the authors of your software and request that they upgrade.
Users of this version of Gym should be able to simply replace 'import gym' with 'import gymnasium as gym' in the vast majority of cases.
See the migration guide at https://gymnasium.farama.org/introduction/migration_guide/ for additional information.
Gym has been unmaintained since 2022 and does not support NumPy 2.0 amongst other critical functionality.
Please upgrade to Gymnasium, the maintained drop-in replacement of Gym, or contact the authors of your software and request that they upgrade.
Users of this version of Gym should be able to simply replace 'import gym' with 'import gymnasium as gym' in the vast majority of cases.
See the migration guide at https://gymnasium.farama.org/introduction/migration_guide/ for additional information.
Process Process-184:
Traceback (most recent call last):
  File "/home/wangdx_lab/cse12211818/.conda/envs/swE2/lib/python3.9/multiprocessing/process.py", line 315, in _bootstrap
    self.run()
  File "/home/wangdx_lab/cse12211818/.conda/envs/swE2/lib/python3.9/multiprocessing/process.py", line 108, in run
    self._target(*self._args, **self._kwargs)
  File "/home/wangdx_lab/cse12211818/MAPPO/envs/env_wrappers.py", line 142, in worker
    env = env_fn_wrapper.x()
  File "/home/wangdx_lab/cse12211818/MAPPO/train.py", line 32, in init_env
    env = DiscreteActionEnv(all_args)
  File "/home/wangdx_lab/cse12211818/MAPPO/envs/env_discrete.py", line 37, in __init__
    self.env = EnvCore(all_args)
  File "/home/wangdx_lab/cse12211818/MAPPO/envs/env_core.py", line 199, in __init__
    self.dynamic_slot_m = max(1, min(sc, self.num_goal_targets))
AttributeError: 'EnvCore' object has no attribute 'num_goal_targets'
成功加载长度 10: 26 个图案。
初始化完成：内存中可用长度 -> [10]
[font-pattern][train] env_rank=183/199, length=10, name=T
Process Process-187:
Process Process-186:
Process Process-185:
Traceback (most recent call last):
  File "/home/wangdx_lab/cse12211818/.conda/envs/swE2/lib/python3.9/multiprocessing/process.py", line 315, in _bootstrap
    self.run()
  File "/home/wangdx_lab/cse12211818/.conda/envs/swE2/lib/python3.9/multiprocessing/process.py", line 108, in run
    self._target(*self._args, **self._kwargs)
  File "/home/wangdx_lab/cse12211818/MAPPO/envs/env_wrappers.py", line 142, in worker
    env = env_fn_wrapper.x()
  File "/home/wangdx_lab/cse12211818/MAPPO/train.py", line 32, in init_env
    env = DiscreteActionEnv(all_args)
  File "/home/wangdx_lab/cse12211818/MAPPO/envs/env_discrete.py", line 37, in __init__
    self.env = EnvCore(all_args)
  File "/home/wangdx_lab/cse12211818/MAPPO/envs/env_core.py", line 199, in __init__
    self.dynamic_slot_m = max(1, min(sc, self.num_goal_targets))
AttributeError: 'EnvCore' object has no attribute 'num_goal_targets'
成功加载长度 10: 26 个图案。
初始化完成：内存中可用长度 -> [10]
[font-pattern][train] env_rank=186/199, length=10, name=S
Traceback (most recent call last):
  File "/home/wangdx_lab/cse12211818/.conda/envs/swE2/lib/python3.9/multiprocessing/process.py", line 315, in _bootstrap
    self.run()
  File "/home/wangdx_lab/cse12211818/.conda/envs/swE2/lib/python3.9/multiprocessing/process.py", line 108, in run
    self._target(*self._args, **self._kwargs)
  File "/home/wangdx_lab/cse12211818/MAPPO/envs/env_wrappers.py", line 142, in worker
    env = env_fn_wrapper.x()
  File "/home/wangdx_lab/cse12211818/MAPPO/train.py", line 32, in init_env
    env = DiscreteActionEnv(all_args)
  File "/home/wangdx_lab/cse12211818/MAPPO/envs/env_discrete.py", line 37, in __init__
    self.env = EnvCore(all_args)
  File "/home/wangdx_lab/cse12211818/MAPPO/envs/env_core.py", line 199, in __init__
    self.dynamic_slot_m = max(1, min(sc, self.num_goal_targets))
AttributeError: 'EnvCore' object has no attribute 'num_goal_targets'
成功加载长度 10: 26 个图案。
初始化完成：内存中可用长度 -> [10]
[font-pattern][train] env_rank=185/199, length=10, name=C
Gym has been unmaintained since 2022 and does not support NumPy 2.0 amongst other critical functionality.
Please upgrade to Gymnasium, the maintained drop-in replacement of Gym, or contact the authors of your software and request that they upgrade.
Users of this version of Gym should be able to simply replace 'import gym' with 'import gymnasium as gym' in the vast majority of cases.
See the migration guide at https://gymnasium.farama.org/introduction/migration_guide/ for additional information.
Gym has been unmaintained since 2022 and does not support NumPy 2.0 amongst other critical functionality.
Please upgrade to Gymnasium, the maintained drop-in replacement of Gym, or contact the authors of your software and request that they upgrade.
Users of this version of Gym should be able to simply replace 'import gym' with 'import gymnasium as gym' in the vast majority of cases.
See the migration guide at https://gymnasium.farama.org/introduction/migration_guide/ for additional information.
Traceback (most recent call last):
  File "/home/wangdx_lab/cse12211818/.conda/envs/swE2/lib/python3.9/multiprocessing/process.py", line 315, in _bootstrap
    self.run()
  File "/home/wangdx_lab/cse12211818/.conda/envs/swE2/lib/python3.9/multiprocessing/process.py", line 108, in run
    self._target(*self._args, **self._kwargs)
  File "/home/wangdx_lab/cse12211818/MAPPO/envs/env_wrappers.py", line 142, in worker
    env = env_fn_wrapper.x()
  File "/home/wangdx_lab/cse12211818/MAPPO/train.py", line 32, in init_env
    env = DiscreteActionEnv(all_args)
  File "/home/wangdx_lab/cse12211818/MAPPO/envs/env_discrete.py", line 37, in __init__
    self.env = EnvCore(all_args)
  File "/home/wangdx_lab/cse12211818/MAPPO/envs/env_core.py", line 199, in __init__
    self.dynamic_slot_m = max(1, min(sc, self.num_goal_targets))
AttributeError: 'EnvCore' object has no attribute 'num_goal_targets'
成功加载长度 10: 26 个图案。
初始化完成：内存中可用长度 -> [10]
[font-pattern][train] env_rank=184/199, length=10, name=E
Gym has been unmaintained since 2022 and does not support NumPy 2.0 amongst other critical functionality.
Please upgrade to Gymnasium, the maintained drop-in replacement of Gym, or contact the authors of your software and request that they upgrade.
Users of this version of Gym should be able to simply replace 'import gym' with 'import gymnasium as gym' in the vast majority of cases.
See the migration guide at https://gymnasium.farama.org/introduction/migration_guide/ for additional information.
Process Process-190:
Process Process-188:
Process Process-189:
Traceback (most recent call last):
  File "/home/wangdx_lab/cse12211818/.conda/envs/swE2/lib/python3.9/multiprocessing/process.py", line 315, in _bootstrap
    self.run()
  File "/home/wangdx_lab/cse12211818/.conda/envs/swE2/lib/python3.9/multiprocessing/process.py", line 108, in run
    self._target(*self._args, **self._kwargs)
  File "/home/wangdx_lab/cse12211818/MAPPO/envs/env_wrappers.py", line 142, in worker
    env = env_fn_wrapper.x()
  File "/home/wangdx_lab/cse12211818/MAPPO/train.py", line 32, in init_env
    env = DiscreteActionEnv(all_args)
  File "/home/wangdx_lab/cse12211818/MAPPO/envs/env_discrete.py", line 37, in __init__
    self.env = EnvCore(all_args)
  File "/home/wangdx_lab/cse12211818/MAPPO/envs/env_core.py", line 199, in __init__
    self.dynamic_slot_m = max(1, min(sc, self.num_goal_targets))
AttributeError: 'EnvCore' object has no attribute 'num_goal_targets'
成功加载长度 10: 26 个图案。
初始化完成：内存中可用长度 -> [10]
[font-pattern][train] env_rank=189/199, length=10, name=B
Traceback (most recent call last):
  File "/home/wangdx_lab/cse12211818/.conda/envs/swE2/lib/python3.9/multiprocessing/process.py", line 315, in _bootstrap
    self.run()
  File "/home/wangdx_lab/cse12211818/.conda/envs/swE2/lib/python3.9/multiprocessing/process.py", line 108, in run
    self._target(*self._args, **self._kwargs)
  File "/home/wangdx_lab/cse12211818/MAPPO/envs/env_wrappers.py", line 142, in worker
    env = env_fn_wrapper.x()
  File "/home/wangdx_lab/cse12211818/MAPPO/train.py", line 32, in init_env
    env = DiscreteActionEnv(all_args)
  File "/home/wangdx_lab/cse12211818/MAPPO/envs/env_discrete.py", line 37, in __init__
    self.env = EnvCore(all_args)
  File "/home/wangdx_lab/cse12211818/MAPPO/envs/env_core.py", line 199, in __init__
    self.dynamic_slot_m = max(1, min(sc, self.num_goal_targets))
AttributeError: 'EnvCore' object has no attribute 'num_goal_targets'
成功加载长度 10: 26 个图案。
初始化完成：内存中可用长度 -> [10]
[font-pattern][train] env_rank=187/199, length=10, name=H
Traceback (most recent call last):
  File "/home/wangdx_lab/cse12211818/.conda/envs/swE2/lib/python3.9/multiprocessing/process.py", line 315, in _bootstrap
    self.run()
  File "/home/wangdx_lab/cse12211818/.conda/envs/swE2/lib/python3.9/multiprocessing/process.py", line 108, in run
    self._target(*self._args, **self._kwargs)
  File "/home/wangdx_lab/cse12211818/MAPPO/envs/env_wrappers.py", line 142, in worker
    env = env_fn_wrapper.x()
  File "/home/wangdx_lab/cse12211818/MAPPO/train.py", line 32, in init_env
    env = DiscreteActionEnv(all_args)
  File "/home/wangdx_lab/cse12211818/MAPPO/envs/env_discrete.py", line 37, in __init__
    self.env = EnvCore(all_args)
  File "/home/wangdx_lab/cse12211818/MAPPO/envs/env_core.py", line 199, in __init__
    self.dynamic_slot_m = max(1, min(sc, self.num_goal_targets))
AttributeError: 'EnvCore' object has no attribute 'num_goal_targets'
成功加载长度 10: 26 个图案。
初始化完成：内存中可用长度 -> [10]
[font-pattern][train] env_rank=188/199, length=10, name=A
Gym has been unmaintained since 2022 and does not support NumPy 2.0 amongst other critical functionality.
Please upgrade to Gymnasium, the maintained drop-in replacement of Gym, or contact the authors of your software and request that they upgrade.
Users of this version of Gym should be able to simply replace 'import gym' with 'import gymnasium as gym' in the vast majority of cases.
See the migration guide at https://gymnasium.farama.org/introduction/migration_guide/ for additional information.
Gym has been unmaintained since 2022 and does not support NumPy 2.0 amongst other critical functionality.
Please upgrade to Gymnasium, the maintained drop-in replacement of Gym, or contact the authors of your software and request that they upgrade.
Users of this version of Gym should be able to simply replace 'import gym' with 'import gymnasium as gym' in the vast majority of cases.
See the migration guide at https://gymnasium.farama.org/introduction/migration_guide/ for additional information.
Process Process-191:
Process Process-192:
Traceback (most recent call last):
  File "/home/wangdx_lab/cse12211818/.conda/envs/swE2/lib/python3.9/multiprocessing/process.py", line 315, in _bootstrap
    self.run()
  File "/home/wangdx_lab/cse12211818/.conda/envs/swE2/lib/python3.9/multiprocessing/process.py", line 108, in run
    self._target(*self._args, **self._kwargs)
  File "/home/wangdx_lab/cse12211818/MAPPO/envs/env_wrappers.py", line 142, in worker
    env = env_fn_wrapper.x()
  File "/home/wangdx_lab/cse12211818/MAPPO/train.py", line 32, in init_env
    env = DiscreteActionEnv(all_args)
  File "/home/wangdx_lab/cse12211818/MAPPO/envs/env_discrete.py", line 37, in __init__
    self.env = EnvCore(all_args)
  File "/home/wangdx_lab/cse12211818/MAPPO/envs/env_core.py", line 199, in __init__
    self.dynamic_slot_m = max(1, min(sc, self.num_goal_targets))
AttributeError: 'EnvCore' object has no attribute 'num_goal_targets'
成功加载长度 10: 26 个图案。
初始化完成：内存中可用长度 -> [10]
[font-pattern][train] env_rank=191/199, length=10, name=F
Traceback (most recent call last):
  File "/home/wangdx_lab/cse12211818/.conda/envs/swE2/lib/python3.9/multiprocessing/process.py", line 315, in _bootstrap
    self.run()
  File "/home/wangdx_lab/cse12211818/.conda/envs/swE2/lib/python3.9/multiprocessing/process.py", line 108, in run
    self._target(*self._args, **self._kwargs)
  File "/home/wangdx_lab/cse12211818/MAPPO/envs/env_wrappers.py", line 142, in worker
    env = env_fn_wrapper.x()
  File "/home/wangdx_lab/cse12211818/MAPPO/train.py", line 32, in init_env
    env = DiscreteActionEnv(all_args)
  File "/home/wangdx_lab/cse12211818/MAPPO/envs/env_discrete.py", line 37, in __init__
    self.env = EnvCore(all_args)
  File "/home/wangdx_lab/cse12211818/MAPPO/envs/env_core.py", line 199, in __init__
    self.dynamic_slot_m = max(1, min(sc, self.num_goal_targets))
AttributeError: 'EnvCore' object has no attribute 'num_goal_targets'
成功加载长度 10: 26 个图案。
初始化完成：内存中可用长度 -> [10]
[font-pattern][train] env_rank=190/199, length=10, name=D
Gym has been unmaintained since 2022 and does not support NumPy 2.0 amongst other critical functionality.
Please upgrade to Gymnasium, the maintained drop-in replacement of Gym, or contact the authors of your software and request that they upgrade.
Users of this version of Gym should be able to simply replace 'import gym' with 'import gymnasium as gym' in the vast majority of cases.
See the migration guide at https://gymnasium.farama.org/introduction/migration_guide/ for additional information.
Gym has been unmaintained since 2022 and does not support NumPy 2.0 amongst other critical functionality.
Please upgrade to Gymnasium, the maintained drop-in replacement of Gym, or contact the authors of your software and request that they upgrade.
Users of this version of Gym should be able to simply replace 'import gym' with 'import gymnasium as gym' in the vast majority of cases.
See the migration guide at https://gymnasium.farama.org/introduction/migration_guide/ for additional information.
Gym has been unmaintained since 2022 and does not support NumPy 2.0 amongst other critical functionality.
Please upgrade to Gymnasium, the maintained drop-in replacement of Gym, or contact the authors of your software and request that they upgrade.
Users of this version of Gym should be able to simply replace 'import gym' with 'import gymnasium as gym' in the vast majority of cases.
See the migration guide at https://gymnasium.farama.org/introduction/migration_guide/ for additional information.
Gym has been unmaintained since 2022 and does not support NumPy 2.0 amongst other critical functionality.
Please upgrade to Gymnasium, the maintained drop-in replacement of Gym, or contact the authors of your software and request that they upgrade.
Users of this version of Gym should be able to simply replace 'import gym' with 'import gymnasium as gym' in the vast majority of cases.
See the migration guide at https://gymnasium.farama.org/introduction/migration_guide/ for additional information.
Gym has been unmaintained since 2022 and does not support NumPy 2.0 amongst other critical functionality.
Please upgrade to Gymnasium, the maintained drop-in replacement of Gym, or contact the authors of your software and request that they upgrade.
Users of this version of Gym should be able to simply replace 'import gym' with 'import gymnasium as gym' in the vast majority of cases.
See the migration guide at https://gymnasium.farama.org/introduction/migration_guide/ for additional information.
Process Process-193:
Traceback (most recent call last):
  File "/home/wangdx_lab/cse12211818/.conda/envs/swE2/lib/python3.9/multiprocessing/process.py", line 315, in _bootstrap
    self.run()
  File "/home/wangdx_lab/cse12211818/.conda/envs/swE2/lib/python3.9/multiprocessing/process.py", line 108, in run
    self._target(*self._args, **self._kwargs)
  File "/home/wangdx_lab/cse12211818/MAPPO/envs/env_wrappers.py", line 142, in worker
    env = env_fn_wrapper.x()
  File "/home/wangdx_lab/cse12211818/MAPPO/train.py", line 32, in init_env
    env = DiscreteActionEnv(all_args)
  File "/home/wangdx_lab/cse12211818/MAPPO/envs/env_discrete.py", line 37, in __init__
    self.env = EnvCore(all_args)
  File "/home/wangdx_lab/cse12211818/MAPPO/envs/env_core.py", line 199, in __init__
    self.dynamic_slot_m = max(1, min(sc, self.num_goal_targets))
AttributeError: 'EnvCore' object has no attribute 'num_goal_targets'
成功加载长度 10: 26 个图案。
初始化完成：内存中可用长度 -> [10]
[font-pattern][train] env_rank=192/199, length=10, name=G
Process Process-195:
Traceback (most recent call last):
  File "/home/wangdx_lab/cse12211818/.conda/envs/swE2/lib/python3.9/multiprocessing/process.py", line 315, in _bootstrap
    self.run()
  File "/home/wangdx_lab/cse12211818/.conda/envs/swE2/lib/python3.9/multiprocessing/process.py", line 108, in run
    self._target(*self._args, **self._kwargs)
  File "/home/wangdx_lab/cse12211818/MAPPO/envs/env_wrappers.py", line 142, in worker
    env = env_fn_wrapper.x()
  File "/home/wangdx_lab/cse12211818/MAPPO/train.py", line 32, in init_env
    env = DiscreteActionEnv(all_args)
  File "/home/wangdx_lab/cse12211818/MAPPO/envs/env_discrete.py", line 37, in __init__
    self.env = EnvCore(all_args)
  File "/home/wangdx_lab/cse12211818/MAPPO/envs/env_core.py", line 199, in __init__
    self.dynamic_slot_m = max(1, min(sc, self.num_goal_targets))
AttributeError: 'EnvCore' object has no attribute 'num_goal_targets'
成功加载长度 10: 26 个图案。
初始化完成：内存中可用长度 -> [10]
[font-pattern][train] env_rank=194/199, length=10, name=J
Process Process-194:
Process Process-197:
Process Process-196:
Gym has been unmaintained since 2022 and does not support NumPy 2.0 amongst other critical functionality.
Please upgrade to Gymnasium, the maintained drop-in replacement of Gym, or contact the authors of your software and request that they upgrade.
Users of this version of Gym should be able to simply replace 'import gym' with 'import gymnasium as gym' in the vast majority of cases.
See the migration guide at https://gymnasium.farama.org/introduction/migration_guide/ for additional information.
Traceback (most recent call last):
  File "/home/wangdx_lab/cse12211818/.conda/envs/swE2/lib/python3.9/multiprocessing/process.py", line 315, in _bootstrap
    self.run()
  File "/home/wangdx_lab/cse12211818/.conda/envs/swE2/lib/python3.9/multiprocessing/process.py", line 108, in run
    self._target(*self._args, **self._kwargs)
  File "/home/wangdx_lab/cse12211818/MAPPO/envs/env_wrappers.py", line 142, in worker
    env = env_fn_wrapper.x()
  File "/home/wangdx_lab/cse12211818/MAPPO/train.py", line 32, in init_env
    env = DiscreteActionEnv(all_args)
  File "/home/wangdx_lab/cse12211818/MAPPO/envs/env_discrete.py", line 37, in __init__
    self.env = EnvCore(all_args)
  File "/home/wangdx_lab/cse12211818/MAPPO/envs/env_core.py", line 199, in __init__
    self.dynamic_slot_m = max(1, min(sc, self.num_goal_targets))
AttributeError: 'EnvCore' object has no attribute 'num_goal_targets'
成功加载长度 10: 26 个图案。
初始化完成：内存中可用长度 -> [10]
[font-pattern][train] env_rank=193/199, length=10, name=I
Traceback (most recent call last):
  File "/home/wangdx_lab/cse12211818/.conda/envs/swE2/lib/python3.9/multiprocessing/process.py", line 315, in _bootstrap
    self.run()
  File "/home/wangdx_lab/cse12211818/.conda/envs/swE2/lib/python3.9/multiprocessing/process.py", line 108, in run
    self._target(*self._args, **self._kwargs)
  File "/home/wangdx_lab/cse12211818/MAPPO/envs/env_wrappers.py", line 142, in worker
    env = env_fn_wrapper.x()
  File "/home/wangdx_lab/cse12211818/MAPPO/train.py", line 32, in init_env
    env = DiscreteActionEnv(all_args)
  File "/home/wangdx_lab/cse12211818/MAPPO/envs/env_discrete.py", line 37, in __init__
    self.env = EnvCore(all_args)
  File "/home/wangdx_lab/cse12211818/MAPPO/envs/env_core.py", line 199, in __init__
    self.dynamic_slot_m = max(1, min(sc, self.num_goal_targets))
AttributeError: 'EnvCore' object has no attribute 'num_goal_targets'
成功加载长度 10: 26 个图案。
初始化完成：内存中可用长度 -> [10]
[font-pattern][train] env_rank=196/199, length=10, name=L
Traceback (most recent call last):
  File "/home/wangdx_lab/cse12211818/.conda/envs/swE2/lib/python3.9/multiprocessing/process.py", line 315, in _bootstrap
    self.run()
  File "/home/wangdx_lab/cse12211818/.conda/envs/swE2/lib/python3.9/multiprocessing/process.py", line 108, in run
    self._target(*self._args, **self._kwargs)
  File "/home/wangdx_lab/cse12211818/MAPPO/envs/env_wrappers.py", line 142, in worker
    env = env_fn_wrapper.x()
  File "/home/wangdx_lab/cse12211818/MAPPO/train.py", line 32, in init_env
    env = DiscreteActionEnv(all_args)
  File "/home/wangdx_lab/cse12211818/MAPPO/envs/env_discrete.py", line 37, in __init__
    self.env = EnvCore(all_args)
  File "/home/wangdx_lab/cse12211818/MAPPO/envs/env_core.py", line 199, in __init__
    self.dynamic_slot_m = max(1, min(sc, self.num_goal_targets))
AttributeError: 'EnvCore' object has no attribute 'num_goal_targets'
成功加载长度 10: 26 个图案。
初始化完成：内存中可用长度 -> [10]
[font-pattern][train] env_rank=195/199, length=10, name=K
Process Process-198:
Traceback (most recent call last):
  File "/home/wangdx_lab/cse12211818/.conda/envs/swE2/lib/python3.9/multiprocessing/process.py", line 315, in _bootstrap
    self.run()
  File "/home/wangdx_lab/cse12211818/.conda/envs/swE2/lib/python3.9/multiprocessing/process.py", line 108, in run
    self._target(*self._args, **self._kwargs)
  File "/home/wangdx_lab/cse12211818/MAPPO/envs/env_wrappers.py", line 142, in worker
    env = env_fn_wrapper.x()
  File "/home/wangdx_lab/cse12211818/MAPPO/train.py", line 32, in init_env
    env = DiscreteActionEnv(all_args)
  File "/home/wangdx_lab/cse12211818/MAPPO/envs/env_discrete.py", line 37, in __init__
    self.env = EnvCore(all_args)
  File "/home/wangdx_lab/cse12211818/MAPPO/envs/env_core.py", line 199, in __init__
    self.dynamic_slot_m = max(1, min(sc, self.num_goal_targets))
AttributeError: 'EnvCore' object has no attribute 'num_goal_targets'
成功加载长度 10: 26 个图案。
初始化完成：内存中可用长度 -> [10]
[font-pattern][train] env_rank=197/199, length=10, name=M
Gym has been unmaintained since 2022 and does not support NumPy 2.0 amongst other critical functionality.
Please upgrade to Gymnasium, the maintained drop-in replacement of Gym, or contact the authors of your software and request that they upgrade.
Users of this version of Gym should be able to simply replace 'import gym' with 'import gymnasium as gym' in the vast majority of cases.
See the migration guide at https://gymnasium.farama.org/introduction/migration_guide/ for additional information.
Gym has been unmaintained since 2022 and does not support NumPy 2.0 amongst other critical functionality.
Please upgrade to Gymnasium, the maintained drop-in replacement of Gym, or contact the authors of your software and request that they upgrade.
Users of this version of Gym should be able to simply replace 'import gym' with 'import gymnasium as gym' in the vast majority of cases.
See the migration guide at https://gymnasium.farama.org/introduction/migration_guide/ for additional information.
Process Process-199:
Traceback (most recent call last):
  File "/home/wangdx_lab/cse12211818/.conda/envs/swE2/lib/python3.9/multiprocessing/process.py", line 315, in _bootstrap
    self.run()
  File "/home/wangdx_lab/cse12211818/.conda/envs/swE2/lib/python3.9/multiprocessing/process.py", line 108, in run
    self._target(*self._args, **self._kwargs)
  File "/home/wangdx_lab/cse12211818/MAPPO/envs/env_wrappers.py", line 142, in worker
    env = env_fn_wrapper.x()
  File "/home/wangdx_lab/cse12211818/MAPPO/train.py", line 32, in init_env
    env = DiscreteActionEnv(all_args)
  File "/home/wangdx_lab/cse12211818/MAPPO/envs/env_discrete.py", line 37, in __init__
    self.env = EnvCore(all_args)
  File "/home/wangdx_lab/cse12211818/MAPPO/envs/env_core.py", line 199, in __init__
    self.dynamic_slot_m = max(1, min(sc, self.num_goal_targets))
AttributeError: 'EnvCore' object has no attribute 'num_goal_targets'
成功加载长度 10: 26 个图案。
初始化完成：内存中可用长度 -> [10]
[font-pattern][train] env_rank=198/199, length=10, name=N
Process Process-200:
Traceback (most recent call last):
  File "/home/wangdx_lab/cse12211818/.conda/envs/swE2/lib/python3.9/multiprocessing/process.py", line 315, in _bootstrap
    self.run()
  File "/home/wangdx_lab/cse12211818/.conda/envs/swE2/lib/python3.9/multiprocessing/process.py", line 108, in run
    self._target(*self._args, **self._kwargs)
  File "/home/wangdx_lab/cse12211818/MAPPO/envs/env_wrappers.py", line 142, in worker
    env = env_fn_wrapper.x()
  File "/home/wangdx_lab/cse12211818/MAPPO/train.py", line 32, in init_env
    env = DiscreteActionEnv(all_args)
  File "/home/wangdx_lab/cse12211818/MAPPO/envs/env_discrete.py", line 37, in __init__
    self.env = EnvCore(all_args)
  File "/home/wangdx_lab/cse12211818/MAPPO/envs/env_core.py", line 199, in __init__
    self.dynamic_slot_m = max(1, min(sc, self.num_goal_targets))
AttributeError: 'EnvCore' object has no attribute 'num_goal_targets'
成功加载长度 10: 26 个图案。
初始化完成：内存中可用长度 -> [10]
[font-pattern][train] env_rank=199/199, length=10, name=O
Traceback (most recent call last):
  File "/home/wangdx_lab/cse12211818/MAPPO/train.py", line 235, in <module>
    main(sys.argv[1:])
  File "/home/wangdx_lab/cse12211818/MAPPO/train.py", line 196, in main
    envs = make_train_env(all_args)
  File "/home/wangdx_lab/cse12211818/MAPPO/train.py", line 41, in make_train_env
    return SubprocVecEnv([get_env_fn(i) for i in range(all_args.n_rollout_threads)])   #多线程
  File "/home/wangdx_lab/cse12211818/MAPPO/envs/env_wrappers.py", line 198, in __init__
    robot_observation_space, human_observation_space, share_observation_space, action_space = self.remotes[0].recv()
  File "/home/wangdx_lab/cse12211818/.conda/envs/swE2/lib/python3.9/multiprocessing/connection.py", line 250, in recv
    buf = self._recv_bytes()
  File "/home/wangdx_lab/cse12211818/.conda/envs/swE2/lib/python3.9/multiprocessing/connection.py", line 414, in _recv_bytes
    buf = self._recv(4)
  File "/home/wangdx_lab/cse12211818/.conda/envs/swE2/lib/python3.9/multiprocessing/connection.py", line 379, in _recv
    chunk = read(handle, remaining)
ConnectionResetError: [Errno 104] Connection reset by peer
