
CommandNotFoundError: Your shell has not been properly configured to use 'conda activate'.
To initialize your shell, run

    $ conda init <SHELL_NAME>

Currently supported shells are:
  - bash
  - fish
  - tcsh
  - xonsh
  - zsh
  - powershell

See 'conda init --help' for more information and options.

IMPORTANT: You may need to close and restart your shell after running 'conda init'.


/var/spool/slurm/d/job73480/slurm_script: line 11: cd: MAPPO: No such file or directory
[train] num_agents 15 -> 10 (aligned to train_font_pattern_length)
choose to use gpu...
run_dir /home/wangdx_lab/cse12211818/MAPPO/results/train/run33
Gym has been unmaintained since 2022 and does not support NumPy 2.0 amongst other critical functionality.
Please upgrade to Gymnasium, the maintained drop-in replacement of Gym, or contact the authors of your software and request that they upgrade.
Users of this version of Gym should be able to simply replace 'import gym' with 'import gymnasium as gym' in the vast majority of cases.
See the migration guide at https://gymnasium.farama.org/introduction/migration_guide/ for additional information.
Gym has been unmaintained since 2022 and does not support NumPy 2.0 amongst other critical functionality.
Please upgrade to Gymnasium, the maintained drop-in replacement of Gym, or contact the authors of your software and request that they upgrade.
Users of this version of Gym should be able to simply replace 'import gym' with 'import gymnasium as gym' in the vast majority of cases.
See the migration guide at https://gymnasium.farama.org/introduction/migration_guide/ for additional information.
Gym has been unmaintained since 2022 and does not support NumPy 2.0 amongst other critical functionality.
Please upgrade to Gymnasium, the maintained drop-in replacement of Gym, or contact the authors of your software and request that they upgrade.
Users of this version of Gym should be able to simply replace 'import gym' with 'import gymnasium as gym' in the vast majority of cases.
See the migration guide at https://gymnasium.farama.org/introduction/migration_guide/ for additional information.
Gym has been unmaintained since 2022 and does not support NumPy 2.0 amongst other critical functionality.
Please upgrade to Gymnasium, the maintained drop-in replacement of Gym, or contact the authors of your software and request that they upgrade.
Users of this version of Gym should be able to simply replace 'import gym' with 'import gymnasium as gym' in the vast majority of cases.
See the migration guide at https://gymnasium.farama.org/introduction/migration_guide/ for additional information.
Gym has been unmaintained since 2022 and does not support NumPy 2.0 amongst other critical functionality.
Please upgrade to Gymnasium, the maintained drop-in replacement of Gym, or contact the authors of your software and request that they upgrade.
Users of this version of Gym should be able to simply replace 'import gym' with 'import gymnasium as gym' in the vast majority of cases.
See the migration guide at https://gymnasium.farama.org/introduction/migration_guide/ for additional information.
Gym has been unmaintained since 2022 and does not support NumPy 2.0 amongst other critical functionality.
Please upgrade to Gymnasium, the maintained drop-in replacement of Gym, or contact the authors of your software and request that they upgrade.
Users of this version of Gym should be able to simply replace 'import gym' with 'import gymnasium as gym' in the vast majority of cases.
See the migration guide at https://gymnasium.farama.org/introduction/migration_guide/ for additional information.
Gym has been unmaintained since 2022 and does not support NumPy 2.0 amongst other critical functionality.
Please upgrade to Gymnasium, the maintained drop-in replacement of Gym, or contact the authors of your software and request that they upgrade.
Users of this version of Gym should be able to simply replace 'import gym' with 'import gymnasium as gym' in the vast majority of cases.
See the migration guide at https://gymnasium.farama.org/introduction/migration_guide/ for additional information.
Gym has been unmaintained since 2022 and does not support NumPy 2.0 amongst other critical functionality.
Please upgrade to Gymnasium, the maintained drop-in replacement of Gym, or contact the authors of your software and request that they upgrade.
Users of this version of Gym should be able to simply replace 'import gym' with 'import gymnasium as gym' in the vast majority of cases.
See the migration guide at https://gymnasium.farama.org/introduction/migration_guide/ for additional information.
Gym has been unmaintained since 2022 and does not support NumPy 2.0 amongst other critical functionality.
Please upgrade to Gymnasium, the maintained drop-in replacement of Gym, or contact the authors of your software and request that they upgrade.
Users of this version of Gym should be able to simply replace 'import gym' with 'import gymnasium as gym' in the vast majority of cases.
See the migration guide at https://gymnasium.farama.org/introduction/migration_guide/ for additional information.
Gym has been unmaintained since 2022 and does not support NumPy 2.0 amongst other critical functionality.
Please upgrade to Gymnasium, the maintained drop-in replacement of Gym, or contact the authors of your software and request that they upgrade.
Users of this version of Gym should be able to simply replace 'import gym' with 'import gymnasium as gym' in the vast majority of cases.
See the migration guide at https://gymnasium.farama.org/introduction/migration_guide/ for additional information.
Gym has been unmaintained since 2022 and does not support NumPy 2.0 amongst other critical functionality.
Please upgrade to Gymnasium, the maintained drop-in replacement of Gym, or contact the authors of your software and request that they upgrade.
Users of this version of Gym should be able to simply replace 'import gym' with 'import gymnasium as gym' in the vast majority of cases.
See the migration guide at https://gymnasium.farama.org/introduction/migration_guide/ for additional information.
Gym has been unmaintained since 2022 and does not support NumPy 2.0 amongst other critical functionality.
Please upgrade to Gymnasium, the maintained drop-in replacement of Gym, or contact the authors of your software and request that they upgrade.
Users of this version of Gym should be able to simply replace 'import gym' with 'import gymnasium as gym' in the vast majority of cases.
See the migration guide at https://gymnasium.farama.org/introduction/migration_guide/ for additional information.
Gym has been unmaintained since 2022 and does not support NumPy 2.0 amongst other critical functionality.
Please upgrade to Gymnasium, the maintained drop-in replacement of Gym, or contact the authors of your software and request that they upgrade.
Users of this version of Gym should be able to simply replace 'import gym' with 'import gymnasium as gym' in the vast majority of cases.
See the migration guide at https://gymnasium.farama.org/introduction/migration_guide/ for additional information.
Gym has been unmaintained since 2022 and does not support NumPy 2.0 amongst other critical functionality.
Please upgrade to Gymnasium, the maintained drop-in replacement of Gym, or contact the authors of your software and request that they upgrade.
Users of this version of Gym should be able to simply replace 'import gym' with 'import gymnasium as gym' in the vast majority of cases.
See the migration guide at https://gymnasium.farama.org/introduction/migration_guide/ for additional information.
Gym has been unmaintained since 2022 and does not support NumPy 2.0 amongst other critical functionality.
Please upgrade to Gymnasium, the maintained drop-in replacement of Gym, or contact the authors of your software and request that they upgrade.
Users of this version of Gym should be able to simply replace 'import gym' with 'import gymnasium as gym' in the vast majority of cases.
See the migration guide at https://gymnasium.farama.org/introduction/migration_guide/ for additional information.
Gym has been unmaintained since 2022 and does not support NumPy 2.0 amongst other critical functionality.
Please upgrade to Gymnasium, the maintained drop-in replacement of Gym, or contact the authors of your software and request that they upgrade.
Users of this version of Gym should be able to simply replace 'import gym' with 'import gymnasium as gym' in the vast majority of cases.
See the migration guide at https://gymnasium.farama.org/introduction/migration_guide/ for additional information.
Gym has been unmaintained since 2022 and does not support NumPy 2.0 amongst other critical functionality.
Please upgrade to Gymnasium, the maintained drop-in replacement of Gym, or contact the authors of your software and request that they upgrade.
Users of this version of Gym should be able to simply replace 'import gym' with 'import gymnasium as gym' in the vast majority of cases.
See the migration guide at https://gymnasium.farama.org/introduction/migration_guide/ for additional information.
Gym has been unmaintained since 2022 and does not support NumPy 2.0 amongst other critical functionality.
Please upgrade to Gymnasium, the maintained drop-in replacement of Gym, or contact the authors of your software and request that they upgrade.
Users of this version of Gym should be able to simply replace 'import gym' with 'import gymnasium as gym' in the vast majority of cases.
See the migration guide at https://gymnasium.farama.org/introduction/migration_guide/ for additional information.
Gym has been unmaintained since 2022 and does not support NumPy 2.0 amongst other critical functionality.
Please upgrade to Gymnasium, the maintained drop-in replacement of Gym, or contact the authors of your software and request that they upgrade.
Users of this version of Gym should be able to simply replace 'import gym' with 'import gymnasium as gym' in the vast majority of cases.
See the migration guide at https://gymnasium.farama.org/introduction/migration_guide/ for additional information.
Gym has been unmaintained since 2022 and does not support NumPy 2.0 amongst other critical functionality.
Please upgrade to Gymnasium, the maintained drop-in replacement of Gym, or contact the authors of your software and request that they upgrade.
Users of this version of Gym should be able to simply replace 'import gym' with 'import gymnasium as gym' in the vast majority of cases.
See the migration guide at https://gymnasium.farama.org/introduction/migration_guide/ for additional information.
Gym has been unmaintained since 2022 and does not support NumPy 2.0 amongst other critical functionality.
Please upgrade to Gymnasium, the maintained drop-in replacement of Gym, or contact the authors of your software and request that they upgrade.
Users of this version of Gym should be able to simply replace 'import gym' with 'import gymnasium as gym' in the vast majority of cases.
See the migration guide at https://gymnasium.farama.org/introduction/migration_guide/ for additional information.
Gym has been unmaintained since 2022 and does not support NumPy 2.0 amongst other critical functionality.
Please upgrade to Gymnasium, the maintained drop-in replacement of Gym, or contact the authors of your software and request that they upgrade.
Users of this version of Gym should be able to simply replace 'import gym' with 'import gymnasium as gym' in the vast majority of cases.
See the migration guide at https://gymnasium.farama.org/introduction/migration_guide/ for additional information.
Gym has been unmaintained since 2022 and does not support NumPy 2.0 amongst other critical functionality.
Please upgrade to Gymnasium, the maintained drop-in replacement of Gym, or contact the authors of your software and request that they upgrade.
Users of this version of Gym should be able to simply replace 'import gym' with 'import gymnasium as gym' in the vast majority of cases.
See the migration guide at https://gymnasium.farama.org/introduction/migration_guide/ for additional information.
Gym has been unmaintained since 2022 and does not support NumPy 2.0 amongst other critical functionality.
Please upgrade to Gymnasium, the maintained drop-in replacement of Gym, or contact the authors of your software and request that they upgrade.
Users of this version of Gym should be able to simply replace 'import gym' with 'import gymnasium as gym' in the vast majority of cases.
See the migration guide at https://gymnasium.farama.org/introduction/migration_guide/ for additional information.
Gym has been unmaintained since 2022 and does not support NumPy 2.0 amongst other critical functionality.
Please upgrade to Gymnasium, the maintained drop-in replacement of Gym, or contact the authors of your software and request that they upgrade.
Users of this version of Gym should be able to simply replace 'import gym' with 'import gymnasium as gym' in the vast majority of cases.
See the migration guide at https://gymnasium.farama.org/introduction/migration_guide/ for additional information.
Gym has been unmaintained since 2022 and does not support NumPy 2.0 amongst other critical functionality.
Please upgrade to Gymnasium, the maintained drop-in replacement of Gym, or contact the authors of your software and request that they upgrade.
Users of this version of Gym should be able to simply replace 'import gym' with 'import gymnasium as gym' in the vast majority of cases.
See the migration guide at https://gymnasium.farama.org/introduction/migration_guide/ for additional information.
Gym has been unmaintained since 2022 and does not support NumPy 2.0 amongst other critical functionality.
Please upgrade to Gymnasium, the maintained drop-in replacement of Gym, or contact the authors of your software and request that they upgrade.
Users of this version of Gym should be able to simply replace 'import gym' with 'import gymnasium as gym' in the vast majority of cases.
See the migration guide at https://gymnasium.farama.org/introduction/migration_guide/ for additional information.
Gym has been unmaintained since 2022 and does not support NumPy 2.0 amongst other critical functionality.
Please upgrade to Gymnasium, the maintained drop-in replacement of Gym, or contact the authors of your software and request that they upgrade.
Users of this version of Gym should be able to simply replace 'import gym' with 'import gymnasium as gym' in the vast majority of cases.
See the migration guide at https://gymnasium.farama.org/introduction/migration_guide/ for additional information.
Gym has been unmaintained since 2022 and does not support NumPy 2.0 amongst other critical functionality.
Please upgrade to Gymnasium, the maintained drop-in replacement of Gym, or contact the authors of your software and request that they upgrade.
Users of this version of Gym should be able to simply replace 'import gym' with 'import gymnasium as gym' in the vast majority of cases.
See the migration guide at https://gymnasium.farama.org/introduction/migration_guide/ for additional information.
Gym has been unmaintained since 2022 and does not support NumPy 2.0 amongst other critical functionality.
Please upgrade to Gymnasium, the maintained drop-in replacement of Gym, or contact the authors of your software and request that they upgrade.
Users of this version of Gym should be able to simply replace 'import gym' with 'import gymnasium as gym' in the vast majority of cases.
See the migration guide at https://gymnasium.farama.org/introduction/migration_guide/ for additional information.
Gym has been unmaintained since 2022 and does not support NumPy 2.0 amongst other critical functionality.
Please upgrade to Gymnasium, the maintained drop-in replacement of Gym, or contact the authors of your software and request that they upgrade.
Users of this version of Gym should be able to simply replace 'import gym' with 'import gymnasium as gym' in the vast majority of cases.
See the migration guide at https://gymnasium.farama.org/introduction/migration_guide/ for additional information.
Gym has been unmaintained since 2022 and does not support NumPy 2.0 amongst other critical functionality.
Please upgrade to Gymnasium, the maintained drop-in replacement of Gym, or contact the authors of your software and request that they upgrade.
Users of this version of Gym should be able to simply replace 'import gym' with 'import gymnasium as gym' in the vast majority of cases.
See the migration guide at https://gymnasium.farama.org/introduction/migration_guide/ for additional information.
Gym has been unmaintained since 2022 and does not support NumPy 2.0 amongst other critical functionality.
Please upgrade to Gymnasium, the maintained drop-in replacement of Gym, or contact the authors of your software and request that they upgrade.
Users of this version of Gym should be able to simply replace 'import gym' with 'import gymnasium as gym' in the vast majority of cases.
See the migration guide at https://gymnasium.farama.org/introduction/migration_guide/ for additional information.
Gym has been unmaintained since 2022 and does not support NumPy 2.0 amongst other critical functionality.
Please upgrade to Gymnasium, the maintained drop-in replacement of Gym, or contact the authors of your software and request that they upgrade.
Users of this version of Gym should be able to simply replace 'import gym' with 'import gymnasium as gym' in the vast majority of cases.
See the migration guide at https://gymnasium.farama.org/introduction/migration_guide/ for additional information.
Gym has been unmaintained since 2022 and does not support NumPy 2.0 amongst other critical functionality.
Please upgrade to Gymnasium, the maintained drop-in replacement of Gym, or contact the authors of your software and request that they upgrade.
Users of this version of Gym should be able to simply replace 'import gym' with 'import gymnasium as gym' in the vast majority of cases.
See the migration guide at https://gymnasium.farama.org/introduction/migration_guide/ for additional information.
Gym has been unmaintained since 2022 and does not support NumPy 2.0 amongst other critical functionality.
Please upgrade to Gymnasium, the maintained drop-in replacement of Gym, or contact the authors of your software and request that they upgrade.
Users of this version of Gym should be able to simply replace 'import gym' with 'import gymnasium as gym' in the vast majority of cases.
See the migration guide at https://gymnasium.farama.org/introduction/migration_guide/ for additional information.
Gym has been unmaintained since 2022 and does not support NumPy 2.0 amongst other critical functionality.
Please upgrade to Gymnasium, the maintained drop-in replacement of Gym, or contact the authors of your software and request that they upgrade.
Users of this version of Gym should be able to simply replace 'import gym' with 'import gymnasium as gym' in the vast majority of cases.
See the migration guide at https://gymnasium.farama.org/introduction/migration_guide/ for additional information.
Gym has been unmaintained since 2022 and does not support NumPy 2.0 amongst other critical functionality.
Please upgrade to Gymnasium, the maintained drop-in replacement of Gym, or contact the authors of your software and request that they upgrade.
Users of this version of Gym should be able to simply replace 'import gym' with 'import gymnasium as gym' in the vast majority of cases.
See the migration guide at https://gymnasium.farama.org/introduction/migration_guide/ for additional information.
Gym has been unmaintained since 2022 and does not support NumPy 2.0 amongst other critical functionality.
Please upgrade to Gymnasium, the maintained drop-in replacement of Gym, or contact the authors of your software and request that they upgrade.
Users of this version of Gym should be able to simply replace 'import gym' with 'import gymnasium as gym' in the vast majority of cases.
See the migration guide at https://gymnasium.farama.org/introduction/migration_guide/ for additional information.
Gym has been unmaintained since 2022 and does not support NumPy 2.0 amongst other critical functionality.
Please upgrade to Gymnasium, the maintained drop-in replacement of Gym, or contact the authors of your software and request that they upgrade.
Users of this version of Gym should be able to simply replace 'import gym' with 'import gymnasium as gym' in the vast majority of cases.
See the migration guide at https://gymnasium.farama.org/introduction/migration_guide/ for additional information.
Gym has been unmaintained since 2022 and does not support NumPy 2.0 amongst other critical functionality.
Please upgrade to Gymnasium, the maintained drop-in replacement of Gym, or contact the authors of your software and request that they upgrade.
Users of this version of Gym should be able to simply replace 'import gym' with 'import gymnasium as gym' in the vast majority of cases.
See the migration guide at https://gymnasium.farama.org/introduction/migration_guide/ for additional information.
Gym has been unmaintained since 2022 and does not support NumPy 2.0 amongst other critical functionality.
Please upgrade to Gymnasium, the maintained drop-in replacement of Gym, or contact the authors of your software and request that they upgrade.
Users of this version of Gym should be able to simply replace 'import gym' with 'import gymnasium as gym' in the vast majority of cases.
See the migration guide at https://gymnasium.farama.org/introduction/migration_guide/ for additional information.
Gym has been unmaintained since 2022 and does not support NumPy 2.0 amongst other critical functionality.
Please upgrade to Gymnasium, the maintained drop-in replacement of Gym, or contact the authors of your software and request that they upgrade.
Users of this version of Gym should be able to simply replace 'import gym' with 'import gymnasium as gym' in the vast majority of cases.
See the migration guide at https://gymnasium.farama.org/introduction/migration_guide/ for additional information.
Gym has been unmaintained since 2022 and does not support NumPy 2.0 amongst other critical functionality.
Please upgrade to Gymnasium, the maintained drop-in replacement of Gym, or contact the authors of your software and request that they upgrade.
Users of this version of Gym should be able to simply replace 'import gym' with 'import gymnasium as gym' in the vast majority of cases.
See the migration guide at https://gymnasium.farama.org/introduction/migration_guide/ for additional information.
Gym has been unmaintained since 2022 and does not support NumPy 2.0 amongst other critical functionality.
Please upgrade to Gymnasium, the maintained drop-in replacement of Gym, or contact the authors of your software and request that they upgrade.
Users of this version of Gym should be able to simply replace 'import gym' with 'import gymnasium as gym' in the vast majority of cases.
See the migration guide at https://gymnasium.farama.org/introduction/migration_guide/ for additional information.
Gym has been unmaintained since 2022 and does not support NumPy 2.0 amongst other critical functionality.
Please upgrade to Gymnasium, the maintained drop-in replacement of Gym, or contact the authors of your software and request that they upgrade.
Users of this version of Gym should be able to simply replace 'import gym' with 'import gymnasium as gym' in the vast majority of cases.
See the migration guide at https://gymnasium.farama.org/introduction/migration_guide/ for additional information.
Gym has been unmaintained since 2022 and does not support NumPy 2.0 amongst other critical functionality.
Please upgrade to Gymnasium, the maintained drop-in replacement of Gym, or contact the authors of your software and request that they upgrade.
Users of this version of Gym should be able to simply replace 'import gym' with 'import gymnasium as gym' in the vast majority of cases.
See the migration guide at https://gymnasium.farama.org/introduction/migration_guide/ for additional information.
Gym has been unmaintained since 2022 and does not support NumPy 2.0 amongst other critical functionality.
Please upgrade to Gymnasium, the maintained drop-in replacement of Gym, or contact the authors of your software and request that they upgrade.
Users of this version of Gym should be able to simply replace 'import gym' with 'import gymnasium as gym' in the vast majority of cases.
See the migration guide at https://gymnasium.farama.org/introduction/migration_guide/ for additional information.
Gym has been unmaintained since 2022 and does not support NumPy 2.0 amongst other critical functionality.
Please upgrade to Gymnasium, the maintained drop-in replacement of Gym, or contact the authors of your software and request that they upgrade.
Users of this version of Gym should be able to simply replace 'import gym' with 'import gymnasium as gym' in the vast majority of cases.
See the migration guide at https://gymnasium.farama.org/introduction/migration_guide/ for additional information.
Gym has been unmaintained since 2022 and does not support NumPy 2.0 amongst other critical functionality.
Please upgrade to Gymnasium, the maintained drop-in replacement of Gym, or contact the authors of your software and request that they upgrade.
Users of this version of Gym should be able to simply replace 'import gym' with 'import gymnasium as gym' in the vast majority of cases.
See the migration guide at https://gymnasium.farama.org/introduction/migration_guide/ for additional information.
Gym has been unmaintained since 2022 and does not support NumPy 2.0 amongst other critical functionality.
Please upgrade to Gymnasium, the maintained drop-in replacement of Gym, or contact the authors of your software and request that they upgrade.
Users of this version of Gym should be able to simply replace 'import gym' with 'import gymnasium as gym' in the vast majority of cases.
See the migration guide at https://gymnasium.farama.org/introduction/migration_guide/ for additional information.
Gym has been unmaintained since 2022 and does not support NumPy 2.0 amongst other critical functionality.
Please upgrade to Gymnasium, the maintained drop-in replacement of Gym, or contact the authors of your software and request that they upgrade.
Users of this version of Gym should be able to simply replace 'import gym' with 'import gymnasium as gym' in the vast majority of cases.
See the migration guide at https://gymnasium.farama.org/introduction/migration_guide/ for additional information.
Gym has been unmaintained since 2022 and does not support NumPy 2.0 amongst other critical functionality.
Please upgrade to Gymnasium, the maintained drop-in replacement of Gym, or contact the authors of your software and request that they upgrade.
Users of this version of Gym should be able to simply replace 'import gym' with 'import gymnasium as gym' in the vast majority of cases.
See the migration guide at https://gymnasium.farama.org/introduction/migration_guide/ for additional information.
Gym has been unmaintained since 2022 and does not support NumPy 2.0 amongst other critical functionality.
Please upgrade to Gymnasium, the maintained drop-in replacement of Gym, or contact the authors of your software and request that they upgrade.
Users of this version of Gym should be able to simply replace 'import gym' with 'import gymnasium as gym' in the vast majority of cases.
See the migration guide at https://gymnasium.farama.org/introduction/migration_guide/ for additional information.
Gym has been unmaintained since 2022 and does not support NumPy 2.0 amongst other critical functionality.
Please upgrade to Gymnasium, the maintained drop-in replacement of Gym, or contact the authors of your software and request that they upgrade.
Users of this version of Gym should be able to simply replace 'import gym' with 'import gymnasium as gym' in the vast majority of cases.
See the migration guide at https://gymnasium.farama.org/introduction/migration_guide/ for additional information.
Gym has been unmaintained since 2022 and does not support NumPy 2.0 amongst other critical functionality.
Please upgrade to Gymnasium, the maintained drop-in replacement of Gym, or contact the authors of your software and request that they upgrade.
Users of this version of Gym should be able to simply replace 'import gym' with 'import gymnasium as gym' in the vast majority of cases.
See the migration guide at https://gymnasium.farama.org/introduction/migration_guide/ for additional information.
Gym has been unmaintained since 2022 and does not support NumPy 2.0 amongst other critical functionality.
Please upgrade to Gymnasium, the maintained drop-in replacement of Gym, or contact the authors of your software and request that they upgrade.
Users of this version of Gym should be able to simply replace 'import gym' with 'import gymnasium as gym' in the vast majority of cases.
See the migration guide at https://gymnasium.farama.org/introduction/migration_guide/ for additional information.
Gym has been unmaintained since 2022 and does not support NumPy 2.0 amongst other critical functionality.
Please upgrade to Gymnasium, the maintained drop-in replacement of Gym, or contact the authors of your software and request that they upgrade.
Users of this version of Gym should be able to simply replace 'import gym' with 'import gymnasium as gym' in the vast majority of cases.
See the migration guide at https://gymnasium.farama.org/introduction/migration_guide/ for additional information.
Gym has been unmaintained since 2022 and does not support NumPy 2.0 amongst other critical functionality.
Please upgrade to Gymnasium, the maintained drop-in replacement of Gym, or contact the authors of your software and request that they upgrade.
Users of this version of Gym should be able to simply replace 'import gym' with 'import gymnasium as gym' in the vast majority of cases.
See the migration guide at https://gymnasium.farama.org/introduction/migration_guide/ for additional information.
Gym has been unmaintained since 2022 and does not support NumPy 2.0 amongst other critical functionality.
Please upgrade to Gymnasium, the maintained drop-in replacement of Gym, or contact the authors of your software and request that they upgrade.
Users of this version of Gym should be able to simply replace 'import gym' with 'import gymnasium as gym' in the vast majority of cases.
See the migration guide at https://gymnasium.farama.org/introduction/migration_guide/ for additional information.
Gym has been unmaintained since 2022 and does not support NumPy 2.0 amongst other critical functionality.
Please upgrade to Gymnasium, the maintained drop-in replacement of Gym, or contact the authors of your software and request that they upgrade.
Users of this version of Gym should be able to simply replace 'import gym' with 'import gymnasium as gym' in the vast majority of cases.
See the migration guide at https://gymnasium.farama.org/introduction/migration_guide/ for additional information.
Gym has been unmaintained since 2022 and does not support NumPy 2.0 amongst other critical functionality.
Please upgrade to Gymnasium, the maintained drop-in replacement of Gym, or contact the authors of your software and request that they upgrade.
Users of this version of Gym should be able to simply replace 'import gym' with 'import gymnasium as gym' in the vast majority of cases.
See the migration guide at https://gymnasium.farama.org/introduction/migration_guide/ for additional information.
Gym has been unmaintained since 2022 and does not support NumPy 2.0 amongst other critical functionality.
Please upgrade to Gymnasium, the maintained drop-in replacement of Gym, or contact the authors of your software and request that they upgrade.
Users of this version of Gym should be able to simply replace 'import gym' with 'import gymnasium as gym' in the vast majority of cases.
See the migration guide at https://gymnasium.farama.org/introduction/migration_guide/ for additional information.
Gym has been unmaintained since 2022 and does not support NumPy 2.0 amongst other critical functionality.
Please upgrade to Gymnasium, the maintained drop-in replacement of Gym, or contact the authors of your software and request that they upgrade.
Users of this version of Gym should be able to simply replace 'import gym' with 'import gymnasium as gym' in the vast majority of cases.
See the migration guide at https://gymnasium.farama.org/introduction/migration_guide/ for additional information.
Gym has been unmaintained since 2022 and does not support NumPy 2.0 amongst other critical functionality.
Please upgrade to Gymnasium, the maintained drop-in replacement of Gym, or contact the authors of your software and request that they upgrade.
Users of this version of Gym should be able to simply replace 'import gym' with 'import gymnasium as gym' in the vast majority of cases.
See the migration guide at https://gymnasium.farama.org/introduction/migration_guide/ for additional information.
Gym has been unmaintained since 2022 and does not support NumPy 2.0 amongst other critical functionality.
Please upgrade to Gymnasium, the maintained drop-in replacement of Gym, or contact the authors of your software and request that they upgrade.
Users of this version of Gym should be able to simply replace 'import gym' with 'import gymnasium as gym' in the vast majority of cases.
See the migration guide at https://gymnasium.farama.org/introduction/migration_guide/ for additional information.
Gym has been unmaintained since 2022 and does not support NumPy 2.0 amongst other critical functionality.
Please upgrade to Gymnasium, the maintained drop-in replacement of Gym, or contact the authors of your software and request that they upgrade.
Users of this version of Gym should be able to simply replace 'import gym' with 'import gymnasium as gym' in the vast majority of cases.
See the migration guide at https://gymnasium.farama.org/introduction/migration_guide/ for additional information.
Gym has been unmaintained since 2022 and does not support NumPy 2.0 amongst other critical functionality.
Please upgrade to Gymnasium, the maintained drop-in replacement of Gym, or contact the authors of your software and request that they upgrade.
Users of this version of Gym should be able to simply replace 'import gym' with 'import gymnasium as gym' in the vast majority of cases.
See the migration guide at https://gymnasium.farama.org/introduction/migration_guide/ for additional information.
Gym has been unmaintained since 2022 and does not support NumPy 2.0 amongst other critical functionality.
Please upgrade to Gymnasium, the maintained drop-in replacement of Gym, or contact the authors of your software and request that they upgrade.
Users of this version of Gym should be able to simply replace 'import gym' with 'import gymnasium as gym' in the vast majority of cases.
See the migration guide at https://gymnasium.farama.org/introduction/migration_guide/ for additional information.
Gym has been unmaintained since 2022 and does not support NumPy 2.0 amongst other critical functionality.
Please upgrade to Gymnasium, the maintained drop-in replacement of Gym, or contact the authors of your software and request that they upgrade.
Users of this version of Gym should be able to simply replace 'import gym' with 'import gymnasium as gym' in the vast majority of cases.
See the migration guide at https://gymnasium.farama.org/introduction/migration_guide/ for additional information.
Gym has been unmaintained since 2022 and does not support NumPy 2.0 amongst other critical functionality.
Please upgrade to Gymnasium, the maintained drop-in replacement of Gym, or contact the authors of your software and request that they upgrade.
Users of this version of Gym should be able to simply replace 'import gym' with 'import gymnasium as gym' in the vast majority of cases.
See the migration guide at https://gymnasium.farama.org/introduction/migration_guide/ for additional information.
Gym has been unmaintained since 2022 and does not support NumPy 2.0 amongst other critical functionality.
Please upgrade to Gymnasium, the maintained drop-in replacement of Gym, or contact the authors of your software and request that they upgrade.
Users of this version of Gym should be able to simply replace 'import gym' with 'import gymnasium as gym' in the vast majority of cases.
See the migration guide at https://gymnasium.farama.org/introduction/migration_guide/ for additional information.
Gym has been unmaintained since 2022 and does not support NumPy 2.0 amongst other critical functionality.
Please upgrade to Gymnasium, the maintained drop-in replacement of Gym, or contact the authors of your software and request that they upgrade.
Users of this version of Gym should be able to simply replace 'import gym' with 'import gymnasium as gym' in the vast majority of cases.
See the migration guide at https://gymnasium.farama.org/introduction/migration_guide/ for additional information.
Gym has been unmaintained since 2022 and does not support NumPy 2.0 amongst other critical functionality.
Please upgrade to Gymnasium, the maintained drop-in replacement of Gym, or contact the authors of your software and request that they upgrade.
Users of this version of Gym should be able to simply replace 'import gym' with 'import gymnasium as gym' in the vast majority of cases.
See the migration guide at https://gymnasium.farama.org/introduction/migration_guide/ for additional information.
Gym has been unmaintained since 2022 and does not support NumPy 2.0 amongst other critical functionality.
Please upgrade to Gymnasium, the maintained drop-in replacement of Gym, or contact the authors of your software and request that they upgrade.
Users of this version of Gym should be able to simply replace 'import gym' with 'import gymnasium as gym' in the vast majority of cases.
See the migration guide at https://gymnasium.farama.org/introduction/migration_guide/ for additional information.
Gym has been unmaintained since 2022 and does not support NumPy 2.0 amongst other critical functionality.
Please upgrade to Gymnasium, the maintained drop-in replacement of Gym, or contact the authors of your software and request that they upgrade.
Users of this version of Gym should be able to simply replace 'import gym' with 'import gymnasium as gym' in the vast majority of cases.
See the migration guide at https://gymnasium.farama.org/introduction/migration_guide/ for additional information.
Gym has been unmaintained since 2022 and does not support NumPy 2.0 amongst other critical functionality.
Please upgrade to Gymnasium, the maintained drop-in replacement of Gym, or contact the authors of your software and request that they upgrade.
Users of this version of Gym should be able to simply replace 'import gym' with 'import gymnasium as gym' in the vast majority of cases.
See the migration guide at https://gymnasium.farama.org/introduction/migration_guide/ for additional information.
Gym has been unmaintained since 2022 and does not support NumPy 2.0 amongst other critical functionality.
Please upgrade to Gymnasium, the maintained drop-in replacement of Gym, or contact the authors of your software and request that they upgrade.
Users of this version of Gym should be able to simply replace 'import gym' with 'import gymnasium as gym' in the vast majority of cases.
See the migration guide at https://gymnasium.farama.org/introduction/migration_guide/ for additional information.
Gym has been unmaintained since 2022 and does not support NumPy 2.0 amongst other critical functionality.
Please upgrade to Gymnasium, the maintained drop-in replacement of Gym, or contact the authors of your software and request that they upgrade.
Users of this version of Gym should be able to simply replace 'import gym' with 'import gymnasium as gym' in the vast majority of cases.
See the migration guide at https://gymnasium.farama.org/introduction/migration_guide/ for additional information.
Gym has been unmaintained since 2022 and does not support NumPy 2.0 amongst other critical functionality.
Please upgrade to Gymnasium, the maintained drop-in replacement of Gym, or contact the authors of your software and request that they upgrade.
Users of this version of Gym should be able to simply replace 'import gym' with 'import gymnasium as gym' in the vast majority of cases.
See the migration guide at https://gymnasium.farama.org/introduction/migration_guide/ for additional information.
Gym has been unmaintained since 2022 and does not support NumPy 2.0 amongst other critical functionality.
Please upgrade to Gymnasium, the maintained drop-in replacement of Gym, or contact the authors of your software and request that they upgrade.
Users of this version of Gym should be able to simply replace 'import gym' with 'import gymnasium as gym' in the vast majority of cases.
See the migration guide at https://gymnasium.farama.org/introduction/migration_guide/ for additional information.
Gym has been unmaintained since 2022 and does not support NumPy 2.0 amongst other critical functionality.
Please upgrade to Gymnasium, the maintained drop-in replacement of Gym, or contact the authors of your software and request that they upgrade.
Users of this version of Gym should be able to simply replace 'import gym' with 'import gymnasium as gym' in the vast majority of cases.
See the migration guide at https://gymnasium.farama.org/introduction/migration_guide/ for additional information.
Gym has been unmaintained since 2022 and does not support NumPy 2.0 amongst other critical functionality.
Please upgrade to Gymnasium, the maintained drop-in replacement of Gym, or contact the authors of your software and request that they upgrade.
Users of this version of Gym should be able to simply replace 'import gym' with 'import gymnasium as gym' in the vast majority of cases.
See the migration guide at https://gymnasium.farama.org/introduction/migration_guide/ for additional information.
Gym has been unmaintained since 2022 and does not support NumPy 2.0 amongst other critical functionality.
Please upgrade to Gymnasium, the maintained drop-in replacement of Gym, or contact the authors of your software and request that they upgrade.
Users of this version of Gym should be able to simply replace 'import gym' with 'import gymnasium as gym' in the vast majority of cases.
See the migration guide at https://gymnasium.farama.org/introduction/migration_guide/ for additional information.
Gym has been unmaintained since 2022 and does not support NumPy 2.0 amongst other critical functionality.
Please upgrade to Gymnasium, the maintained drop-in replacement of Gym, or contact the authors of your software and request that they upgrade.
Users of this version of Gym should be able to simply replace 'import gym' with 'import gymnasium as gym' in the vast majority of cases.
See the migration guide at https://gymnasium.farama.org/introduction/migration_guide/ for additional information.
Gym has been unmaintained since 2022 and does not support NumPy 2.0 amongst other critical functionality.
Please upgrade to Gymnasium, the maintained drop-in replacement of Gym, or contact the authors of your software and request that they upgrade.
Users of this version of Gym should be able to simply replace 'import gym' with 'import gymnasium as gym' in the vast majority of cases.
See the migration guide at https://gymnasium.farama.org/introduction/migration_guide/ for additional information.
Gym has been unmaintained since 2022 and does not support NumPy 2.0 amongst other critical functionality.
Please upgrade to Gymnasium, the maintained drop-in replacement of Gym, or contact the authors of your software and request that they upgrade.
Users of this version of Gym should be able to simply replace 'import gym' with 'import gymnasium as gym' in the vast majority of cases.
See the migration guide at https://gymnasium.farama.org/introduction/migration_guide/ for additional information.
Gym has been unmaintained since 2022 and does not support NumPy 2.0 amongst other critical functionality.
Please upgrade to Gymnasium, the maintained drop-in replacement of Gym, or contact the authors of your software and request that they upgrade.
Users of this version of Gym should be able to simply replace 'import gym' with 'import gymnasium as gym' in the vast majority of cases.
See the migration guide at https://gymnasium.farama.org/introduction/migration_guide/ for additional information.
Gym has been unmaintained since 2022 and does not support NumPy 2.0 amongst other critical functionality.
Please upgrade to Gymnasium, the maintained drop-in replacement of Gym, or contact the authors of your software and request that they upgrade.
Users of this version of Gym should be able to simply replace 'import gym' with 'import gymnasium as gym' in the vast majority of cases.
See the migration guide at https://gymnasium.farama.org/introduction/migration_guide/ for additional information.
Gym has been unmaintained since 2022 and does not support NumPy 2.0 amongst other critical functionality.
Please upgrade to Gymnasium, the maintained drop-in replacement of Gym, or contact the authors of your software and request that they upgrade.
Users of this version of Gym should be able to simply replace 'import gym' with 'import gymnasium as gym' in the vast majority of cases.
See the migration guide at https://gymnasium.farama.org/introduction/migration_guide/ for additional information.
Gym has been unmaintained since 2022 and does not support NumPy 2.0 amongst other critical functionality.
Please upgrade to Gymnasium, the maintained drop-in replacement of Gym, or contact the authors of your software and request that they upgrade.
Users of this version of Gym should be able to simply replace 'import gym' with 'import gymnasium as gym' in the vast majority of cases.
See the migration guide at https://gymnasium.farama.org/introduction/migration_guide/ for additional information.
Gym has been unmaintained since 2022 and does not support NumPy 2.0 amongst other critical functionality.
Please upgrade to Gymnasium, the maintained drop-in replacement of Gym, or contact the authors of your software and request that they upgrade.
Users of this version of Gym should be able to simply replace 'import gym' with 'import gymnasium as gym' in the vast majority of cases.
See the migration guide at https://gymnasium.farama.org/introduction/migration_guide/ for additional information.
Gym has been unmaintained since 2022 and does not support NumPy 2.0 amongst other critical functionality.
Please upgrade to Gymnasium, the maintained drop-in replacement of Gym, or contact the authors of your software and request that they upgrade.
Users of this version of Gym should be able to simply replace 'import gym' with 'import gymnasium as gym' in the vast majority of cases.
See the migration guide at https://gymnasium.farama.org/introduction/migration_guide/ for additional information.
Gym has been unmaintained since 2022 and does not support NumPy 2.0 amongst other critical functionality.
Please upgrade to Gymnasium, the maintained drop-in replacement of Gym, or contact the authors of your software and request that they upgrade.
Users of this version of Gym should be able to simply replace 'import gym' with 'import gymnasium as gym' in the vast majority of cases.
See the migration guide at https://gymnasium.farama.org/introduction/migration_guide/ for additional information.
Gym has been unmaintained since 2022 and does not support NumPy 2.0 amongst other critical functionality.
Please upgrade to Gymnasium, the maintained drop-in replacement of Gym, or contact the authors of your software and request that they upgrade.
Users of this version of Gym should be able to simply replace 'import gym' with 'import gymnasium as gym' in the vast majority of cases.
See the migration guide at https://gymnasium.farama.org/introduction/migration_guide/ for additional information.
Gym has been unmaintained since 2022 and does not support NumPy 2.0 amongst other critical functionality.
Please upgrade to Gymnasium, the maintained drop-in replacement of Gym, or contact the authors of your software and request that they upgrade.
Users of this version of Gym should be able to simply replace 'import gym' with 'import gymnasium as gym' in the vast majority of cases.
See the migration guide at https://gymnasium.farama.org/introduction/migration_guide/ for additional information.
Gym has been unmaintained since 2022 and does not support NumPy 2.0 amongst other critical functionality.
Please upgrade to Gymnasium, the maintained drop-in replacement of Gym, or contact the authors of your software and request that they upgrade.
Users of this version of Gym should be able to simply replace 'import gym' with 'import gymnasium as gym' in the vast majority of cases.
See the migration guide at https://gymnasium.farama.org/introduction/migration_guide/ for additional information.
Gym has been unmaintained since 2022 and does not support NumPy 2.0 amongst other critical functionality.
Please upgrade to Gymnasium, the maintained drop-in replacement of Gym, or contact the authors of your software and request that they upgrade.
Users of this version of Gym should be able to simply replace 'import gym' with 'import gymnasium as gym' in the vast majority of cases.
See the migration guide at https://gymnasium.farama.org/introduction/migration_guide/ for additional information.
Gym has been unmaintained since 2022 and does not support NumPy 2.0 amongst other critical functionality.
Please upgrade to Gymnasium, the maintained drop-in replacement of Gym, or contact the authors of your software and request that they upgrade.
Users of this version of Gym should be able to simply replace 'import gym' with 'import gymnasium as gym' in the vast majority of cases.
See the migration guide at https://gymnasium.farama.org/introduction/migration_guide/ for additional information.
Gym has been unmaintained since 2022 and does not support NumPy 2.0 amongst other critical functionality.
Please upgrade to Gymnasium, the maintained drop-in replacement of Gym, or contact the authors of your software and request that they upgrade.
Users of this version of Gym should be able to simply replace 'import gym' with 'import gymnasium as gym' in the vast majority of cases.
See the migration guide at https://gymnasium.farama.org/introduction/migration_guide/ for additional information.
Gym has been unmaintained since 2022 and does not support NumPy 2.0 amongst other critical functionality.
Please upgrade to Gymnasium, the maintained drop-in replacement of Gym, or contact the authors of your software and request that they upgrade.
Users of this version of Gym should be able to simply replace 'import gym' with 'import gymnasium as gym' in the vast majority of cases.
See the migration guide at https://gymnasium.farama.org/introduction/migration_guide/ for additional information.
Gym has been unmaintained since 2022 and does not support NumPy 2.0 amongst other critical functionality.
Please upgrade to Gymnasium, the maintained drop-in replacement of Gym, or contact the authors of your software and request that they upgrade.
Users of this version of Gym should be able to simply replace 'import gym' with 'import gymnasium as gym' in the vast majority of cases.
See the migration guide at https://gymnasium.farama.org/introduction/migration_guide/ for additional information.
Gym has been unmaintained since 2022 and does not support NumPy 2.0 amongst other critical functionality.
Please upgrade to Gymnasium, the maintained drop-in replacement of Gym, or contact the authors of your software and request that they upgrade.
Users of this version of Gym should be able to simply replace 'import gym' with 'import gymnasium as gym' in the vast majority of cases.
See the migration guide at https://gymnasium.farama.org/introduction/migration_guide/ for additional information.
Gym has been unmaintained since 2022 and does not support NumPy 2.0 amongst other critical functionality.
Please upgrade to Gymnasium, the maintained drop-in replacement of Gym, or contact the authors of your software and request that they upgrade.
Users of this version of Gym should be able to simply replace 'import gym' with 'import gymnasium as gym' in the vast majority of cases.
See the migration guide at https://gymnasium.farama.org/introduction/migration_guide/ for additional information.
Gym has been unmaintained since 2022 and does not support NumPy 2.0 amongst other critical functionality.
Please upgrade to Gymnasium, the maintained drop-in replacement of Gym, or contact the authors of your software and request that they upgrade.
Users of this version of Gym should be able to simply replace 'import gym' with 'import gymnasium as gym' in the vast majority of cases.
See the migration guide at https://gymnasium.farama.org/introduction/migration_guide/ for additional information.
Gym has been unmaintained since 2022 and does not support NumPy 2.0 amongst other critical functionality.
Please upgrade to Gymnasium, the maintained drop-in replacement of Gym, or contact the authors of your software and request that they upgrade.
Users of this version of Gym should be able to simply replace 'import gym' with 'import gymnasium as gym' in the vast majority of cases.
See the migration guide at https://gymnasium.farama.org/introduction/migration_guide/ for additional information.
Gym has been unmaintained since 2022 and does not support NumPy 2.0 amongst other critical functionality.
Please upgrade to Gymnasium, the maintained drop-in replacement of Gym, or contact the authors of your software and request that they upgrade.
Users of this version of Gym should be able to simply replace 'import gym' with 'import gymnasium as gym' in the vast majority of cases.
See the migration guide at https://gymnasium.farama.org/introduction/migration_guide/ for additional information.
Gym has been unmaintained since 2022 and does not support NumPy 2.0 amongst other critical functionality.
Please upgrade to Gymnasium, the maintained drop-in replacement of Gym, or contact the authors of your software and request that they upgrade.
Users of this version of Gym should be able to simply replace 'import gym' with 'import gymnasium as gym' in the vast majority of cases.
See the migration guide at https://gymnasium.farama.org/introduction/migration_guide/ for additional information.
Gym has been unmaintained since 2022 and does not support NumPy 2.0 amongst other critical functionality.
Please upgrade to Gymnasium, the maintained drop-in replacement of Gym, or contact the authors of your software and request that they upgrade.
Users of this version of Gym should be able to simply replace 'import gym' with 'import gymnasium as gym' in the vast majority of cases.
See the migration guide at https://gymnasium.farama.org/introduction/migration_guide/ for additional information.
Gym has been unmaintained since 2022 and does not support NumPy 2.0 amongst other critical functionality.
Please upgrade to Gymnasium, the maintained drop-in replacement of Gym, or contact the authors of your software and request that they upgrade.
Users of this version of Gym should be able to simply replace 'import gym' with 'import gymnasium as gym' in the vast majority of cases.
See the migration guide at https://gymnasium.farama.org/introduction/migration_guide/ for additional information.
Gym has been unmaintained since 2022 and does not support NumPy 2.0 amongst other critical functionality.
Please upgrade to Gymnasium, the maintained drop-in replacement of Gym, or contact the authors of your software and request that they upgrade.
Users of this version of Gym should be able to simply replace 'import gym' with 'import gymnasium as gym' in the vast majority of cases.
See the migration guide at https://gymnasium.farama.org/introduction/migration_guide/ for additional information.
Gym has been unmaintained since 2022 and does not support NumPy 2.0 amongst other critical functionality.
Please upgrade to Gymnasium, the maintained drop-in replacement of Gym, or contact the authors of your software and request that they upgrade.
Users of this version of Gym should be able to simply replace 'import gym' with 'import gymnasium as gym' in the vast majority of cases.
See the migration guide at https://gymnasium.farama.org/introduction/migration_guide/ for additional information.
Gym has been unmaintained since 2022 and does not support NumPy 2.0 amongst other critical functionality.
Please upgrade to Gymnasium, the maintained drop-in replacement of Gym, or contact the authors of your software and request that they upgrade.
Users of this version of Gym should be able to simply replace 'import gym' with 'import gymnasium as gym' in the vast majority of cases.
See the migration guide at https://gymnasium.farama.org/introduction/migration_guide/ for additional information.
Gym has been unmaintained since 2022 and does not support NumPy 2.0 amongst other critical functionality.
Please upgrade to Gymnasium, the maintained drop-in replacement of Gym, or contact the authors of your software and request that they upgrade.
Users of this version of Gym should be able to simply replace 'import gym' with 'import gymnasium as gym' in the vast majority of cases.
See the migration guide at https://gymnasium.farama.org/introduction/migration_guide/ for additional information.
Gym has been unmaintained since 2022 and does not support NumPy 2.0 amongst other critical functionality.
Please upgrade to Gymnasium, the maintained drop-in replacement of Gym, or contact the authors of your software and request that they upgrade.
Users of this version of Gym should be able to simply replace 'import gym' with 'import gymnasium as gym' in the vast majority of cases.
See the migration guide at https://gymnasium.farama.org/introduction/migration_guide/ for additional information.
Gym has been unmaintained since 2022 and does not support NumPy 2.0 amongst other critical functionality.
Please upgrade to Gymnasium, the maintained drop-in replacement of Gym, or contact the authors of your software and request that they upgrade.
Users of this version of Gym should be able to simply replace 'import gym' with 'import gymnasium as gym' in the vast majority of cases.
See the migration guide at https://gymnasium.farama.org/introduction/migration_guide/ for additional information.
Gym has been unmaintained since 2022 and does not support NumPy 2.0 amongst other critical functionality.
Please upgrade to Gymnasium, the maintained drop-in replacement of Gym, or contact the authors of your software and request that they upgrade.
Users of this version of Gym should be able to simply replace 'import gym' with 'import gymnasium as gym' in the vast majority of cases.
See the migration guide at https://gymnasium.farama.org/introduction/migration_guide/ for additional information.
Gym has been unmaintained since 2022 and does not support NumPy 2.0 amongst other critical functionality.
Please upgrade to Gymnasium, the maintained drop-in replacement of Gym, or contact the authors of your software and request that they upgrade.
Users of this version of Gym should be able to simply replace 'import gym' with 'import gymnasium as gym' in the vast majority of cases.
See the migration guide at https://gymnasium.farama.org/introduction/migration_guide/ for additional information.
Gym has been unmaintained since 2022 and does not support NumPy 2.0 amongst other critical functionality.
Please upgrade to Gymnasium, the maintained drop-in replacement of Gym, or contact the authors of your software and request that they upgrade.
Users of this version of Gym should be able to simply replace 'import gym' with 'import gymnasium as gym' in the vast majority of cases.
See the migration guide at https://gymnasium.farama.org/introduction/migration_guide/ for additional information.
Gym has been unmaintained since 2022 and does not support NumPy 2.0 amongst other critical functionality.
Please upgrade to Gymnasium, the maintained drop-in replacement of Gym, or contact the authors of your software and request that they upgrade.
Users of this version of Gym should be able to simply replace 'import gym' with 'import gymnasium as gym' in the vast majority of cases.
See the migration guide at https://gymnasium.farama.org/introduction/migration_guide/ for additional information.
Gym has been unmaintained since 2022 and does not support NumPy 2.0 amongst other critical functionality.
Please upgrade to Gymnasium, the maintained drop-in replacement of Gym, or contact the authors of your software and request that they upgrade.
Users of this version of Gym should be able to simply replace 'import gym' with 'import gymnasium as gym' in the vast majority of cases.
See the migration guide at https://gymnasium.farama.org/introduction/migration_guide/ for additional information.
Gym has been unmaintained since 2022 and does not support NumPy 2.0 amongst other critical functionality.
Please upgrade to Gymnasium, the maintained drop-in replacement of Gym, or contact the authors of your software and request that they upgrade.
Users of this version of Gym should be able to simply replace 'import gym' with 'import gymnasium as gym' in the vast majority of cases.
See the migration guide at https://gymnasium.farama.org/introduction/migration_guide/ for additional information.
Gym has been unmaintained since 2022 and does not support NumPy 2.0 amongst other critical functionality.
Please upgrade to Gymnasium, the maintained drop-in replacement of Gym, or contact the authors of your software and request that they upgrade.
Users of this version of Gym should be able to simply replace 'import gym' with 'import gymnasium as gym' in the vast majority of cases.
See the migration guide at https://gymnasium.farama.org/introduction/migration_guide/ for additional information.
Gym has been unmaintained since 2022 and does not support NumPy 2.0 amongst other critical functionality.
Please upgrade to Gymnasium, the maintained drop-in replacement of Gym, or contact the authors of your software and request that they upgrade.
Users of this version of Gym should be able to simply replace 'import gym' with 'import gymnasium as gym' in the vast majority of cases.
See the migration guide at https://gymnasium.farama.org/introduction/migration_guide/ for additional information.
Gym has been unmaintained since 2022 and does not support NumPy 2.0 amongst other critical functionality.
Please upgrade to Gymnasium, the maintained drop-in replacement of Gym, or contact the authors of your software and request that they upgrade.
Users of this version of Gym should be able to simply replace 'import gym' with 'import gymnasium as gym' in the vast majority of cases.
See the migration guide at https://gymnasium.farama.org/introduction/migration_guide/ for additional information.
Gym has been unmaintained since 2022 and does not support NumPy 2.0 amongst other critical functionality.
Please upgrade to Gymnasium, the maintained drop-in replacement of Gym, or contact the authors of your software and request that they upgrade.
Users of this version of Gym should be able to simply replace 'import gym' with 'import gymnasium as gym' in the vast majority of cases.
See the migration guide at https://gymnasium.farama.org/introduction/migration_guide/ for additional information.
Gym has been unmaintained since 2022 and does not support NumPy 2.0 amongst other critical functionality.
Please upgrade to Gymnasium, the maintained drop-in replacement of Gym, or contact the authors of your software and request that they upgrade.
Users of this version of Gym should be able to simply replace 'import gym' with 'import gymnasium as gym' in the vast majority of cases.
See the migration guide at https://gymnasium.farama.org/introduction/migration_guide/ for additional information.
Gym has been unmaintained since 2022 and does not support NumPy 2.0 amongst other critical functionality.
Please upgrade to Gymnasium, the maintained drop-in replacement of Gym, or contact the authors of your software and request that they upgrade.
Users of this version of Gym should be able to simply replace 'import gym' with 'import gymnasium as gym' in the vast majority of cases.
See the migration guide at https://gymnasium.farama.org/introduction/migration_guide/ for additional information.
Gym has been unmaintained since 2022 and does not support NumPy 2.0 amongst other critical functionality.
Please upgrade to Gymnasium, the maintained drop-in replacement of Gym, or contact the authors of your software and request that they upgrade.
Users of this version of Gym should be able to simply replace 'import gym' with 'import gymnasium as gym' in the vast majority of cases.
See the migration guide at https://gymnasium.farama.org/introduction/migration_guide/ for additional information.
Gym has been unmaintained since 2022 and does not support NumPy 2.0 amongst other critical functionality.
Please upgrade to Gymnasium, the maintained drop-in replacement of Gym, or contact the authors of your software and request that they upgrade.
Users of this version of Gym should be able to simply replace 'import gym' with 'import gymnasium as gym' in the vast majority of cases.
See the migration guide at https://gymnasium.farama.org/introduction/migration_guide/ for additional information.
Gym has been unmaintained since 2022 and does not support NumPy 2.0 amongst other critical functionality.
Please upgrade to Gymnasium, the maintained drop-in replacement of Gym, or contact the authors of your software and request that they upgrade.
Users of this version of Gym should be able to simply replace 'import gym' with 'import gymnasium as gym' in the vast majority of cases.
See the migration guide at https://gymnasium.farama.org/introduction/migration_guide/ for additional information.
Gym has been unmaintained since 2022 and does not support NumPy 2.0 amongst other critical functionality.
Please upgrade to Gymnasium, the maintained drop-in replacement of Gym, or contact the authors of your software and request that they upgrade.
Users of this version of Gym should be able to simply replace 'import gym' with 'import gymnasium as gym' in the vast majority of cases.
See the migration guide at https://gymnasium.farama.org/introduction/migration_guide/ for additional information.
Gym has been unmaintained since 2022 and does not support NumPy 2.0 amongst other critical functionality.
Please upgrade to Gymnasium, the maintained drop-in replacement of Gym, or contact the authors of your software and request that they upgrade.
Users of this version of Gym should be able to simply replace 'import gym' with 'import gymnasium as gym' in the vast majority of cases.
See the migration guide at https://gymnasium.farama.org/introduction/migration_guide/ for additional information.
Gym has been unmaintained since 2022 and does not support NumPy 2.0 amongst other critical functionality.
Please upgrade to Gymnasium, the maintained drop-in replacement of Gym, or contact the authors of your software and request that they upgrade.
Users of this version of Gym should be able to simply replace 'import gym' with 'import gymnasium as gym' in the vast majority of cases.
See the migration guide at https://gymnasium.farama.org/introduction/migration_guide/ for additional information.
Gym has been unmaintained since 2022 and does not support NumPy 2.0 amongst other critical functionality.
Please upgrade to Gymnasium, the maintained drop-in replacement of Gym, or contact the authors of your software and request that they upgrade.
Users of this version of Gym should be able to simply replace 'import gym' with 'import gymnasium as gym' in the vast majority of cases.
See the migration guide at https://gymnasium.farama.org/introduction/migration_guide/ for additional information.
Gym has been unmaintained since 2022 and does not support NumPy 2.0 amongst other critical functionality.
Please upgrade to Gymnasium, the maintained drop-in replacement of Gym, or contact the authors of your software and request that they upgrade.
Users of this version of Gym should be able to simply replace 'import gym' with 'import gymnasium as gym' in the vast majority of cases.
See the migration guide at https://gymnasium.farama.org/introduction/migration_guide/ for additional information.
Gym has been unmaintained since 2022 and does not support NumPy 2.0 amongst other critical functionality.
Please upgrade to Gymnasium, the maintained drop-in replacement of Gym, or contact the authors of your software and request that they upgrade.
Users of this version of Gym should be able to simply replace 'import gym' with 'import gymnasium as gym' in the vast majority of cases.
See the migration guide at https://gymnasium.farama.org/introduction/migration_guide/ for additional information.
Gym has been unmaintained since 2022 and does not support NumPy 2.0 amongst other critical functionality.
Please upgrade to Gymnasium, the maintained drop-in replacement of Gym, or contact the authors of your software and request that they upgrade.
Users of this version of Gym should be able to simply replace 'import gym' with 'import gymnasium as gym' in the vast majority of cases.
See the migration guide at https://gymnasium.farama.org/introduction/migration_guide/ for additional information.
Gym has been unmaintained since 2022 and does not support NumPy 2.0 amongst other critical functionality.
Please upgrade to Gymnasium, the maintained drop-in replacement of Gym, or contact the authors of your software and request that they upgrade.
Users of this version of Gym should be able to simply replace 'import gym' with 'import gymnasium as gym' in the vast majority of cases.
See the migration guide at https://gymnasium.farama.org/introduction/migration_guide/ for additional information.
Gym has been unmaintained since 2022 and does not support NumPy 2.0 amongst other critical functionality.
Please upgrade to Gymnasium, the maintained drop-in replacement of Gym, or contact the authors of your software and request that they upgrade.
Users of this version of Gym should be able to simply replace 'import gym' with 'import gymnasium as gym' in the vast majority of cases.
See the migration guide at https://gymnasium.farama.org/introduction/migration_guide/ for additional information.
Gym has been unmaintained since 2022 and does not support NumPy 2.0 amongst other critical functionality.
Please upgrade to Gymnasium, the maintained drop-in replacement of Gym, or contact the authors of your software and request that they upgrade.
Users of this version of Gym should be able to simply replace 'import gym' with 'import gymnasium as gym' in the vast majority of cases.
See the migration guide at https://gymnasium.farama.org/introduction/migration_guide/ for additional information.
Gym has been unmaintained since 2022 and does not support NumPy 2.0 amongst other critical functionality.
Please upgrade to Gymnasium, the maintained drop-in replacement of Gym, or contact the authors of your software and request that they upgrade.
Users of this version of Gym should be able to simply replace 'import gym' with 'import gymnasium as gym' in the vast majority of cases.
See the migration guide at https://gymnasium.farama.org/introduction/migration_guide/ for additional information.
Gym has been unmaintained since 2022 and does not support NumPy 2.0 amongst other critical functionality.
Please upgrade to Gymnasium, the maintained drop-in replacement of Gym, or contact the authors of your software and request that they upgrade.
Users of this version of Gym should be able to simply replace 'import gym' with 'import gymnasium as gym' in the vast majority of cases.
See the migration guide at https://gymnasium.farama.org/introduction/migration_guide/ for additional information.
Gym has been unmaintained since 2022 and does not support NumPy 2.0 amongst other critical functionality.
Please upgrade to Gymnasium, the maintained drop-in replacement of Gym, or contact the authors of your software and request that they upgrade.
Users of this version of Gym should be able to simply replace 'import gym' with 'import gymnasium as gym' in the vast majority of cases.
See the migration guide at https://gymnasium.farama.org/introduction/migration_guide/ for additional information.
Gym has been unmaintained since 2022 and does not support NumPy 2.0 amongst other critical functionality.
Please upgrade to Gymnasium, the maintained drop-in replacement of Gym, or contact the authors of your software and request that they upgrade.
Users of this version of Gym should be able to simply replace 'import gym' with 'import gymnasium as gym' in the vast majority of cases.
See the migration guide at https://gymnasium.farama.org/introduction/migration_guide/ for additional information.
Gym has been unmaintained since 2022 and does not support NumPy 2.0 amongst other critical functionality.
Please upgrade to Gymnasium, the maintained drop-in replacement of Gym, or contact the authors of your software and request that they upgrade.
Users of this version of Gym should be able to simply replace 'import gym' with 'import gymnasium as gym' in the vast majority of cases.
See the migration guide at https://gymnasium.farama.org/introduction/migration_guide/ for additional information.
Gym has been unmaintained since 2022 and does not support NumPy 2.0 amongst other critical functionality.
Please upgrade to Gymnasium, the maintained drop-in replacement of Gym, or contact the authors of your software and request that they upgrade.
Users of this version of Gym should be able to simply replace 'import gym' with 'import gymnasium as gym' in the vast majority of cases.
See the migration guide at https://gymnasium.farama.org/introduction/migration_guide/ for additional information.
Gym has been unmaintained since 2022 and does not support NumPy 2.0 amongst other critical functionality.
Please upgrade to Gymnasium, the maintained drop-in replacement of Gym, or contact the authors of your software and request that they upgrade.
Users of this version of Gym should be able to simply replace 'import gym' with 'import gymnasium as gym' in the vast majority of cases.
See the migration guide at https://gymnasium.farama.org/introduction/migration_guide/ for additional information.
Gym has been unmaintained since 2022 and does not support NumPy 2.0 amongst other critical functionality.
Please upgrade to Gymnasium, the maintained drop-in replacement of Gym, or contact the authors of your software and request that they upgrade.
Users of this version of Gym should be able to simply replace 'import gym' with 'import gymnasium as gym' in the vast majority of cases.
See the migration guide at https://gymnasium.farama.org/introduction/migration_guide/ for additional information.
Gym has been unmaintained since 2022 and does not support NumPy 2.0 amongst other critical functionality.
Please upgrade to Gymnasium, the maintained drop-in replacement of Gym, or contact the authors of your software and request that they upgrade.
Users of this version of Gym should be able to simply replace 'import gym' with 'import gymnasium as gym' in the vast majority of cases.
See the migration guide at https://gymnasium.farama.org/introduction/migration_guide/ for additional information.
Gym has been unmaintained since 2022 and does not support NumPy 2.0 amongst other critical functionality.
Please upgrade to Gymnasium, the maintained drop-in replacement of Gym, or contact the authors of your software and request that they upgrade.
Users of this version of Gym should be able to simply replace 'import gym' with 'import gymnasium as gym' in the vast majority of cases.
See the migration guide at https://gymnasium.farama.org/introduction/migration_guide/ for additional information.
Gym has been unmaintained since 2022 and does not support NumPy 2.0 amongst other critical functionality.
Please upgrade to Gymnasium, the maintained drop-in replacement of Gym, or contact the authors of your software and request that they upgrade.
Users of this version of Gym should be able to simply replace 'import gym' with 'import gymnasium as gym' in the vast majority of cases.
See the migration guide at https://gymnasium.farama.org/introduction/migration_guide/ for additional information.
Gym has been unmaintained since 2022 and does not support NumPy 2.0 amongst other critical functionality.
Please upgrade to Gymnasium, the maintained drop-in replacement of Gym, or contact the authors of your software and request that they upgrade.
Users of this version of Gym should be able to simply replace 'import gym' with 'import gymnasium as gym' in the vast majority of cases.
See the migration guide at https://gymnasium.farama.org/introduction/migration_guide/ for additional information.
Gym has been unmaintained since 2022 and does not support NumPy 2.0 amongst other critical functionality.
Please upgrade to Gymnasium, the maintained drop-in replacement of Gym, or contact the authors of your software and request that they upgrade.
Users of this version of Gym should be able to simply replace 'import gym' with 'import gymnasium as gym' in the vast majority of cases.
See the migration guide at https://gymnasium.farama.org/introduction/migration_guide/ for additional information.
Gym has been unmaintained since 2022 and does not support NumPy 2.0 amongst other critical functionality.
Please upgrade to Gymnasium, the maintained drop-in replacement of Gym, or contact the authors of your software and request that they upgrade.
Users of this version of Gym should be able to simply replace 'import gym' with 'import gymnasium as gym' in the vast majority of cases.
See the migration guide at https://gymnasium.farama.org/introduction/migration_guide/ for additional information.
Gym has been unmaintained since 2022 and does not support NumPy 2.0 amongst other critical functionality.
Please upgrade to Gymnasium, the maintained drop-in replacement of Gym, or contact the authors of your software and request that they upgrade.
Users of this version of Gym should be able to simply replace 'import gym' with 'import gymnasium as gym' in the vast majority of cases.
See the migration guide at https://gymnasium.farama.org/introduction/migration_guide/ for additional information.
Gym has been unmaintained since 2022 and does not support NumPy 2.0 amongst other critical functionality.
Please upgrade to Gymnasium, the maintained drop-in replacement of Gym, or contact the authors of your software and request that they upgrade.
Users of this version of Gym should be able to simply replace 'import gym' with 'import gymnasium as gym' in the vast majority of cases.
See the migration guide at https://gymnasium.farama.org/introduction/migration_guide/ for additional information.
Gym has been unmaintained since 2022 and does not support NumPy 2.0 amongst other critical functionality.
Please upgrade to Gymnasium, the maintained drop-in replacement of Gym, or contact the authors of your software and request that they upgrade.
Users of this version of Gym should be able to simply replace 'import gym' with 'import gymnasium as gym' in the vast majority of cases.
See the migration guide at https://gymnasium.farama.org/introduction/migration_guide/ for additional information.
Gym has been unmaintained since 2022 and does not support NumPy 2.0 amongst other critical functionality.
Please upgrade to Gymnasium, the maintained drop-in replacement of Gym, or contact the authors of your software and request that they upgrade.
Users of this version of Gym should be able to simply replace 'import gym' with 'import gymnasium as gym' in the vast majority of cases.
See the migration guide at https://gymnasium.farama.org/introduction/migration_guide/ for additional information.
Gym has been unmaintained since 2022 and does not support NumPy 2.0 amongst other critical functionality.
Please upgrade to Gymnasium, the maintained drop-in replacement of Gym, or contact the authors of your software and request that they upgrade.
Users of this version of Gym should be able to simply replace 'import gym' with 'import gymnasium as gym' in the vast majority of cases.
See the migration guide at https://gymnasium.farama.org/introduction/migration_guide/ for additional information.
Gym has been unmaintained since 2022 and does not support NumPy 2.0 amongst other critical functionality.
Please upgrade to Gymnasium, the maintained drop-in replacement of Gym, or contact the authors of your software and request that they upgrade.
Users of this version of Gym should be able to simply replace 'import gym' with 'import gymnasium as gym' in the vast majority of cases.
See the migration guide at https://gymnasium.farama.org/introduction/migration_guide/ for additional information.
Gym has been unmaintained since 2022 and does not support NumPy 2.0 amongst other critical functionality.
Please upgrade to Gymnasium, the maintained drop-in replacement of Gym, or contact the authors of your software and request that they upgrade.
Users of this version of Gym should be able to simply replace 'import gym' with 'import gymnasium as gym' in the vast majority of cases.
See the migration guide at https://gymnasium.farama.org/introduction/migration_guide/ for additional information.
Gym has been unmaintained since 2022 and does not support NumPy 2.0 amongst other critical functionality.
Please upgrade to Gymnasium, the maintained drop-in replacement of Gym, or contact the authors of your software and request that they upgrade.
Users of this version of Gym should be able to simply replace 'import gym' with 'import gymnasium as gym' in the vast majority of cases.
See the migration guide at https://gymnasium.farama.org/introduction/migration_guide/ for additional information.
Gym has been unmaintained since 2022 and does not support NumPy 2.0 amongst other critical functionality.
Please upgrade to Gymnasium, the maintained drop-in replacement of Gym, or contact the authors of your software and request that they upgrade.
Users of this version of Gym should be able to simply replace 'import gym' with 'import gymnasium as gym' in the vast majority of cases.
See the migration guide at https://gymnasium.farama.org/introduction/migration_guide/ for additional information.
Gym has been unmaintained since 2022 and does not support NumPy 2.0 amongst other critical functionality.
Please upgrade to Gymnasium, the maintained drop-in replacement of Gym, or contact the authors of your software and request that they upgrade.
Users of this version of Gym should be able to simply replace 'import gym' with 'import gymnasium as gym' in the vast majority of cases.
See the migration guide at https://gymnasium.farama.org/introduction/migration_guide/ for additional information.
Gym has been unmaintained since 2022 and does not support NumPy 2.0 amongst other critical functionality.
Please upgrade to Gymnasium, the maintained drop-in replacement of Gym, or contact the authors of your software and request that they upgrade.
Users of this version of Gym should be able to simply replace 'import gym' with 'import gymnasium as gym' in the vast majority of cases.
See the migration guide at https://gymnasium.farama.org/introduction/migration_guide/ for additional information.
Gym has been unmaintained since 2022 and does not support NumPy 2.0 amongst other critical functionality.
Please upgrade to Gymnasium, the maintained drop-in replacement of Gym, or contact the authors of your software and request that they upgrade.
Users of this version of Gym should be able to simply replace 'import gym' with 'import gymnasium as gym' in the vast majority of cases.
See the migration guide at https://gymnasium.farama.org/introduction/migration_guide/ for additional information.
Gym has been unmaintained since 2022 and does not support NumPy 2.0 amongst other critical functionality.
Please upgrade to Gymnasium, the maintained drop-in replacement of Gym, or contact the authors of your software and request that they upgrade.
Users of this version of Gym should be able to simply replace 'import gym' with 'import gymnasium as gym' in the vast majority of cases.
See the migration guide at https://gymnasium.farama.org/introduction/migration_guide/ for additional information.
Gym has been unmaintained since 2022 and does not support NumPy 2.0 amongst other critical functionality.
Please upgrade to Gymnasium, the maintained drop-in replacement of Gym, or contact the authors of your software and request that they upgrade.
Users of this version of Gym should be able to simply replace 'import gym' with 'import gymnasium as gym' in the vast majority of cases.
See the migration guide at https://gymnasium.farama.org/introduction/migration_guide/ for additional information.
Gym has been unmaintained since 2022 and does not support NumPy 2.0 amongst other critical functionality.
Please upgrade to Gymnasium, the maintained drop-in replacement of Gym, or contact the authors of your software and request that they upgrade.
Users of this version of Gym should be able to simply replace 'import gym' with 'import gymnasium as gym' in the vast majority of cases.
See the migration guide at https://gymnasium.farama.org/introduction/migration_guide/ for additional information.
Gym has been unmaintained since 2022 and does not support NumPy 2.0 amongst other critical functionality.
Please upgrade to Gymnasium, the maintained drop-in replacement of Gym, or contact the authors of your software and request that they upgrade.
Users of this version of Gym should be able to simply replace 'import gym' with 'import gymnasium as gym' in the vast majority of cases.
See the migration guide at https://gymnasium.farama.org/introduction/migration_guide/ for additional information.
Gym has been unmaintained since 2022 and does not support NumPy 2.0 amongst other critical functionality.
Please upgrade to Gymnasium, the maintained drop-in replacement of Gym, or contact the authors of your software and request that they upgrade.
Users of this version of Gym should be able to simply replace 'import gym' with 'import gymnasium as gym' in the vast majority of cases.
See the migration guide at https://gymnasium.farama.org/introduction/migration_guide/ for additional information.
Gym has been unmaintained since 2022 and does not support NumPy 2.0 amongst other critical functionality.
Please upgrade to Gymnasium, the maintained drop-in replacement of Gym, or contact the authors of your software and request that they upgrade.
Users of this version of Gym should be able to simply replace 'import gym' with 'import gymnasium as gym' in the vast majority of cases.
See the migration guide at https://gymnasium.farama.org/introduction/migration_guide/ for additional information.
Gym has been unmaintained since 2022 and does not support NumPy 2.0 amongst other critical functionality.
Please upgrade to Gymnasium, the maintained drop-in replacement of Gym, or contact the authors of your software and request that they upgrade.
Users of this version of Gym should be able to simply replace 'import gym' with 'import gymnasium as gym' in the vast majority of cases.
See the migration guide at https://gymnasium.farama.org/introduction/migration_guide/ for additional information.
Gym has been unmaintained since 2022 and does not support NumPy 2.0 amongst other critical functionality.
Please upgrade to Gymnasium, the maintained drop-in replacement of Gym, or contact the authors of your software and request that they upgrade.
Users of this version of Gym should be able to simply replace 'import gym' with 'import gymnasium as gym' in the vast majority of cases.
See the migration guide at https://gymnasium.farama.org/introduction/migration_guide/ for additional information.
Gym has been unmaintained since 2022 and does not support NumPy 2.0 amongst other critical functionality.
Please upgrade to Gymnasium, the maintained drop-in replacement of Gym, or contact the authors of your software and request that they upgrade.
Users of this version of Gym should be able to simply replace 'import gym' with 'import gymnasium as gym' in the vast majority of cases.
See the migration guide at https://gymnasium.farama.org/introduction/migration_guide/ for additional information.
Gym has been unmaintained since 2022 and does not support NumPy 2.0 amongst other critical functionality.
Please upgrade to Gymnasium, the maintained drop-in replacement of Gym, or contact the authors of your software and request that they upgrade.
Users of this version of Gym should be able to simply replace 'import gym' with 'import gymnasium as gym' in the vast majority of cases.
See the migration guide at https://gymnasium.farama.org/introduction/migration_guide/ for additional information.
Gym has been unmaintained since 2022 and does not support NumPy 2.0 amongst other critical functionality.
Please upgrade to Gymnasium, the maintained drop-in replacement of Gym, or contact the authors of your software and request that they upgrade.
Users of this version of Gym should be able to simply replace 'import gym' with 'import gymnasium as gym' in the vast majority of cases.
See the migration guide at https://gymnasium.farama.org/introduction/migration_guide/ for additional information.
Gym has been unmaintained since 2022 and does not support NumPy 2.0 amongst other critical functionality.
Please upgrade to Gymnasium, the maintained drop-in replacement of Gym, or contact the authors of your software and request that they upgrade.
Users of this version of Gym should be able to simply replace 'import gym' with 'import gymnasium as gym' in the vast majority of cases.
See the migration guide at https://gymnasium.farama.org/introduction/migration_guide/ for additional information.
Gym has been unmaintained since 2022 and does not support NumPy 2.0 amongst other critical functionality.
Please upgrade to Gymnasium, the maintained drop-in replacement of Gym, or contact the authors of your software and request that they upgrade.
Users of this version of Gym should be able to simply replace 'import gym' with 'import gymnasium as gym' in the vast majority of cases.
See the migration guide at https://gymnasium.farama.org/introduction/migration_guide/ for additional information.
Gym has been unmaintained since 2022 and does not support NumPy 2.0 amongst other critical functionality.
Please upgrade to Gymnasium, the maintained drop-in replacement of Gym, or contact the authors of your software and request that they upgrade.
Users of this version of Gym should be able to simply replace 'import gym' with 'import gymnasium as gym' in the vast majority of cases.
See the migration guide at https://gymnasium.farama.org/introduction/migration_guide/ for additional information.
Gym has been unmaintained since 2022 and does not support NumPy 2.0 amongst other critical functionality.
Please upgrade to Gymnasium, the maintained drop-in replacement of Gym, or contact the authors of your software and request that they upgrade.
Users of this version of Gym should be able to simply replace 'import gym' with 'import gymnasium as gym' in the vast majority of cases.
See the migration guide at https://gymnasium.farama.org/introduction/migration_guide/ for additional information.
Gym has been unmaintained since 2022 and does not support NumPy 2.0 amongst other critical functionality.
Please upgrade to Gymnasium, the maintained drop-in replacement of Gym, or contact the authors of your software and request that they upgrade.
Users of this version of Gym should be able to simply replace 'import gym' with 'import gymnasium as gym' in the vast majority of cases.
See the migration guide at https://gymnasium.farama.org/introduction/migration_guide/ for additional information.
Gym has been unmaintained since 2022 and does not support NumPy 2.0 amongst other critical functionality.
Please upgrade to Gymnasium, the maintained drop-in replacement of Gym, or contact the authors of your software and request that they upgrade.
Users of this version of Gym should be able to simply replace 'import gym' with 'import gymnasium as gym' in the vast majority of cases.
See the migration guide at https://gymnasium.farama.org/introduction/migration_guide/ for additional information.
Gym has been unmaintained since 2022 and does not support NumPy 2.0 amongst other critical functionality.
Please upgrade to Gymnasium, the maintained drop-in replacement of Gym, or contact the authors of your software and request that they upgrade.
Users of this version of Gym should be able to simply replace 'import gym' with 'import gymnasium as gym' in the vast majority of cases.
See the migration guide at https://gymnasium.farama.org/introduction/migration_guide/ for additional information.
Gym has been unmaintained since 2022 and does not support NumPy 2.0 amongst other critical functionality.
Please upgrade to Gymnasium, the maintained drop-in replacement of Gym, or contact the authors of your software and request that they upgrade.
Users of this version of Gym should be able to simply replace 'import gym' with 'import gymnasium as gym' in the vast majority of cases.
See the migration guide at https://gymnasium.farama.org/introduction/migration_guide/ for additional information.
Gym has been unmaintained since 2022 and does not support NumPy 2.0 amongst other critical functionality.
Please upgrade to Gymnasium, the maintained drop-in replacement of Gym, or contact the authors of your software and request that they upgrade.
Users of this version of Gym should be able to simply replace 'import gym' with 'import gymnasium as gym' in the vast majority of cases.
See the migration guide at https://gymnasium.farama.org/introduction/migration_guide/ for additional information.
Gym has been unmaintained since 2022 and does not support NumPy 2.0 amongst other critical functionality.
Please upgrade to Gymnasium, the maintained drop-in replacement of Gym, or contact the authors of your software and request that they upgrade.
Users of this version of Gym should be able to simply replace 'import gym' with 'import gymnasium as gym' in the vast majority of cases.
See the migration guide at https://gymnasium.farama.org/introduction/migration_guide/ for additional information.
Gym has been unmaintained since 2022 and does not support NumPy 2.0 amongst other critical functionality.
Please upgrade to Gymnasium, the maintained drop-in replacement of Gym, or contact the authors of your software and request that they upgrade.
Users of this version of Gym should be able to simply replace 'import gym' with 'import gymnasium as gym' in the vast majority of cases.
See the migration guide at https://gymnasium.farama.org/introduction/migration_guide/ for additional information.
Gym has been unmaintained since 2022 and does not support NumPy 2.0 amongst other critical functionality.
Please upgrade to Gymnasium, the maintained drop-in replacement of Gym, or contact the authors of your software and request that they upgrade.
Users of this version of Gym should be able to simply replace 'import gym' with 'import gymnasium as gym' in the vast majority of cases.
See the migration guide at https://gymnasium.farama.org/introduction/migration_guide/ for additional information.
Gym has been unmaintained since 2022 and does not support NumPy 2.0 amongst other critical functionality.
Please upgrade to Gymnasium, the maintained drop-in replacement of Gym, or contact the authors of your software and request that they upgrade.
Users of this version of Gym should be able to simply replace 'import gym' with 'import gymnasium as gym' in the vast majority of cases.
See the migration guide at https://gymnasium.farama.org/introduction/migration_guide/ for additional information.
Gym has been unmaintained since 2022 and does not support NumPy 2.0 amongst other critical functionality.
Please upgrade to Gymnasium, the maintained drop-in replacement of Gym, or contact the authors of your software and request that they upgrade.
Users of this version of Gym should be able to simply replace 'import gym' with 'import gymnasium as gym' in the vast majority of cases.
See the migration guide at https://gymnasium.farama.org/introduction/migration_guide/ for additional information.
Gym has been unmaintained since 2022 and does not support NumPy 2.0 amongst other critical functionality.
Please upgrade to Gymnasium, the maintained drop-in replacement of Gym, or contact the authors of your software and request that they upgrade.
Users of this version of Gym should be able to simply replace 'import gym' with 'import gymnasium as gym' in the vast majority of cases.
See the migration guide at https://gymnasium.farama.org/introduction/migration_guide/ for additional information.
Gym has been unmaintained since 2022 and does not support NumPy 2.0 amongst other critical functionality.
Please upgrade to Gymnasium, the maintained drop-in replacement of Gym, or contact the authors of your software and request that they upgrade.
Users of this version of Gym should be able to simply replace 'import gym' with 'import gymnasium as gym' in the vast majority of cases.
See the migration guide at https://gymnasium.farama.org/introduction/migration_guide/ for additional information.
Gym has been unmaintained since 2022 and does not support NumPy 2.0 amongst other critical functionality.
Please upgrade to Gymnasium, the maintained drop-in replacement of Gym, or contact the authors of your software and request that they upgrade.
Users of this version of Gym should be able to simply replace 'import gym' with 'import gymnasium as gym' in the vast majority of cases.
See the migration guide at https://gymnasium.farama.org/introduction/migration_guide/ for additional information.
Gym has been unmaintained since 2022 and does not support NumPy 2.0 amongst other critical functionality.
Please upgrade to Gymnasium, the maintained drop-in replacement of Gym, or contact the authors of your software and request that they upgrade.
Users of this version of Gym should be able to simply replace 'import gym' with 'import gymnasium as gym' in the vast majority of cases.
See the migration guide at https://gymnasium.farama.org/introduction/migration_guide/ for additional information.
Gym has been unmaintained since 2022 and does not support NumPy 2.0 amongst other critical functionality.
Please upgrade to Gymnasium, the maintained drop-in replacement of Gym, or contact the authors of your software and request that they upgrade.
Users of this version of Gym should be able to simply replace 'import gym' with 'import gymnasium as gym' in the vast majority of cases.
See the migration guide at https://gymnasium.farama.org/introduction/migration_guide/ for additional information.
Gym has been unmaintained since 2022 and does not support NumPy 2.0 amongst other critical functionality.
Please upgrade to Gymnasium, the maintained drop-in replacement of Gym, or contact the authors of your software and request that they upgrade.
Users of this version of Gym should be able to simply replace 'import gym' with 'import gymnasium as gym' in the vast majority of cases.
See the migration guide at https://gymnasium.farama.org/introduction/migration_guide/ for additional information.
Gym has been unmaintained since 2022 and does not support NumPy 2.0 amongst other critical functionality.
Please upgrade to Gymnasium, the maintained drop-in replacement of Gym, or contact the authors of your software and request that they upgrade.
Users of this version of Gym should be able to simply replace 'import gym' with 'import gymnasium as gym' in the vast majority of cases.
See the migration guide at https://gymnasium.farama.org/introduction/migration_guide/ for additional information.
Gym has been unmaintained since 2022 and does not support NumPy 2.0 amongst other critical functionality.
Please upgrade to Gymnasium, the maintained drop-in replacement of Gym, or contact the authors of your software and request that they upgrade.
Users of this version of Gym should be able to simply replace 'import gym' with 'import gymnasium as gym' in the vast majority of cases.
See the migration guide at https://gymnasium.farama.org/introduction/migration_guide/ for additional information.
Gym has been unmaintained since 2022 and does not support NumPy 2.0 amongst other critical functionality.
Please upgrade to Gymnasium, the maintained drop-in replacement of Gym, or contact the authors of your software and request that they upgrade.
Users of this version of Gym should be able to simply replace 'import gym' with 'import gymnasium as gym' in the vast majority of cases.
See the migration guide at https://gymnasium.farama.org/introduction/migration_guide/ for additional information.
/home/wangdx_lab/cse12211818/MAPPO/envs/env_core.py:766: RuntimeWarning: divide by zero encountered in scalar divide
  used_targets = sorted(used_targets, key= lambda target: ((np.arctan(1/np.divide(*(target-centroid))) + (np.pi if (target-centroid)[0]<0 else 0))*2/np.pi+4)%4)
/home/wangdx_lab/cse12211818/MAPPO/envs/env_core.py:766: RuntimeWarning: divide by zero encountered in scalar divide
  used_targets = sorted(used_targets, key= lambda target: ((np.arctan(1/np.divide(*(target-centroid))) + (np.pi if (target-centroid)[0]<0 else 0))*2/np.pi+4)%4)
/home/wangdx_lab/cse12211818/MAPPO/envs/env_core.py:766: RuntimeWarning: divide by zero encountered in scalar divide
  used_targets = sorted(used_targets, key= lambda target: ((np.arctan(1/np.divide(*(target-centroid))) + (np.pi if (target-centroid)[0]<0 else 0))*2/np.pi+4)%4)
/home/wangdx_lab/cse12211818/MAPPO/envs/env_core.py:766: RuntimeWarning: divide by zero encountered in scalar divide
  used_targets = sorted(used_targets, key= lambda target: ((np.arctan(1/np.divide(*(target-centroid))) + (np.pi if (target-centroid)[0]<0 else 0))*2/np.pi+4)%4)
/home/wangdx_lab/cse12211818/MAPPO/envs/env_core.py:766: RuntimeWarning: divide by zero encountered in scalar divide
  used_targets = sorted(used_targets, key= lambda target: ((np.arctan(1/np.divide(*(target-centroid))) + (np.pi if (target-centroid)[0]<0 else 0))*2/np.pi+4)%4)
/home/wangdx_lab/cse12211818/MAPPO/envs/env_core.py:766: RuntimeWarning: divide by zero encountered in scalar divide
  used_targets = sorted(used_targets, key= lambda target: ((np.arctan(1/np.divide(*(target-centroid))) + (np.pi if (target-centroid)[0]<0 else 0))*2/np.pi+4)%4)
/home/wangdx_lab/cse12211818/MAPPO/envs/env_core.py:766: RuntimeWarning: divide by zero encountered in scalar divide
  used_targets = sorted(used_targets, key= lambda target: ((np.arctan(1/np.divide(*(target-centroid))) + (np.pi if (target-centroid)[0]<0 else 0))*2/np.pi+4)%4)
/home/wangdx_lab/cse12211818/MAPPO/envs/env_core.py:766: RuntimeWarning: divide by zero encountered in scalar divide
  used_targets = sorted(used_targets, key= lambda target: ((np.arctan(1/np.divide(*(target-centroid))) + (np.pi if (target-centroid)[0]<0 else 0))*2/np.pi+4)%4)
/home/wangdx_lab/cse12211818/MAPPO/envs/env_core.py:766: RuntimeWarning: divide by zero encountered in scalar divide
  used_targets = sorted(used_targets, key= lambda target: ((np.arctan(1/np.divide(*(target-centroid))) + (np.pi if (target-centroid)[0]<0 else 0))*2/np.pi+4)%4)
/home/wangdx_lab/cse12211818/MAPPO/envs/env_core.py:766: RuntimeWarning: divide by zero encountered in scalar divide
  used_targets = sorted(used_targets, key= lambda target: ((np.arctan(1/np.divide(*(target-centroid))) + (np.pi if (target-centroid)[0]<0 else 0))*2/np.pi+4)%4)
/home/wangdx_lab/cse12211818/MAPPO/envs/env_core.py:766: RuntimeWarning: divide by zero encountered in scalar divide
  used_targets = sorted(used_targets, key= lambda target: ((np.arctan(1/np.divide(*(target-centroid))) + (np.pi if (target-centroid)[0]<0 else 0))*2/np.pi+4)%4)
/home/wangdx_lab/cse12211818/MAPPO/envs/env_core.py:766: RuntimeWarning: divide by zero encountered in scalar divide
  used_targets = sorted(used_targets, key= lambda target: ((np.arctan(1/np.divide(*(target-centroid))) + (np.pi if (target-centroid)[0]<0 else 0))*2/np.pi+4)%4)
/home/wangdx_lab/cse12211818/MAPPO/envs/env_core.py:766: RuntimeWarning: divide by zero encountered in scalar divide
  used_targets = sorted(used_targets, key= lambda target: ((np.arctan(1/np.divide(*(target-centroid))) + (np.pi if (target-centroid)[0]<0 else 0))*2/np.pi+4)%4)
/home/wangdx_lab/cse12211818/MAPPO/envs/env_core.py:766: RuntimeWarning: divide by zero encountered in scalar divide
  used_targets = sorted(used_targets, key= lambda target: ((np.arctan(1/np.divide(*(target-centroid))) + (np.pi if (target-centroid)[0]<0 else 0))*2/np.pi+4)%4)
/home/wangdx_lab/cse12211818/MAPPO/envs/env_core.py:766: RuntimeWarning: divide by zero encountered in scalar divide
  used_targets = sorted(used_targets, key= lambda target: ((np.arctan(1/np.divide(*(target-centroid))) + (np.pi if (target-centroid)[0]<0 else 0))*2/np.pi+4)%4)
/home/wangdx_lab/cse12211818/MAPPO/envs/env_core.py:766: RuntimeWarning: divide by zero encountered in scalar divide
  used_targets = sorted(used_targets, key= lambda target: ((np.arctan(1/np.divide(*(target-centroid))) + (np.pi if (target-centroid)[0]<0 else 0))*2/np.pi+4)%4)
/home/wangdx_lab/cse12211818/MAPPO/envs/env_core.py:766: RuntimeWarning: divide by zero encountered in scalar divide
  used_targets = sorted(used_targets, key= lambda target: ((np.arctan(1/np.divide(*(target-centroid))) + (np.pi if (target-centroid)[0]<0 else 0))*2/np.pi+4)%4)
/home/wangdx_lab/cse12211818/MAPPO/envs/env_core.py:766: RuntimeWarning: divide by zero encountered in scalar divide
  used_targets = sorted(used_targets, key= lambda target: ((np.arctan(1/np.divide(*(target-centroid))) + (np.pi if (target-centroid)[0]<0 else 0))*2/np.pi+4)%4)
/home/wangdx_lab/cse12211818/MAPPO/envs/env_core.py:766: RuntimeWarning: divide by zero encountered in scalar divide
  used_targets = sorted(used_targets, key= lambda target: ((np.arctan(1/np.divide(*(target-centroid))) + (np.pi if (target-centroid)[0]<0 else 0))*2/np.pi+4)%4)
/home/wangdx_lab/cse12211818/MAPPO/envs/env_core.py:766: RuntimeWarning: divide by zero encountered in scalar divide
  used_targets = sorted(used_targets, key= lambda target: ((np.arctan(1/np.divide(*(target-centroid))) + (np.pi if (target-centroid)[0]<0 else 0))*2/np.pi+4)%4)
/home/wangdx_lab/cse12211818/MAPPO/envs/env_core.py:766: RuntimeWarning: divide by zero encountered in scalar divide
  used_targets = sorted(used_targets, key= lambda target: ((np.arctan(1/np.divide(*(target-centroid))) + (np.pi if (target-centroid)[0]<0 else 0))*2/np.pi+4)%4)
/home/wangdx_lab/cse12211818/MAPPO/envs/env_core.py:766: RuntimeWarning: divide by zero encountered in scalar divide
  used_targets = sorted(used_targets, key= lambda target: ((np.arctan(1/np.divide(*(target-centroid))) + (np.pi if (target-centroid)[0]<0 else 0))*2/np.pi+4)%4)
/home/wangdx_lab/cse12211818/MAPPO/envs/env_core.py:766: RuntimeWarning: divide by zero encountered in scalar divide
  used_targets = sorted(used_targets, key= lambda target: ((np.arctan(1/np.divide(*(target-centroid))) + (np.pi if (target-centroid)[0]<0 else 0))*2/np.pi+4)%4)
/home/wangdx_lab/cse12211818/MAPPO/envs/env_core.py:766: RuntimeWarning: divide by zero encountered in scalar divide
  used_targets = sorted(used_targets, key= lambda target: ((np.arctan(1/np.divide(*(target-centroid))) + (np.pi if (target-centroid)[0]<0 else 0))*2/np.pi+4)%4)
/home/wangdx_lab/cse12211818/MAPPO/envs/env_core.py:766: RuntimeWarning: divide by zero encountered in scalar divide
  used_targets = sorted(used_targets, key= lambda target: ((np.arctan(1/np.divide(*(target-centroid))) + (np.pi if (target-centroid)[0]<0 else 0))*2/np.pi+4)%4)
/home/wangdx_lab/cse12211818/MAPPO/envs/env_core.py:766: RuntimeWarning: divide by zero encountered in scalar divide
  used_targets = sorted(used_targets, key= lambda target: ((np.arctan(1/np.divide(*(target-centroid))) + (np.pi if (target-centroid)[0]<0 else 0))*2/np.pi+4)%4)
/home/wangdx_lab/cse12211818/MAPPO/envs/env_core.py:766: RuntimeWarning: divide by zero encountered in scalar divide
  used_targets = sorted(used_targets, key= lambda target: ((np.arctan(1/np.divide(*(target-centroid))) + (np.pi if (target-centroid)[0]<0 else 0))*2/np.pi+4)%4)
/home/wangdx_lab/cse12211818/MAPPO/envs/env_core.py:766: RuntimeWarning: divide by zero encountered in scalar divide
  used_targets = sorted(used_targets, key= lambda target: ((np.arctan(1/np.divide(*(target-centroid))) + (np.pi if (target-centroid)[0]<0 else 0))*2/np.pi+4)%4)
/home/wangdx_lab/cse12211818/MAPPO/envs/env_core.py:766: RuntimeWarning: divide by zero encountered in scalar divide
  used_targets = sorted(used_targets, key= lambda target: ((np.arctan(1/np.divide(*(target-centroid))) + (np.pi if (target-centroid)[0]<0 else 0))*2/np.pi+4)%4)
/home/wangdx_lab/cse12211818/MAPPO/envs/env_core.py:766: RuntimeWarning: divide by zero encountered in scalar divide
  used_targets = sorted(used_targets, key= lambda target: ((np.arctan(1/np.divide(*(target-centroid))) + (np.pi if (target-centroid)[0]<0 else 0))*2/np.pi+4)%4)
/home/wangdx_lab/cse12211818/MAPPO/envs/env_core.py:766: RuntimeWarning: divide by zero encountered in scalar divide
  used_targets = sorted(used_targets, key= lambda target: ((np.arctan(1/np.divide(*(target-centroid))) + (np.pi if (target-centroid)[0]<0 else 0))*2/np.pi+4)%4)
/home/wangdx_lab/cse12211818/MAPPO/envs/env_core.py:766: RuntimeWarning: divide by zero encountered in scalar divide
  used_targets = sorted(used_targets, key= lambda target: ((np.arctan(1/np.divide(*(target-centroid))) + (np.pi if (target-centroid)[0]<0 else 0))*2/np.pi+4)%4)
/home/wangdx_lab/cse12211818/MAPPO/envs/env_core.py:766: RuntimeWarning: divide by zero encountered in scalar divide
  used_targets = sorted(used_targets, key= lambda target: ((np.arctan(1/np.divide(*(target-centroid))) + (np.pi if (target-centroid)[0]<0 else 0))*2/np.pi+4)%4)
/home/wangdx_lab/cse12211818/MAPPO/envs/env_core.py:766: RuntimeWarning: divide by zero encountered in scalar divide
  used_targets = sorted(used_targets, key= lambda target: ((np.arctan(1/np.divide(*(target-centroid))) + (np.pi if (target-centroid)[0]<0 else 0))*2/np.pi+4)%4)
/home/wangdx_lab/cse12211818/MAPPO/envs/env_core.py:766: RuntimeWarning: divide by zero encountered in scalar divide
  used_targets = sorted(used_targets, key= lambda target: ((np.arctan(1/np.divide(*(target-centroid))) + (np.pi if (target-centroid)[0]<0 else 0))*2/np.pi+4)%4)
/home/wangdx_lab/cse12211818/MAPPO/envs/env_core.py:766: RuntimeWarning: divide by zero encountered in scalar divide
  used_targets = sorted(used_targets, key= lambda target: ((np.arctan(1/np.divide(*(target-centroid))) + (np.pi if (target-centroid)[0]<0 else 0))*2/np.pi+4)%4)
/home/wangdx_lab/cse12211818/MAPPO/envs/env_core.py:766: RuntimeWarning: divide by zero encountered in scalar divide
  used_targets = sorted(used_targets, key= lambda target: ((np.arctan(1/np.divide(*(target-centroid))) + (np.pi if (target-centroid)[0]<0 else 0))*2/np.pi+4)%4)
/home/wangdx_lab/cse12211818/MAPPO/envs/env_core.py:766: RuntimeWarning: divide by zero encountered in scalar divide
  used_targets = sorted(used_targets, key= lambda target: ((np.arctan(1/np.divide(*(target-centroid))) + (np.pi if (target-centroid)[0]<0 else 0))*2/np.pi+4)%4)
/home/wangdx_lab/cse12211818/MAPPO/envs/env_core.py:766: RuntimeWarning: divide by zero encountered in scalar divide
  used_targets = sorted(used_targets, key= lambda target: ((np.arctan(1/np.divide(*(target-centroid))) + (np.pi if (target-centroid)[0]<0 else 0))*2/np.pi+4)%4)
/home/wangdx_lab/cse12211818/MAPPO/envs/env_core.py:766: RuntimeWarning: divide by zero encountered in scalar divide
  used_targets = sorted(used_targets, key= lambda target: ((np.arctan(1/np.divide(*(target-centroid))) + (np.pi if (target-centroid)[0]<0 else 0))*2/np.pi+4)%4)
/home/wangdx_lab/cse12211818/MAPPO/envs/env_core.py:766: RuntimeWarning: divide by zero encountered in scalar divide
  used_targets = sorted(used_targets, key= lambda target: ((np.arctan(1/np.divide(*(target-centroid))) + (np.pi if (target-centroid)[0]<0 else 0))*2/np.pi+4)%4)
/home/wangdx_lab/cse12211818/MAPPO/envs/env_core.py:766: RuntimeWarning: divide by zero encountered in scalar divide
  used_targets = sorted(used_targets, key= lambda target: ((np.arctan(1/np.divide(*(target-centroid))) + (np.pi if (target-centroid)[0]<0 else 0))*2/np.pi+4)%4)
/home/wangdx_lab/cse12211818/MAPPO/envs/env_core.py:766: RuntimeWarning: divide by zero encountered in scalar divide
  used_targets = sorted(used_targets, key= lambda target: ((np.arctan(1/np.divide(*(target-centroid))) + (np.pi if (target-centroid)[0]<0 else 0))*2/np.pi+4)%4)
/home/wangdx_lab/cse12211818/MAPPO/envs/env_core.py:766: RuntimeWarning: divide by zero encountered in scalar divide
  used_targets = sorted(used_targets, key= lambda target: ((np.arctan(1/np.divide(*(target-centroid))) + (np.pi if (target-centroid)[0]<0 else 0))*2/np.pi+4)%4)
/home/wangdx_lab/cse12211818/MAPPO/envs/env_core.py:766: RuntimeWarning: divide by zero encountered in scalar divide
  used_targets = sorted(used_targets, key= lambda target: ((np.arctan(1/np.divide(*(target-centroid))) + (np.pi if (target-centroid)[0]<0 else 0))*2/np.pi+4)%4)
/home/wangdx_lab/cse12211818/MAPPO/envs/env_core.py:766: RuntimeWarning: divide by zero encountered in scalar divide
  used_targets = sorted(used_targets, key= lambda target: ((np.arctan(1/np.divide(*(target-centroid))) + (np.pi if (target-centroid)[0]<0 else 0))*2/np.pi+4)%4)
/home/wangdx_lab/cse12211818/MAPPO/envs/env_core.py:766: RuntimeWarning: divide by zero encountered in scalar divide
  used_targets = sorted(used_targets, key= lambda target: ((np.arctan(1/np.divide(*(target-centroid))) + (np.pi if (target-centroid)[0]<0 else 0))*2/np.pi+4)%4)
/home/wangdx_lab/cse12211818/MAPPO/envs/env_core.py:766: RuntimeWarning: divide by zero encountered in scalar divide
  used_targets = sorted(used_targets, key= lambda target: ((np.arctan(1/np.divide(*(target-centroid))) + (np.pi if (target-centroid)[0]<0 else 0))*2/np.pi+4)%4)
/home/wangdx_lab/cse12211818/MAPPO/envs/env_core.py:766: RuntimeWarning: divide by zero encountered in scalar divide
  used_targets = sorted(used_targets, key= lambda target: ((np.arctan(1/np.divide(*(target-centroid))) + (np.pi if (target-centroid)[0]<0 else 0))*2/np.pi+4)%4)
/home/wangdx_lab/cse12211818/MAPPO/envs/env_core.py:766: RuntimeWarning: divide by zero encountered in scalar divide
  used_targets = sorted(used_targets, key= lambda target: ((np.arctan(1/np.divide(*(target-centroid))) + (np.pi if (target-centroid)[0]<0 else 0))*2/np.pi+4)%4)
/home/wangdx_lab/cse12211818/MAPPO/envs/env_core.py:766: RuntimeWarning: divide by zero encountered in scalar divide
  used_targets = sorted(used_targets, key= lambda target: ((np.arctan(1/np.divide(*(target-centroid))) + (np.pi if (target-centroid)[0]<0 else 0))*2/np.pi+4)%4)
/home/wangdx_lab/cse12211818/MAPPO/envs/env_core.py:766: RuntimeWarning: divide by zero encountered in scalar divide
  used_targets = sorted(used_targets, key= lambda target: ((np.arctan(1/np.divide(*(target-centroid))) + (np.pi if (target-centroid)[0]<0 else 0))*2/np.pi+4)%4)
/home/wangdx_lab/cse12211818/MAPPO/envs/env_core.py:766: RuntimeWarning: divide by zero encountered in scalar divide
  used_targets = sorted(used_targets, key= lambda target: ((np.arctan(1/np.divide(*(target-centroid))) + (np.pi if (target-centroid)[0]<0 else 0))*2/np.pi+4)%4)
/home/wangdx_lab/cse12211818/MAPPO/envs/env_core.py:766: RuntimeWarning: divide by zero encountered in scalar divide
  used_targets = sorted(used_targets, key= lambda target: ((np.arctan(1/np.divide(*(target-centroid))) + (np.pi if (target-centroid)[0]<0 else 0))*2/np.pi+4)%4)
/home/wangdx_lab/cse12211818/MAPPO/envs/env_core.py:766: RuntimeWarning: divide by zero encountered in scalar divide
  used_targets = sorted(used_targets, key= lambda target: ((np.arctan(1/np.divide(*(target-centroid))) + (np.pi if (target-centroid)[0]<0 else 0))*2/np.pi+4)%4)
/home/wangdx_lab/cse12211818/MAPPO/envs/env_core.py:766: RuntimeWarning: divide by zero encountered in scalar divide
  used_targets = sorted(used_targets, key= lambda target: ((np.arctan(1/np.divide(*(target-centroid))) + (np.pi if (target-centroid)[0]<0 else 0))*2/np.pi+4)%4)
/home/wangdx_lab/cse12211818/MAPPO/envs/env_core.py:766: RuntimeWarning: divide by zero encountered in scalar divide
  used_targets = sorted(used_targets, key= lambda target: ((np.arctan(1/np.divide(*(target-centroid))) + (np.pi if (target-centroid)[0]<0 else 0))*2/np.pi+4)%4)
/home/wangdx_lab/cse12211818/MAPPO/envs/env_core.py:766: RuntimeWarning: divide by zero encountered in scalar divide
  used_targets = sorted(used_targets, key= lambda target: ((np.arctan(1/np.divide(*(target-centroid))) + (np.pi if (target-centroid)[0]<0 else 0))*2/np.pi+4)%4)
/home/wangdx_lab/cse12211818/MAPPO/envs/env_core.py:766: RuntimeWarning: divide by zero encountered in scalar divide
  used_targets = sorted(used_targets, key= lambda target: ((np.arctan(1/np.divide(*(target-centroid))) + (np.pi if (target-centroid)[0]<0 else 0))*2/np.pi+4)%4)
/home/wangdx_lab/cse12211818/MAPPO/envs/env_core.py:766: RuntimeWarning: divide by zero encountered in scalar divide
  used_targets = sorted(used_targets, key= lambda target: ((np.arctan(1/np.divide(*(target-centroid))) + (np.pi if (target-centroid)[0]<0 else 0))*2/np.pi+4)%4)
/home/wangdx_lab/cse12211818/MAPPO/envs/env_core.py:766: RuntimeWarning: divide by zero encountered in scalar divide
  used_targets = sorted(used_targets, key= lambda target: ((np.arctan(1/np.divide(*(target-centroid))) + (np.pi if (target-centroid)[0]<0 else 0))*2/np.pi+4)%4)
/home/wangdx_lab/cse12211818/MAPPO/envs/env_core.py:766: RuntimeWarning: divide by zero encountered in scalar divide
  used_targets = sorted(used_targets, key= lambda target: ((np.arctan(1/np.divide(*(target-centroid))) + (np.pi if (target-centroid)[0]<0 else 0))*2/np.pi+4)%4)
/home/wangdx_lab/cse12211818/MAPPO/envs/env_core.py:766: RuntimeWarning: divide by zero encountered in scalar divide
  used_targets = sorted(used_targets, key= lambda target: ((np.arctan(1/np.divide(*(target-centroid))) + (np.pi if (target-centroid)[0]<0 else 0))*2/np.pi+4)%4)
/home/wangdx_lab/cse12211818/MAPPO/envs/env_core.py:766: RuntimeWarning: divide by zero encountered in scalar divide
  used_targets = sorted(used_targets, key= lambda target: ((np.arctan(1/np.divide(*(target-centroid))) + (np.pi if (target-centroid)[0]<0 else 0))*2/np.pi+4)%4)
/home/wangdx_lab/cse12211818/MAPPO/envs/env_core.py:766: RuntimeWarning: divide by zero encountered in scalar divide
  used_targets = sorted(used_targets, key= lambda target: ((np.arctan(1/np.divide(*(target-centroid))) + (np.pi if (target-centroid)[0]<0 else 0))*2/np.pi+4)%4)
/home/wangdx_lab/cse12211818/MAPPO/envs/env_core.py:766: RuntimeWarning: divide by zero encountered in scalar divide
  used_targets = sorted(used_targets, key= lambda target: ((np.arctan(1/np.divide(*(target-centroid))) + (np.pi if (target-centroid)[0]<0 else 0))*2/np.pi+4)%4)
/home/wangdx_lab/cse12211818/MAPPO/envs/env_core.py:766: RuntimeWarning: divide by zero encountered in scalar divide
  used_targets = sorted(used_targets, key= lambda target: ((np.arctan(1/np.divide(*(target-centroid))) + (np.pi if (target-centroid)[0]<0 else 0))*2/np.pi+4)%4)
/home/wangdx_lab/cse12211818/MAPPO/envs/env_core.py:766: RuntimeWarning: divide by zero encountered in scalar divide
  used_targets = sorted(used_targets, key= lambda target: ((np.arctan(1/np.divide(*(target-centroid))) + (np.pi if (target-centroid)[0]<0 else 0))*2/np.pi+4)%4)
Process Process-1:
Process Process-2:
Process Process-7:
Process Process-4:
Process Process-8:
Process Process-6:
Process Process-9:
Process Process-3:
Process Process-10:
Process Process-5:
Process Process-11:
Process Process-12:
Process Process-14:
Process Process-13:
Process Process-15:
Process Process-16:
Process Process-17:
Process Process-18:
Process Process-19:
Process Process-20:
Process Process-21:
Process Process-22:
Process Process-23:
Process Process-24:
Process Process-25:
Process Process-26:
Process Process-27:
Process Process-28:
Process Process-29:
Process Process-30:
Process Process-31:
Process Process-32:
Process Process-33:
Process Process-34:
Process Process-35:
Process Process-36:
Process Process-37:
Process Process-38:
Process Process-39:
Process Process-40:
Process Process-41:
Process Process-42:
Process Process-43:
Process Process-174:
Process Process-44:
Process Process-173:
Process Process-45:
Process Process-172:
Process Process-46:
Process Process-171:
Process Process-47:
Process Process-170:
Process Process-48:
Process Process-169:
Process Process-49:
Process Process-168:
Process Process-50:
Process Process-167:
Process Process-51:
Process Process-166:
Process Process-52:
Process Process-165:
Process Process-53:
Process Process-54:
Process Process-164:
Process Process-163:
Process Process-55:
Process Process-162:
Process Process-56:
Process Process-57:
Process Process-161:
Process Process-160:
Process Process-58:
Process Process-59:
Process Process-159:
Process Process-158:
Process Process-60:
Process Process-157:
Process Process-61:
Process Process-62:
Process Process-156:
Process Process-63:
Process Process-155:
Process Process-154:
Process Process-64:
Process Process-153:
Process Process-65:
Process Process-152:
Process Process-66:
Process Process-67:
Process Process-151:
Process Process-68:
Process Process-69:
Process Process-70:
Process Process-71:
Process Process-72:
Process Process-73:
Process Process-74:
Process Process-75:
Process Process-76:
Process Process-77:
Process Process-78:
Process Process-79:
Process Process-80:
Process Process-81:
Process Process-82:
Process Process-83:
Process Process-84:
Process Process-85:
Process Process-86:
Process Process-87:
Process Process-88:
Process Process-89:
Process Process-90:
Process Process-91:
Process Process-92:
Process Process-93:
Process Process-94:
Process Process-95:
Process Process-96:
Process Process-97:
Process Process-98:
Process Process-99:
Process Process-100:
Process Process-101:
Process Process-102:
Process Process-103:
Process Process-104:
Process Process-105:
Process Process-106:
Process Process-107:
Process Process-108:
Process Process-180:
Process Process-109:
Process Process-179:
Process Process-178:
Process Process-110:
Process Process-177:
Process Process-111:
Process Process-176:
Process Process-112:
Process Process-113:
Process Process-175:
Process Process-114:
Process Process-150:
Process Process-149:
Process Process-115:
Process Process-148:
Process Process-116:
Process Process-117:
Process Process-147:
Process Process-146:
Process Process-118:
Process Process-145:
Process Process-119:
Process Process-144:
Process Process-120:
Process Process-121:
Process Process-122:
Process Process-123:
Process Process-124:
Process Process-125:
Process Process-126:
Process Process-127:
Process Process-128:
Process Process-129:
Process Process-130:
Process Process-131:
Process Process-132:
Process Process-133:
Process Process-134:
Process Process-135:
Process Process-136:
Process Process-137:
Process Process-181:
Process Process-143:
Process Process-182:
Process Process-142:
Process Process-183:
Process Process-141:
Process Process-184:
Process Process-140:
Process Process-185:
Process Process-139:
Process Process-186:
Process Process-138:
Process Process-187:
Process Process-188:
Process Process-189:
Process Process-190:
Process Process-191:
Process Process-192:
Process Process-193:
Process Process-194:
Process Process-195:
Process Process-196:
Process Process-197:
Process Process-198:
Process Process-199:
Process Process-200:
Traceback (most recent call last):
Traceback (most recent call last):
  File "/home/wangdx_lab/cse12211818/.conda/envs/swE2/lib/python3.9/multiprocessing/process.py", line 315, in _bootstrap
    self.run()
  File "/home/wangdx_lab/cse12211818/.conda/envs/swE2/lib/python3.9/multiprocessing/process.py", line 315, in _bootstrap
    self.run()
  File "/home/wangdx_lab/cse12211818/.conda/envs/swE2/lib/python3.9/multiprocessing/process.py", line 108, in run
    self._target(*self._args, **self._kwargs)
  File "/home/wangdx_lab/cse12211818/.conda/envs/swE2/lib/python3.9/multiprocessing/process.py", line 108, in run
    self._target(*self._args, **self._kwargs)
  File "/home/wangdx_lab/cse12211818/MAPPO/envs/env_wrappers.py", line 177, in worker
    env.set_comm_broadcasts(data)
  File "/home/wangdx_lab/cse12211818/MAPPO/envs/env_wrappers.py", line 177, in worker
    env.set_comm_broadcasts(data)
  File "/home/wangdx_lab/cse12211818/MAPPO/envs/env_discrete.py", line 166, in set_comm_broadcasts
    self.env.set_comm_broadcasts(msgs)
  File "/home/wangdx_lab/cse12211818/MAPPO/envs/env_discrete.py", line 166, in set_comm_broadcasts
    self.env.set_comm_broadcasts(msgs)
  File "/home/wangdx_lab/cse12211818/MAPPO/envs/env_core.py", line 680, in set_comm_broadcasts
    arr = np.asarray(msgs, dtype=np.float32).reshape(self.robot_num, self.attn_comm_msg_dim)
  File "/home/wangdx_lab/cse12211818/MAPPO/envs/env_core.py", line 680, in set_comm_broadcasts
    arr = np.asarray(msgs, dtype=np.float32).reshape(self.robot_num, self.attn_comm_msg_dim)
ValueError: cannot reshape array of size 32 into shape (10,32)
ValueError: cannot reshape array of size 32 into shape (10,32)
成功加载长度 10: 26 个图案。
初始化完成：内存中可用长度 -> [10]
[font-pattern][train] env_rank=89/199, length=10, name=I
成功加载长度 10: 26 个图案。
初始化完成：内存中可用长度 -> [10]
[font-pattern][train] env_rank=131/199, length=10, name=T
Traceback (most recent call last):
  File "/home/wangdx_lab/cse12211818/.conda/envs/swE2/lib/python3.9/multiprocessing/process.py", line 315, in _bootstrap
    self.run()
  File "/home/wangdx_lab/cse12211818/.conda/envs/swE2/lib/python3.9/multiprocessing/process.py", line 108, in run
    self._target(*self._args, **self._kwargs)
  File "/home/wangdx_lab/cse12211818/MAPPO/envs/env_wrappers.py", line 177, in worker
    env.set_comm_broadcasts(data)
  File "/home/wangdx_lab/cse12211818/MAPPO/envs/env_discrete.py", line 166, in set_comm_broadcasts
    self.env.set_comm_broadcasts(msgs)
  File "/home/wangdx_lab/cse12211818/MAPPO/envs/env_core.py", line 680, in set_comm_broadcasts
    arr = np.asarray(msgs, dtype=np.float32).reshape(self.robot_num, self.attn_comm_msg_dim)
ValueError: cannot reshape array of size 32 into shape (10,32)
成功加载长度 10: 26 个图案。
初始化完成：内存中可用长度 -> [10]
[font-pattern][train] env_rank=136/199, length=10, name=A
Traceback (most recent call last):
  File "/home/wangdx_lab/cse12211818/.conda/envs/swE2/lib/python3.9/multiprocessing/process.py", line 315, in _bootstrap
    self.run()
  File "/home/wangdx_lab/cse12211818/.conda/envs/swE2/lib/python3.9/multiprocessing/process.py", line 108, in run
    self._target(*self._args, **self._kwargs)
  File "/home/wangdx_lab/cse12211818/MAPPO/envs/env_wrappers.py", line 177, in worker
    env.set_comm_broadcasts(data)
  File "/home/wangdx_lab/cse12211818/MAPPO/envs/env_discrete.py", line 166, in set_comm_broadcasts
    self.env.set_comm_broadcasts(msgs)
  File "/home/wangdx_lab/cse12211818/MAPPO/envs/env_core.py", line 680, in set_comm_broadcasts
    arr = np.asarray(msgs, dtype=np.float32).reshape(self.robot_num, self.attn_comm_msg_dim)
ValueError: cannot reshape array of size 32 into shape (10,32)
成功加载长度 10: 26 个图案。
初始化完成：内存中可用长度 -> [10]
[font-pattern][train] env_rank=128/199, length=10, name=Y
Traceback (most recent call last):
Traceback (most recent call last):
  File "/home/wangdx_lab/cse12211818/.conda/envs/swE2/lib/python3.9/multiprocessing/process.py", line 315, in _bootstrap
    self.run()
  File "/home/wangdx_lab/cse12211818/.conda/envs/swE2/lib/python3.9/multiprocessing/process.py", line 108, in run
    self._target(*self._args, **self._kwargs)
  File "/home/wangdx_lab/cse12211818/MAPPO/envs/env_wrappers.py", line 177, in worker
    env.set_comm_broadcasts(data)
  File "/home/wangdx_lab/cse12211818/MAPPO/envs/env_discrete.py", line 166, in set_comm_broadcasts
    self.env.set_comm_broadcasts(msgs)
  File "/home/wangdx_lab/cse12211818/MAPPO/envs/env_core.py", line 680, in set_comm_broadcasts
    arr = np.asarray(msgs, dtype=np.float32).reshape(self.robot_num, self.attn_comm_msg_dim)
  File "/home/wangdx_lab/cse12211818/.conda/envs/swE2/lib/python3.9/multiprocessing/process.py", line 315, in _bootstrap
    self.run()
  File "/home/wangdx_lab/cse12211818/.conda/envs/swE2/lib/python3.9/multiprocessing/process.py", line 108, in run
    self._target(*self._args, **self._kwargs)
ValueError: cannot reshape array of size 32 into shape (10,32)
  File "/home/wangdx_lab/cse12211818/MAPPO/envs/env_wrappers.py", line 177, in worker
    env.set_comm_broadcasts(data)
  File "/home/wangdx_lab/cse12211818/MAPPO/envs/env_discrete.py", line 166, in set_comm_broadcasts
    self.env.set_comm_broadcasts(msgs)
  File "/home/wangdx_lab/cse12211818/MAPPO/envs/env_core.py", line 680, in set_comm_broadcasts
    arr = np.asarray(msgs, dtype=np.float32).reshape(self.robot_num, self.attn_comm_msg_dim)
ValueError: cannot reshape array of size 32 into shape (10,32)
成功加载长度 10: 26 个图案。
初始化完成：内存中可用长度 -> [10]
[font-pattern][train] env_rank=109/199, length=10, name=H
成功加载长度 10: 26 个图案。
初始化完成：内存中可用长度 -> [10]
[font-pattern][train] env_rank=101/199, length=10, name=X
Traceback (most recent call last):
  File "/home/wangdx_lab/cse12211818/.conda/envs/swE2/lib/python3.9/multiprocessing/process.py", line 315, in _bootstrap
    self.run()
  File "/home/wangdx_lab/cse12211818/.conda/envs/swE2/lib/python3.9/multiprocessing/process.py", line 108, in run
    self._target(*self._args, **self._kwargs)
  File "/home/wangdx_lab/cse12211818/MAPPO/envs/env_wrappers.py", line 177, in worker
    env.set_comm_broadcasts(data)
  File "/home/wangdx_lab/cse12211818/MAPPO/envs/env_discrete.py", line 166, in set_comm_broadcasts
    self.env.set_comm_broadcasts(msgs)
  File "/home/wangdx_lab/cse12211818/MAPPO/envs/env_core.py", line 680, in set_comm_broadcasts
    arr = np.asarray(msgs, dtype=np.float32).reshape(self.robot_num, self.attn_comm_msg_dim)
ValueError: cannot reshape array of size 32 into shape (10,32)
成功加载长度 10: 26 个图案。
初始化完成：内存中可用长度 -> [10]
[font-pattern][train] env_rank=132/199, length=10, name=E
Traceback (most recent call last):
  File "/home/wangdx_lab/cse12211818/.conda/envs/swE2/lib/python3.9/multiprocessing/process.py", line 315, in _bootstrap
    self.run()
  File "/home/wangdx_lab/cse12211818/.conda/envs/swE2/lib/python3.9/multiprocessing/process.py", line 108, in run
    self._target(*self._args, **self._kwargs)
  File "/home/wangdx_lab/cse12211818/MAPPO/envs/env_wrappers.py", line 177, in worker
    env.set_comm_broadcasts(data)
  File "/home/wangdx_lab/cse12211818/MAPPO/envs/env_discrete.py", line 166, in set_comm_broadcasts
    self.env.set_comm_broadcasts(msgs)
  File "/home/wangdx_lab/cse12211818/MAPPO/envs/env_core.py", line 680, in set_comm_broadcasts
    arr = np.asarray(msgs, dtype=np.float32).reshape(self.robot_num, self.attn_comm_msg_dim)
ValueError: cannot reshape array of size 32 into shape (10,32)
成功加载长度 10: 26 个图案。
初始化完成：内存中可用长度 -> [10]
[font-pattern][train] env_rank=114/199, length=10, name=G
Traceback (most recent call last):
  File "/home/wangdx_lab/cse12211818/.conda/envs/swE2/lib/python3.9/multiprocessing/process.py", line 315, in _bootstrap
    self.run()
  File "/home/wangdx_lab/cse12211818/.conda/envs/swE2/lib/python3.9/multiprocessing/process.py", line 108, in run
    self._target(*self._args, **self._kwargs)
  File "/home/wangdx_lab/cse12211818/MAPPO/envs/env_wrappers.py", line 177, in worker
    env.set_comm_broadcasts(data)
  File "/home/wangdx_lab/cse12211818/MAPPO/envs/env_discrete.py", line 166, in set_comm_broadcasts
    self.env.set_comm_broadcasts(msgs)
  File "/home/wangdx_lab/cse12211818/MAPPO/envs/env_core.py", line 680, in set_comm_broadcasts
    arr = np.asarray(msgs, dtype=np.float32).reshape(self.robot_num, self.attn_comm_msg_dim)
ValueError: cannot reshape array of size 32 into shape (10,32)
成功加载长度 10: 26 个图案。
初始化完成：内存中可用长度 -> [10]
[font-pattern][train] env_rank=181/199, length=10, name=Z
Traceback (most recent call last):
  File "/home/wangdx_lab/cse12211818/.conda/envs/swE2/lib/python3.9/multiprocessing/process.py", line 315, in _bootstrap
    self.run()
  File "/home/wangdx_lab/cse12211818/.conda/envs/swE2/lib/python3.9/multiprocessing/process.py", line 108, in run
    self._target(*self._args, **self._kwargs)
  File "/home/wangdx_lab/cse12211818/MAPPO/envs/env_wrappers.py", line 177, in worker
    env.set_comm_broadcasts(data)
  File "/home/wangdx_lab/cse12211818/MAPPO/envs/env_discrete.py", line 166, in set_comm_broadcasts
    self.env.set_comm_broadcasts(msgs)
  File "/home/wangdx_lab/cse12211818/MAPPO/envs/env_core.py", line 680, in set_comm_broadcasts
    arr = np.asarray(msgs, dtype=np.float32).reshape(self.robot_num, self.attn_comm_msg_dim)
ValueError: cannot reshape array of size 32 into shape (10,32)
成功加载长度 10: 26 个图案。
初始化完成：内存中可用长度 -> [10]
[font-pattern][train] env_rank=98/199, length=10, name=R
Traceback (most recent call last):
  File "/home/wangdx_lab/cse12211818/.conda/envs/swE2/lib/python3.9/multiprocessing/process.py", line 315, in _bootstrap
    self.run()
  File "/home/wangdx_lab/cse12211818/.conda/envs/swE2/lib/python3.9/multiprocessing/process.py", line 108, in run
    self._target(*self._args, **self._kwargs)
  File "/home/wangdx_lab/cse12211818/MAPPO/envs/env_wrappers.py", line 177, in worker
    env.set_comm_broadcasts(data)
  File "/home/wangdx_lab/cse12211818/MAPPO/envs/env_discrete.py", line 166, in set_comm_broadcasts
    self.env.set_comm_broadcasts(msgs)
  File "/home/wangdx_lab/cse12211818/MAPPO/envs/env_core.py", line 680, in set_comm_broadcasts
    arr = np.asarray(msgs, dtype=np.float32).reshape(self.robot_num, self.attn_comm_msg_dim)
ValueError: cannot reshape array of size 32 into shape (10,32)
成功加载长度 10: 26 个图案。
初始化完成：内存中可用长度 -> [10]
[font-pattern][train] env_rank=78/199, length=10, name=U
Traceback (most recent call last):
  File "/home/wangdx_lab/cse12211818/.conda/envs/swE2/lib/python3.9/multiprocessing/process.py", line 315, in _bootstrap
    self.run()
  File "/home/wangdx_lab/cse12211818/.conda/envs/swE2/lib/python3.9/multiprocessing/process.py", line 108, in run
    self._target(*self._args, **self._kwargs)
  File "/home/wangdx_lab/cse12211818/MAPPO/envs/env_wrappers.py", line 177, in worker
    env.set_comm_broadcasts(data)
  File "/home/wangdx_lab/cse12211818/MAPPO/envs/env_discrete.py", line 166, in set_comm_broadcasts
    self.env.set_comm_broadcasts(msgs)
  File "/home/wangdx_lab/cse12211818/MAPPO/envs/env_core.py", line 680, in set_comm_broadcasts
    arr = np.asarray(msgs, dtype=np.float32).reshape(self.robot_num, self.attn_comm_msg_dim)
ValueError: cannot reshape array of size 32 into shape (10,32)
成功加载长度 10: 26 个图案。
初始化完成：内存中可用长度 -> [10]
[font-pattern][train] env_rank=11/199, length=10, name=I
Traceback (most recent call last):
  File "/home/wangdx_lab/cse12211818/.conda/envs/swE2/lib/python3.9/multiprocessing/process.py", line 315, in _bootstrap
    self.run()
  File "/home/wangdx_lab/cse12211818/.conda/envs/swE2/lib/python3.9/multiprocessing/process.py", line 108, in run
    self._target(*self._args, **self._kwargs)
  File "/home/wangdx_lab/cse12211818/MAPPO/envs/env_wrappers.py", line 177, in worker
    env.set_comm_broadcasts(data)
  File "/home/wangdx_lab/cse12211818/MAPPO/envs/env_discrete.py", line 166, in set_comm_broadcasts
    self.env.set_comm_broadcasts(msgs)
  File "/home/wangdx_lab/cse12211818/MAPPO/envs/env_core.py", line 680, in set_comm_broadcasts
    arr = np.asarray(msgs, dtype=np.float32).reshape(self.robot_num, self.attn_comm_msg_dim)
ValueError: cannot reshape array of size 32 into shape (10,32)
成功加载长度 10: 26 个图案。
初始化完成：内存中可用长度 -> [10]
[font-pattern][train] env_rank=5/199, length=10, name=H
Traceback (most recent call last):
  File "/home/wangdx_lab/cse12211818/.conda/envs/swE2/lib/python3.9/multiprocessing/process.py", line 315, in _bootstrap
    self.run()
  File "/home/wangdx_lab/cse12211818/.conda/envs/swE2/lib/python3.9/multiprocessing/process.py", line 108, in run
    self._target(*self._args, **self._kwargs)
  File "/home/wangdx_lab/cse12211818/MAPPO/envs/env_wrappers.py", line 177, in worker
    env.set_comm_broadcasts(data)
  File "/home/wangdx_lab/cse12211818/MAPPO/envs/env_discrete.py", line 166, in set_comm_broadcasts
    self.env.set_comm_broadcasts(msgs)
  File "/home/wangdx_lab/cse12211818/MAPPO/envs/env_core.py", line 680, in set_comm_broadcasts
    arr = np.asarray(msgs, dtype=np.float32).reshape(self.robot_num, self.attn_comm_msg_dim)
ValueError: cannot reshape array of size 32 into shape (10,32)
Traceback (most recent call last):
  File "/home/wangdx_lab/cse12211818/.conda/envs/swE2/lib/python3.9/multiprocessing/process.py", line 315, in _bootstrap
    self.run()
  File "/home/wangdx_lab/cse12211818/.conda/envs/swE2/lib/python3.9/multiprocessing/process.py", line 108, in run
    self._target(*self._args, **self._kwargs)
  File "/home/wangdx_lab/cse12211818/MAPPO/envs/env_wrappers.py", line 177, in worker
    env.set_comm_broadcasts(data)
  File "/home/wangdx_lab/cse12211818/MAPPO/envs/env_discrete.py", line 166, in set_comm_broadcasts
    self.env.set_comm_broadcasts(msgs)
  File "/home/wangdx_lab/cse12211818/MAPPO/envs/env_core.py", line 680, in set_comm_broadcasts
    arr = np.asarray(msgs, dtype=np.float32).reshape(self.robot_num, self.attn_comm_msg_dim)
成功加载长度 10: 26 个图案。
初始化完成：内存中可用长度 -> [10]
[font-pattern][train] env_rank=92/199, length=10, name=L
ValueError: cannot reshape array of size 32 into shape (10,32)
成功加载长度 10: 26 个图案。
初始化完成：内存中可用长度 -> [10]
[font-pattern][train] env_rank=146/199, length=10, name=N
Traceback (most recent call last):
  File "/home/wangdx_lab/cse12211818/.conda/envs/swE2/lib/python3.9/multiprocessing/process.py", line 315, in _bootstrap
    self.run()
  File "/home/wangdx_lab/cse12211818/.conda/envs/swE2/lib/python3.9/multiprocessing/process.py", line 108, in run
    self._target(*self._args, **self._kwargs)
  File "/home/wangdx_lab/cse12211818/MAPPO/envs/env_wrappers.py", line 177, in worker
    env.set_comm_broadcasts(data)
  File "/home/wangdx_lab/cse12211818/MAPPO/envs/env_discrete.py", line 166, in set_comm_broadcasts
    self.env.set_comm_broadcasts(msgs)
  File "/home/wangdx_lab/cse12211818/MAPPO/envs/env_core.py", line 680, in set_comm_broadcasts
    arr = np.asarray(msgs, dtype=np.float32).reshape(self.robot_num, self.attn_comm_msg_dim)
ValueError: cannot reshape array of size 32 into shape (10,32)
成功加载长度 10: 26 个图案。
初始化完成：内存中可用长度 -> [10]
[font-pattern][train] env_rank=105/199, length=10, name=T
Traceback (most recent call last):
  File "/home/wangdx_lab/cse12211818/.conda/envs/swE2/lib/python3.9/multiprocessing/process.py", line 315, in _bootstrap
    self.run()
  File "/home/wangdx_lab/cse12211818/.conda/envs/swE2/lib/python3.9/multiprocessing/process.py", line 108, in run
    self._target(*self._args, **self._kwargs)
  File "/home/wangdx_lab/cse12211818/MAPPO/envs/env_wrappers.py", line 177, in worker
    env.set_comm_broadcasts(data)
  File "/home/wangdx_lab/cse12211818/MAPPO/envs/env_discrete.py", line 166, in set_comm_broadcasts
    self.env.set_comm_broadcasts(msgs)
  File "/home/wangdx_lab/cse12211818/MAPPO/envs/env_core.py", line 680, in set_comm_broadcasts
    arr = np.asarray(msgs, dtype=np.float32).reshape(self.robot_num, self.attn_comm_msg_dim)
ValueError: cannot reshape array of size 32 into shape (10,32)
Traceback (most recent call last):
  File "/home/wangdx_lab/cse12211818/.conda/envs/swE2/lib/python3.9/multiprocessing/process.py", line 315, in _bootstrap
    self.run()
  File "/home/wangdx_lab/cse12211818/.conda/envs/swE2/lib/python3.9/multiprocessing/process.py", line 108, in run
    self._target(*self._args, **self._kwargs)
  File "/home/wangdx_lab/cse12211818/MAPPO/envs/env_wrappers.py", line 177, in worker
    env.set_comm_broadcasts(data)
  File "/home/wangdx_lab/cse12211818/MAPPO/envs/env_discrete.py", line 166, in set_comm_broadcasts
    self.env.set_comm_broadcasts(msgs)
  File "/home/wangdx_lab/cse12211818/MAPPO/envs/env_core.py", line 680, in set_comm_broadcasts
    arr = np.asarray(msgs, dtype=np.float32).reshape(self.robot_num, self.attn_comm_msg_dim)
ValueError: cannot reshape array of size 32 into shape (10,32)
成功加载长度 10: 26 个图案。
初始化完成：内存中可用长度 -> [10]
[font-pattern][train] env_rank=104/199, length=10, name=U
成功加载长度 10: 26 个图案。
初始化完成：内存中可用长度 -> [10]
[font-pattern][train] env_rank=126/199, length=10, name=W
Traceback (most recent call last):
  File "/home/wangdx_lab/cse12211818/.conda/envs/swE2/lib/python3.9/multiprocessing/process.py", line 315, in _bootstrap
    self.run()
  File "/home/wangdx_lab/cse12211818/.conda/envs/swE2/lib/python3.9/multiprocessing/process.py", line 108, in run
    self._target(*self._args, **self._kwargs)
  File "/home/wangdx_lab/cse12211818/MAPPO/envs/env_wrappers.py", line 177, in worker
    env.set_comm_broadcasts(data)
  File "/home/wangdx_lab/cse12211818/MAPPO/envs/env_discrete.py", line 166, in set_comm_broadcasts
    self.env.set_comm_broadcasts(msgs)
  File "/home/wangdx_lab/cse12211818/MAPPO/envs/env_core.py", line 680, in set_comm_broadcasts
    arr = np.asarray(msgs, dtype=np.float32).reshape(self.robot_num, self.attn_comm_msg_dim)
ValueError: cannot reshape array of size 32 into shape (10,32)
成功加载长度 10: 26 个图案。
初始化完成：内存中可用长度 -> [10]
[font-pattern][train] env_rank=54/199, length=10, name=E
Traceback (most recent call last):
  File "/home/wangdx_lab/cse12211818/.conda/envs/swE2/lib/python3.9/multiprocessing/process.py", line 315, in _bootstrap
    self.run()
  File "/home/wangdx_lab/cse12211818/.conda/envs/swE2/lib/python3.9/multiprocessing/process.py", line 108, in run
    self._target(*self._args, **self._kwargs)
  File "/home/wangdx_lab/cse12211818/MAPPO/envs/env_wrappers.py", line 177, in worker
    env.set_comm_broadcasts(data)
  File "/home/wangdx_lab/cse12211818/MAPPO/envs/env_discrete.py", line 166, in set_comm_broadcasts
    self.env.set_comm_broadcasts(msgs)
  File "/home/wangdx_lab/cse12211818/MAPPO/envs/env_core.py", line 680, in set_comm_broadcasts
    arr = np.asarray(msgs, dtype=np.float32).reshape(self.robot_num, self.attn_comm_msg_dim)
ValueError: cannot reshape array of size 32 into shape (10,32)
成功加载长度 10: 26 个图案。
初始化完成：内存中可用长度 -> [10]
[font-pattern][train] env_rank=102/199, length=10, name=Y
Traceback (most recent call last):
  File "/home/wangdx_lab/cse12211818/.conda/envs/swE2/lib/python3.9/multiprocessing/process.py", line 315, in _bootstrap
    self.run()
  File "/home/wangdx_lab/cse12211818/.conda/envs/swE2/lib/python3.9/multiprocessing/process.py", line 108, in run
    self._target(*self._args, **self._kwargs)
  File "/home/wangdx_lab/cse12211818/MAPPO/envs/env_wrappers.py", line 177, in worker
    env.set_comm_broadcasts(data)
  File "/home/wangdx_lab/cse12211818/MAPPO/envs/env_discrete.py", line 166, in set_comm_broadcasts
    self.env.set_comm_broadcasts(msgs)
  File "/home/wangdx_lab/cse12211818/MAPPO/envs/env_core.py", line 680, in set_comm_broadcasts
    arr = np.asarray(msgs, dtype=np.float32).reshape(self.robot_num, self.attn_comm_msg_dim)
ValueError: cannot reshape array of size 32 into shape (10,32)
成功加载长度 10: 26 个图案。
初始化完成：内存中可用长度 -> [10]
[font-pattern][train] env_rank=75/199, length=10, name=X
Traceback (most recent call last):
  File "/home/wangdx_lab/cse12211818/.conda/envs/swE2/lib/python3.9/multiprocessing/process.py", line 315, in _bootstrap
    self.run()
  File "/home/wangdx_lab/cse12211818/.conda/envs/swE2/lib/python3.9/multiprocessing/process.py", line 108, in run
    self._target(*self._args, **self._kwargs)
  File "/home/wangdx_lab/cse12211818/MAPPO/envs/env_wrappers.py", line 177, in worker
    env.set_comm_broadcasts(data)
  File "/home/wangdx_lab/cse12211818/MAPPO/envs/env_discrete.py", line 166, in set_comm_broadcasts
    self.env.set_comm_broadcasts(msgs)
  File "/home/wangdx_lab/cse12211818/MAPPO/envs/env_core.py", line 680, in set_comm_broadcasts
    arr = np.asarray(msgs, dtype=np.float32).reshape(self.robot_num, self.attn_comm_msg_dim)
ValueError: cannot reshape array of size 32 into shape (10,32)
成功加载长度 10: 26 个图案。
初始化完成：内存中可用长度 -> [10]
[font-pattern][train] env_rank=194/199, length=10, name=J
Traceback (most recent call last):
  File "/home/wangdx_lab/cse12211818/.conda/envs/swE2/lib/python3.9/multiprocessing/process.py", line 315, in _bootstrap
    self.run()
  File "/home/wangdx_lab/cse12211818/.conda/envs/swE2/lib/python3.9/multiprocessing/process.py", line 108, in run
    self._target(*self._args, **self._kwargs)
  File "/home/wangdx_lab/cse12211818/MAPPO/envs/env_wrappers.py", line 177, in worker
    env.set_comm_broadcasts(data)
  File "/home/wangdx_lab/cse12211818/MAPPO/envs/env_discrete.py", line 166, in set_comm_broadcasts
    self.env.set_comm_broadcasts(msgs)
  File "/home/wangdx_lab/cse12211818/MAPPO/envs/env_core.py", line 680, in set_comm_broadcasts
    arr = np.asarray(msgs, dtype=np.float32).reshape(self.robot_num, self.attn_comm_msg_dim)
ValueError: cannot reshape array of size 32 into shape (10,32)
成功加载长度 10: 26 个图案。
初始化完成：内存中可用长度 -> [10]
[font-pattern][train] env_rank=148/199, length=10, name=P
Traceback (most recent call last):
  File "/home/wangdx_lab/cse12211818/.conda/envs/swE2/lib/python3.9/multiprocessing/process.py", line 315, in _bootstrap
    self.run()
  File "/home/wangdx_lab/cse12211818/.conda/envs/swE2/lib/python3.9/multiprocessing/process.py", line 108, in run
    self._target(*self._args, **self._kwargs)
  File "/home/wangdx_lab/cse12211818/MAPPO/envs/env_wrappers.py", line 177, in worker
    env.set_comm_broadcasts(data)
  File "/home/wangdx_lab/cse12211818/MAPPO/envs/env_discrete.py", line 166, in set_comm_broadcasts
    self.env.set_comm_broadcasts(msgs)
  File "/home/wangdx_lab/cse12211818/MAPPO/envs/env_core.py", line 680, in set_comm_broadcasts
    arr = np.asarray(msgs, dtype=np.float32).reshape(self.robot_num, self.attn_comm_msg_dim)
ValueError: cannot reshape array of size 32 into shape (10,32)
成功加载长度 10: 26 个图案。
初始化完成：内存中可用长度 -> [10]
[font-pattern][train] env_rank=74/199, length=10, name=W
Traceback (most recent call last):
  File "/home/wangdx_lab/cse12211818/.conda/envs/swE2/lib/python3.9/multiprocessing/process.py", line 315, in _bootstrap
    self.run()
  File "/home/wangdx_lab/cse12211818/.conda/envs/swE2/lib/python3.9/multiprocessing/process.py", line 108, in run
    self._target(*self._args, **self._kwargs)
  File "/home/wangdx_lab/cse12211818/MAPPO/envs/env_wrappers.py", line 177, in worker
    env.set_comm_broadcasts(data)
  File "/home/wangdx_lab/cse12211818/MAPPO/envs/env_discrete.py", line 166, in set_comm_broadcasts
    self.env.set_comm_broadcasts(msgs)
  File "/home/wangdx_lab/cse12211818/MAPPO/envs/env_core.py", line 680, in set_comm_broadcasts
    arr = np.asarray(msgs, dtype=np.float32).reshape(self.robot_num, self.attn_comm_msg_dim)
ValueError: cannot reshape array of size 32 into shape (10,32)
成功加载长度 10: 26 个图案。
初始化完成：内存中可用长度 -> [10]
[font-pattern][train] env_rank=180/199, length=10, name=Y
Traceback (most recent call last):
  File "/home/wangdx_lab/cse12211818/.conda/envs/swE2/lib/python3.9/multiprocessing/process.py", line 315, in _bootstrap
    self.run()
  File "/home/wangdx_lab/cse12211818/.conda/envs/swE2/lib/python3.9/multiprocessing/process.py", line 108, in run
    self._target(*self._args, **self._kwargs)
  File "/home/wangdx_lab/cse12211818/MAPPO/envs/env_wrappers.py", line 177, in worker
    env.set_comm_broadcasts(data)
  File "/home/wangdx_lab/cse12211818/MAPPO/envs/env_discrete.py", line 166, in set_comm_broadcasts
    self.env.set_comm_broadcasts(msgs)
  File "/home/wangdx_lab/cse12211818/MAPPO/envs/env_core.py", line 680, in set_comm_broadcasts
    arr = np.asarray(msgs, dtype=np.float32).reshape(self.robot_num, self.attn_comm_msg_dim)
ValueError: cannot reshape array of size 32 into shape (10,32)
成功加载长度 10: 26 个图案。
初始化完成：内存中可用长度 -> [10]
[font-pattern][train] env_rank=93/199, length=10, name=M
Traceback (most recent call last):
  File "/home/wangdx_lab/cse12211818/.conda/envs/swE2/lib/python3.9/multiprocessing/process.py", line 315, in _bootstrap
    self.run()
  File "/home/wangdx_lab/cse12211818/.conda/envs/swE2/lib/python3.9/multiprocessing/process.py", line 108, in run
    self._target(*self._args, **self._kwargs)
  File "/home/wangdx_lab/cse12211818/MAPPO/envs/env_wrappers.py", line 177, in worker
    env.set_comm_broadcasts(data)
  File "/home/wangdx_lab/cse12211818/MAPPO/envs/env_discrete.py", line 166, in set_comm_broadcasts
    self.env.set_comm_broadcasts(msgs)
  File "/home/wangdx_lab/cse12211818/MAPPO/envs/env_core.py", line 680, in set_comm_broadcasts
    arr = np.asarray(msgs, dtype=np.float32).reshape(self.robot_num, self.attn_comm_msg_dim)
ValueError: cannot reshape array of size 32 into shape (10,32)
成功加载长度 10: 26 个图案。
初始化完成：内存中可用长度 -> [10]
[font-pattern][train] env_rank=73/199, length=10, name=V
Traceback (most recent call last):
  File "/home/wangdx_lab/cse12211818/.conda/envs/swE2/lib/python3.9/multiprocessing/process.py", line 315, in _bootstrap
    self.run()
  File "/home/wangdx_lab/cse12211818/.conda/envs/swE2/lib/python3.9/multiprocessing/process.py", line 108, in run
    self._target(*self._args, **self._kwargs)
  File "/home/wangdx_lab/cse12211818/MAPPO/envs/env_wrappers.py", line 177, in worker
    env.set_comm_broadcasts(data)
  File "/home/wangdx_lab/cse12211818/MAPPO/envs/env_discrete.py", line 166, in set_comm_broadcasts
    self.env.set_comm_broadcasts(msgs)
  File "/home/wangdx_lab/cse12211818/MAPPO/envs/env_core.py", line 680, in set_comm_broadcasts
    arr = np.asarray(msgs, dtype=np.float32).reshape(self.robot_num, self.attn_comm_msg_dim)
ValueError: cannot reshape array of size 32 into shape (10,32)
成功加载长度 10: 26 个图案。
初始化完成：内存中可用长度 -> [10]
[font-pattern][train] env_rank=84/199, length=10, name=A
Traceback (most recent call last):
  File "/home/wangdx_lab/cse12211818/.conda/envs/swE2/lib/python3.9/multiprocessing/process.py", line 315, in _bootstrap
    self.run()
  File "/home/wangdx_lab/cse12211818/.conda/envs/swE2/lib/python3.9/multiprocessing/process.py", line 108, in run
    self._target(*self._args, **self._kwargs)
  File "/home/wangdx_lab/cse12211818/MAPPO/envs/env_wrappers.py", line 177, in worker
    env.set_comm_broadcasts(data)
  File "/home/wangdx_lab/cse12211818/MAPPO/envs/env_discrete.py", line 166, in set_comm_broadcasts
    self.env.set_comm_broadcasts(msgs)
  File "/home/wangdx_lab/cse12211818/MAPPO/envs/env_core.py", line 680, in set_comm_broadcasts
    arr = np.asarray(msgs, dtype=np.float32).reshape(self.robot_num, self.attn_comm_msg_dim)
ValueError: cannot reshape array of size 32 into shape (10,32)
成功加载长度 10: 26 个图案。
初始化完成：内存中可用长度 -> [10]
[font-pattern][train] env_rank=7/199, length=10, name=B
Traceback (most recent call last):
  File "/home/wangdx_lab/cse12211818/.conda/envs/swE2/lib/python3.9/multiprocessing/process.py", line 315, in _bootstrap
    self.run()
  File "/home/wangdx_lab/cse12211818/.conda/envs/swE2/lib/python3.9/multiprocessing/process.py", line 108, in run
    self._target(*self._args, **self._kwargs)
  File "/home/wangdx_lab/cse12211818/MAPPO/envs/env_wrappers.py", line 177, in worker
    env.set_comm_broadcasts(data)
  File "/home/wangdx_lab/cse12211818/MAPPO/envs/env_discrete.py", line 166, in set_comm_broadcasts
    self.env.set_comm_broadcasts(msgs)
  File "/home/wangdx_lab/cse12211818/MAPPO/envs/env_core.py", line 680, in set_comm_broadcasts
    arr = np.asarray(msgs, dtype=np.float32).reshape(self.robot_num, self.attn_comm_msg_dim)
ValueError: cannot reshape array of size 32 into shape (10,32)
成功加载长度 10: 26 个图案。
初始化完成：内存中可用长度 -> [10]
[font-pattern][train] env_rank=49/199, length=10, name=X
Traceback (most recent call last):
  File "/home/wangdx_lab/cse12211818/.conda/envs/swE2/lib/python3.9/multiprocessing/process.py", line 315, in _bootstrap
    self.run()
  File "/home/wangdx_lab/cse12211818/.conda/envs/swE2/lib/python3.9/multiprocessing/process.py", line 108, in run
    self._target(*self._args, **self._kwargs)
  File "/home/wangdx_lab/cse12211818/MAPPO/envs/env_wrappers.py", line 177, in worker
    env.set_comm_broadcasts(data)
  File "/home/wangdx_lab/cse12211818/MAPPO/envs/env_discrete.py", line 166, in set_comm_broadcasts
    self.env.set_comm_broadcasts(msgs)
  File "/home/wangdx_lab/cse12211818/MAPPO/envs/env_core.py", line 680, in set_comm_broadcasts
    arr = np.asarray(msgs, dtype=np.float32).reshape(self.robot_num, self.attn_comm_msg_dim)
ValueError: cannot reshape array of size 32 into shape (10,32)
成功加载长度 10: 26 个图案。
初始化完成：内存中可用长度 -> [10]
[font-pattern][train] env_rank=179/199, length=10, name=X
Traceback (most recent call last):
Traceback (most recent call last):
  File "/home/wangdx_lab/cse12211818/.conda/envs/swE2/lib/python3.9/multiprocessing/process.py", line 315, in _bootstrap
    self.run()
  File "/home/wangdx_lab/cse12211818/.conda/envs/swE2/lib/python3.9/multiprocessing/process.py", line 108, in run
    self._target(*self._args, **self._kwargs)
  File "/home/wangdx_lab/cse12211818/MAPPO/envs/env_wrappers.py", line 177, in worker
    env.set_comm_broadcasts(data)
  File "/home/wangdx_lab/cse12211818/MAPPO/envs/env_discrete.py", line 166, in set_comm_broadcasts
    self.env.set_comm_broadcasts(msgs)
  File "/home/wangdx_lab/cse12211818/MAPPO/envs/env_core.py", line 680, in set_comm_broadcasts
    arr = np.asarray(msgs, dtype=np.float32).reshape(self.robot_num, self.attn_comm_msg_dim)
  File "/home/wangdx_lab/cse12211818/.conda/envs/swE2/lib/python3.9/multiprocessing/process.py", line 315, in _bootstrap
    self.run()
  File "/home/wangdx_lab/cse12211818/.conda/envs/swE2/lib/python3.9/multiprocessing/process.py", line 108, in run
    self._target(*self._args, **self._kwargs)
  File "/home/wangdx_lab/cse12211818/MAPPO/envs/env_wrappers.py", line 177, in worker
    env.set_comm_broadcasts(data)
ValueError: cannot reshape array of size 32 into shape (10,32)
  File "/home/wangdx_lab/cse12211818/MAPPO/envs/env_discrete.py", line 166, in set_comm_broadcasts
    self.env.set_comm_broadcasts(msgs)
  File "/home/wangdx_lab/cse12211818/MAPPO/envs/env_core.py", line 680, in set_comm_broadcasts
    arr = np.asarray(msgs, dtype=np.float32).reshape(self.robot_num, self.attn_comm_msg_dim)
ValueError: cannot reshape array of size 32 into shape (10,32)
成功加载长度 10: 26 个图案。
初始化完成：内存中可用长度 -> [10]
[font-pattern][train] env_rank=1/199, length=10, name=T
成功加载长度 10: 26 个图案。
初始化完成：内存中可用长度 -> [10]
[font-pattern][train] env_rank=99/199, length=10, name=V
Traceback (most recent call last):
  File "/home/wangdx_lab/cse12211818/.conda/envs/swE2/lib/python3.9/multiprocessing/process.py", line 315, in _bootstrap
    self.run()
  File "/home/wangdx_lab/cse12211818/.conda/envs/swE2/lib/python3.9/multiprocessing/process.py", line 108, in run
    self._target(*self._args, **self._kwargs)
  File "/home/wangdx_lab/cse12211818/MAPPO/envs/env_wrappers.py", line 177, in worker
    env.set_comm_broadcasts(data)
  File "/home/wangdx_lab/cse12211818/MAPPO/envs/env_discrete.py", line 166, in set_comm_broadcasts
    self.env.set_comm_broadcasts(msgs)
  File "/home/wangdx_lab/cse12211818/MAPPO/envs/env_core.py", line 680, in set_comm_broadcasts
    arr = np.asarray(msgs, dtype=np.float32).reshape(self.robot_num, self.attn_comm_msg_dim)
ValueError: cannot reshape array of size 32 into shape (10,32)
成功加载长度 10: 26 个图案。
初始化完成：内存中可用长度 -> [10]
[font-pattern][train] env_rank=79/199, length=10, name=T
Traceback (most recent call last):
  File "/home/wangdx_lab/cse12211818/.conda/envs/swE2/lib/python3.9/multiprocessing/process.py", line 315, in _bootstrap
    self.run()
  File "/home/wangdx_lab/cse12211818/.conda/envs/swE2/lib/python3.9/multiprocessing/process.py", line 108, in run
    self._target(*self._args, **self._kwargs)
  File "/home/wangdx_lab/cse12211818/MAPPO/envs/env_wrappers.py", line 177, in worker
    env.set_comm_broadcasts(data)
  File "/home/wangdx_lab/cse12211818/MAPPO/envs/env_discrete.py", line 166, in set_comm_broadcasts
    self.env.set_comm_broadcasts(msgs)
  File "/home/wangdx_lab/cse12211818/MAPPO/envs/env_core.py", line 680, in set_comm_broadcasts
    arr = np.asarray(msgs, dtype=np.float32).reshape(self.robot_num, self.attn_comm_msg_dim)
ValueError: cannot reshape array of size 32 into shape (10,32)
成功加载长度 10: 26 个图案。
初始化完成：内存中可用长度 -> [10]
[font-pattern][train] env_rank=196/199, length=10, name=L
Traceback (most recent call last):
  File "/home/wangdx_lab/cse12211818/.conda/envs/swE2/lib/python3.9/multiprocessing/process.py", line 315, in _bootstrap
    self.run()
  File "/home/wangdx_lab/cse12211818/.conda/envs/swE2/lib/python3.9/multiprocessing/process.py", line 108, in run
    self._target(*self._args, **self._kwargs)
  File "/home/wangdx_lab/cse12211818/MAPPO/envs/env_wrappers.py", line 177, in worker
    env.set_comm_broadcasts(data)
  File "/home/wangdx_lab/cse12211818/MAPPO/envs/env_discrete.py", line 166, in set_comm_broadcasts
    self.env.set_comm_broadcasts(msgs)
  File "/home/wangdx_lab/cse12211818/MAPPO/envs/env_core.py", line 680, in set_comm_broadcasts
    arr = np.asarray(msgs, dtype=np.float32).reshape(self.robot_num, self.attn_comm_msg_dim)
ValueError: cannot reshape array of size 32 into shape (10,32)
成功加载长度 10: 26 个图案。
初始化完成：内存中可用长度 -> [10]
[font-pattern][train] env_rank=125/199, length=10, name=V
Traceback (most recent call last):
  File "/home/wangdx_lab/cse12211818/.conda/envs/swE2/lib/python3.9/multiprocessing/process.py", line 315, in _bootstrap
    self.run()
  File "/home/wangdx_lab/cse12211818/.conda/envs/swE2/lib/python3.9/multiprocessing/process.py", line 108, in run
    self._target(*self._args, **self._kwargs)
  File "/home/wangdx_lab/cse12211818/MAPPO/envs/env_wrappers.py", line 177, in worker
    env.set_comm_broadcasts(data)
  File "/home/wangdx_lab/cse12211818/MAPPO/envs/env_discrete.py", line 166, in set_comm_broadcasts
    self.env.set_comm_broadcasts(msgs)
  File "/home/wangdx_lab/cse12211818/MAPPO/envs/env_core.py", line 680, in set_comm_broadcasts
    arr = np.asarray(msgs, dtype=np.float32).reshape(self.robot_num, self.attn_comm_msg_dim)
ValueError: cannot reshape array of size 32 into shape (10,32)
成功加载长度 10: 26 个图案。
初始化完成：内存中可用长度 -> [10]
[font-pattern][train] env_rank=76/199, length=10, name=Y
Traceback (most recent call last):
  File "/home/wangdx_lab/cse12211818/.conda/envs/swE2/lib/python3.9/multiprocessing/process.py", line 315, in _bootstrap
    self.run()
  File "/home/wangdx_lab/cse12211818/.conda/envs/swE2/lib/python3.9/multiprocessing/process.py", line 108, in run
    self._target(*self._args, **self._kwargs)
  File "/home/wangdx_lab/cse12211818/MAPPO/envs/env_wrappers.py", line 177, in worker
    env.set_comm_broadcasts(data)
  File "/home/wangdx_lab/cse12211818/MAPPO/envs/env_discrete.py", line 166, in set_comm_broadcasts
    self.env.set_comm_broadcasts(msgs)
  File "/home/wangdx_lab/cse12211818/MAPPO/envs/env_core.py", line 680, in set_comm_broadcasts
    arr = np.asarray(msgs, dtype=np.float32).reshape(self.robot_num, self.attn_comm_msg_dim)
ValueError: cannot reshape array of size 32 into shape (10,32)
成功加载长度 10: 26 个图案。
初始化完成：内存中可用长度 -> [10]
[font-pattern][train] env_rank=48/199, length=10, name=W
Traceback (most recent call last):
  File "/home/wangdx_lab/cse12211818/.conda/envs/swE2/lib/python3.9/multiprocessing/process.py", line 315, in _bootstrap
    self.run()
  File "/home/wangdx_lab/cse12211818/.conda/envs/swE2/lib/python3.9/multiprocessing/process.py", line 108, in run
    self._target(*self._args, **self._kwargs)
  File "/home/wangdx_lab/cse12211818/MAPPO/envs/env_wrappers.py", line 177, in worker
    env.set_comm_broadcasts(data)
  File "/home/wangdx_lab/cse12211818/MAPPO/envs/env_discrete.py", line 166, in set_comm_broadcasts
    self.env.set_comm_broadcasts(msgs)
  File "/home/wangdx_lab/cse12211818/MAPPO/envs/env_core.py", line 680, in set_comm_broadcasts
    arr = np.asarray(msgs, dtype=np.float32).reshape(self.robot_num, self.attn_comm_msg_dim)
ValueError: cannot reshape array of size 32 into shape (10,32)
成功加载长度 10: 26 个图案。
初始化完成：内存中可用长度 -> [10]
[font-pattern][train] env_rank=38/199, length=10, name=J
Traceback (most recent call last):
  File "/home/wangdx_lab/cse12211818/.conda/envs/swE2/lib/python3.9/multiprocessing/process.py", line 315, in _bootstrap
    self.run()
  File "/home/wangdx_lab/cse12211818/.conda/envs/swE2/lib/python3.9/multiprocessing/process.py", line 108, in run
    self._target(*self._args, **self._kwargs)
  File "/home/wangdx_lab/cse12211818/MAPPO/envs/env_wrappers.py", line 177, in worker
    env.set_comm_broadcasts(data)
  File "/home/wangdx_lab/cse12211818/MAPPO/envs/env_discrete.py", line 166, in set_comm_broadcasts
    self.env.set_comm_broadcasts(msgs)
  File "/home/wangdx_lab/cse12211818/MAPPO/envs/env_core.py", line 680, in set_comm_broadcasts
    arr = np.asarray(msgs, dtype=np.float32).reshape(self.robot_num, self.attn_comm_msg_dim)
ValueError: cannot reshape array of size 32 into shape (10,32)
成功加载长度 10: 26 个图案。
初始化完成：内存中可用长度 -> [10]
[font-pattern][train] env_rank=178/199, length=10, name=W
Traceback (most recent call last):
  File "/home/wangdx_lab/cse12211818/.conda/envs/swE2/lib/python3.9/multiprocessing/process.py", line 315, in _bootstrap
    self.run()
  File "/home/wangdx_lab/cse12211818/.conda/envs/swE2/lib/python3.9/multiprocessing/process.py", line 108, in run
    self._target(*self._args, **self._kwargs)
  File "/home/wangdx_lab/cse12211818/MAPPO/envs/env_wrappers.py", line 177, in worker
    env.set_comm_broadcasts(data)
  File "/home/wangdx_lab/cse12211818/MAPPO/envs/env_discrete.py", line 166, in set_comm_broadcasts
    self.env.set_comm_broadcasts(msgs)
  File "/home/wangdx_lab/cse12211818/MAPPO/envs/env_core.py", line 680, in set_comm_broadcasts
    arr = np.asarray(msgs, dtype=np.float32).reshape(self.robot_num, self.attn_comm_msg_dim)
ValueError: cannot reshape array of size 32 into shape (10,32)
成功加载长度 10: 26 个图案。
初始化完成：内存中可用长度 -> [10]
[font-pattern][train] env_rank=118/199, length=10, name=L
Traceback (most recent call last):
  File "/home/wangdx_lab/cse12211818/.conda/envs/swE2/lib/python3.9/multiprocessing/process.py", line 315, in _bootstrap
    self.run()
  File "/home/wangdx_lab/cse12211818/.conda/envs/swE2/lib/python3.9/multiprocessing/process.py", line 108, in run
    self._target(*self._args, **self._kwargs)
  File "/home/wangdx_lab/cse12211818/MAPPO/envs/env_wrappers.py", line 177, in worker
    env.set_comm_broadcasts(data)
  File "/home/wangdx_lab/cse12211818/MAPPO/envs/env_discrete.py", line 166, in set_comm_broadcasts
    self.env.set_comm_broadcasts(msgs)
  File "/home/wangdx_lab/cse12211818/MAPPO/envs/env_core.py", line 680, in set_comm_broadcasts
    arr = np.asarray(msgs, dtype=np.float32).reshape(self.robot_num, self.attn_comm_msg_dim)
ValueError: cannot reshape array of size 32 into shape (10,32)
成功加载长度 10: 26 个图案。
初始化完成：内存中可用长度 -> [10]
[font-pattern][train] env_rank=183/199, length=10, name=T
Traceback (most recent call last):
  File "/home/wangdx_lab/cse12211818/.conda/envs/swE2/lib/python3.9/multiprocessing/process.py", line 315, in _bootstrap
    self.run()
  File "/home/wangdx_lab/cse12211818/.conda/envs/swE2/lib/python3.9/multiprocessing/process.py", line 108, in run
    self._target(*self._args, **self._kwargs)
  File "/home/wangdx_lab/cse12211818/MAPPO/envs/env_wrappers.py", line 177, in worker
    env.set_comm_broadcasts(data)
  File "/home/wangdx_lab/cse12211818/MAPPO/envs/env_discrete.py", line 166, in set_comm_broadcasts
    self.env.set_comm_broadcasts(msgs)
  File "/home/wangdx_lab/cse12211818/MAPPO/envs/env_core.py", line 680, in set_comm_broadcasts
    arr = np.asarray(msgs, dtype=np.float32).reshape(self.robot_num, self.attn_comm_msg_dim)
ValueError: cannot reshape array of size 32 into shape (10,32)
Traceback (most recent call last):
  File "/home/wangdx_lab/cse12211818/.conda/envs/swE2/lib/python3.9/multiprocessing/process.py", line 315, in _bootstrap
    self.run()
  File "/home/wangdx_lab/cse12211818/.conda/envs/swE2/lib/python3.9/multiprocessing/process.py", line 108, in run
    self._target(*self._args, **self._kwargs)
  File "/home/wangdx_lab/cse12211818/MAPPO/envs/env_wrappers.py", line 177, in worker
    env.set_comm_broadcasts(data)
  File "/home/wangdx_lab/cse12211818/MAPPO/envs/env_discrete.py", line 166, in set_comm_broadcasts
    self.env.set_comm_broadcasts(msgs)
  File "/home/wangdx_lab/cse12211818/MAPPO/envs/env_core.py", line 680, in set_comm_broadcasts
    arr = np.asarray(msgs, dtype=np.float32).reshape(self.robot_num, self.attn_comm_msg_dim)
ValueError: cannot reshape array of size 32 into shape (10,32)
成功加载长度 10: 26 个图案。
初始化完成：内存中可用长度 -> [10]
[font-pattern][train] env_rank=110/199, length=10, name=A
成功加载长度 10: 26 个图案。
初始化完成：内存中可用长度 -> [10]
[font-pattern][train] env_rank=60/199, length=10, name=D
Traceback (most recent call last):
  File "/home/wangdx_lab/cse12211818/.conda/envs/swE2/lib/python3.9/multiprocessing/process.py", line 315, in _bootstrap
    self.run()
  File "/home/wangdx_lab/cse12211818/.conda/envs/swE2/lib/python3.9/multiprocessing/process.py", line 108, in run
    self._target(*self._args, **self._kwargs)
  File "/home/wangdx_lab/cse12211818/MAPPO/envs/env_wrappers.py", line 177, in worker
    env.set_comm_broadcasts(data)
  File "/home/wangdx_lab/cse12211818/MAPPO/envs/env_discrete.py", line 166, in set_comm_broadcasts
    self.env.set_comm_broadcasts(msgs)
  File "/home/wangdx_lab/cse12211818/MAPPO/envs/env_core.py", line 680, in set_comm_broadcasts
    arr = np.asarray(msgs, dtype=np.float32).reshape(self.robot_num, self.attn_comm_msg_dim)
ValueError: cannot reshape array of size 32 into shape (10,32)
成功加载长度 10: 26 个图案。
初始化完成：内存中可用长度 -> [10]
[font-pattern][train] env_rank=8/199, length=10, name=D
Traceback (most recent call last):
  File "/home/wangdx_lab/cse12211818/.conda/envs/swE2/lib/python3.9/multiprocessing/process.py", line 315, in _bootstrap
    self.run()
  File "/home/wangdx_lab/cse12211818/.conda/envs/swE2/lib/python3.9/multiprocessing/process.py", line 108, in run
    self._target(*self._args, **self._kwargs)
  File "/home/wangdx_lab/cse12211818/MAPPO/envs/env_wrappers.py", line 177, in worker
    env.set_comm_broadcasts(data)
  File "/home/wangdx_lab/cse12211818/MAPPO/envs/env_discrete.py", line 166, in set_comm_broadcasts
    self.env.set_comm_broadcasts(msgs)
  File "/home/wangdx_lab/cse12211818/MAPPO/envs/env_core.py", line 680, in set_comm_broadcasts
    arr = np.asarray(msgs, dtype=np.float32).reshape(self.robot_num, self.attn_comm_msg_dim)
ValueError: cannot reshape array of size 32 into shape (10,32)
成功加载长度 10: 26 个图案。
初始化完成：内存中可用长度 -> [10]
[font-pattern][train] env_rank=4/199, length=10, name=S
Traceback (most recent call last):
  File "/home/wangdx_lab/cse12211818/.conda/envs/swE2/lib/python3.9/multiprocessing/process.py", line 315, in _bootstrap
    self.run()
Traceback (most recent call last):
  File "/home/wangdx_lab/cse12211818/.conda/envs/swE2/lib/python3.9/multiprocessing/process.py", line 315, in _bootstrap
    self.run()
  File "/home/wangdx_lab/cse12211818/.conda/envs/swE2/lib/python3.9/multiprocessing/process.py", line 108, in run
    self._target(*self._args, **self._kwargs)
  File "/home/wangdx_lab/cse12211818/MAPPO/envs/env_wrappers.py", line 177, in worker
    env.set_comm_broadcasts(data)
  File "/home/wangdx_lab/cse12211818/MAPPO/envs/env_discrete.py", line 166, in set_comm_broadcasts
    self.env.set_comm_broadcasts(msgs)
  File "/home/wangdx_lab/cse12211818/MAPPO/envs/env_core.py", line 680, in set_comm_broadcasts
    arr = np.asarray(msgs, dtype=np.float32).reshape(self.robot_num, self.attn_comm_msg_dim)
ValueError: cannot reshape array of size 32 into shape (10,32)
成功加载长度 10: 26 个图案。
初始化完成：内存中可用长度 -> [10]
[font-pattern][train] env_rank=27/199, length=10, name=T
Traceback (most recent call last):
  File "/home/wangdx_lab/cse12211818/.conda/envs/swE2/lib/python3.9/multiprocessing/process.py", line 315, in _bootstrap
    self.run()
  File "/home/wangdx_lab/cse12211818/.conda/envs/swE2/lib/python3.9/multiprocessing/process.py", line 108, in run
    self._target(*self._args, **self._kwargs)
  File "/home/wangdx_lab/cse12211818/MAPPO/envs/env_wrappers.py", line 177, in worker
    env.set_comm_broadcasts(data)
  File "/home/wangdx_lab/cse12211818/MAPPO/envs/env_discrete.py", line 166, in set_comm_broadcasts
    self.env.set_comm_broadcasts(msgs)
  File "/home/wangdx_lab/cse12211818/MAPPO/envs/env_core.py", line 680, in set_comm_broadcasts
    arr = np.asarray(msgs, dtype=np.float32).reshape(self.robot_num, self.attn_comm_msg_dim)
ValueError: cannot reshape array of size 32 into shape (10,32)
成功加载长度 10: 26 个图案。
初始化完成：内存中可用长度 -> [10]
[font-pattern][train] env_rank=50/199, length=10, name=Y
Traceback (most recent call last):
  File "/home/wangdx_lab/cse12211818/.conda/envs/swE2/lib/python3.9/multiprocessing/process.py", line 315, in _bootstrap
    self.run()
  File "/home/wangdx_lab/cse12211818/.conda/envs/swE2/lib/python3.9/multiprocessing/process.py", line 108, in run
    self._target(*self._args, **self._kwargs)
  File "/home/wangdx_lab/cse12211818/MAPPO/envs/env_wrappers.py", line 177, in worker
    env.set_comm_broadcasts(data)
  File "/home/wangdx_lab/cse12211818/MAPPO/envs/env_discrete.py", line 166, in set_comm_broadcasts
    self.env.set_comm_broadcasts(msgs)
  File "/home/wangdx_lab/cse12211818/MAPPO/envs/env_core.py", line 680, in set_comm_broadcasts
    arr = np.asarray(msgs, dtype=np.float32).reshape(self.robot_num, self.attn_comm_msg_dim)
ValueError: cannot reshape array of size 32 into shape (10,32)
成功加载长度 10: 26 个图案。
初始化完成：内存中可用长度 -> [10]
[font-pattern][train] env_rank=197/199, length=10, name=M
Traceback (most recent call last):
  File "/home/wangdx_lab/cse12211818/.conda/envs/swE2/lib/python3.9/multiprocessing/process.py", line 315, in _bootstrap
    self.run()
  File "/home/wangdx_lab/cse12211818/.conda/envs/swE2/lib/python3.9/multiprocessing/process.py", line 108, in run
    self._target(*self._args, **self._kwargs)
  File "/home/wangdx_lab/cse12211818/MAPPO/envs/env_wrappers.py", line 177, in worker
    env.set_comm_broadcasts(data)
  File "/home/wangdx_lab/cse12211818/MAPPO/envs/env_discrete.py", line 166, in set_comm_broadcasts
    self.env.set_comm_broadcasts(msgs)
  File "/home/wangdx_lab/cse12211818/MAPPO/envs/env_core.py", line 680, in set_comm_broadcasts
    arr = np.asarray(msgs, dtype=np.float32).reshape(self.robot_num, self.attn_comm_msg_dim)
ValueError: cannot reshape array of size 32 into shape (10,32)
成功加载长度 10: 26 个图案。
初始化完成：内存中可用长度 -> [10]
[font-pattern][train] env_rank=41/199, length=10, name=M
Traceback (most recent call last):
  File "/home/wangdx_lab/cse12211818/.conda/envs/swE2/lib/python3.9/multiprocessing/process.py", line 315, in _bootstrap
    self.run()
  File "/home/wangdx_lab/cse12211818/.conda/envs/swE2/lib/python3.9/multiprocessing/process.py", line 108, in run
    self._target(*self._args, **self._kwargs)
  File "/home/wangdx_lab/cse12211818/MAPPO/envs/env_wrappers.py", line 177, in worker
    env.set_comm_broadcasts(data)
  File "/home/wangdx_lab/cse12211818/MAPPO/envs/env_discrete.py", line 166, in set_comm_broadcasts
    self.env.set_comm_broadcasts(msgs)
  File "/home/wangdx_lab/cse12211818/MAPPO/envs/env_core.py", line 680, in set_comm_broadcasts
    arr = np.asarray(msgs, dtype=np.float32).reshape(self.robot_num, self.attn_comm_msg_dim)
ValueError: cannot reshape array of size 32 into shape (10,32)
成功加载长度 10: 26 个图案。
初始化完成：内存中可用长度 -> [10]
[font-pattern][train] env_rank=53/199, length=10, name=T
Traceback (most recent call last):
  File "/home/wangdx_lab/cse12211818/.conda/envs/swE2/lib/python3.9/multiprocessing/process.py", line 315, in _bootstrap
    self.run()
  File "/home/wangdx_lab/cse12211818/.conda/envs/swE2/lib/python3.9/multiprocessing/process.py", line 108, in run
    self._target(*self._args, **self._kwargs)
  File "/home/wangdx_lab/cse12211818/MAPPO/envs/env_wrappers.py", line 177, in worker
    env.set_comm_broadcasts(data)
  File "/home/wangdx_lab/cse12211818/MAPPO/envs/env_discrete.py", line 166, in set_comm_broadcasts
    self.env.set_comm_broadcasts(msgs)
  File "/home/wangdx_lab/cse12211818/MAPPO/envs/env_core.py", line 680, in set_comm_broadcasts
    arr = np.asarray(msgs, dtype=np.float32).reshape(self.robot_num, self.attn_comm_msg_dim)
ValueError: cannot reshape array of size 32 into shape (10,32)
成功加载长度 10: 26 个图案。
初始化完成：内存中可用长度 -> [10]
[font-pattern][train] env_rank=58/199, length=10, name=A
Traceback (most recent call last):
  File "/home/wangdx_lab/cse12211818/.conda/envs/swE2/lib/python3.9/multiprocessing/process.py", line 315, in _bootstrap
    self.run()
  File "/home/wangdx_lab/cse12211818/.conda/envs/swE2/lib/python3.9/multiprocessing/process.py", line 108, in run
    self._target(*self._args, **self._kwargs)
  File "/home/wangdx_lab/cse12211818/MAPPO/envs/env_wrappers.py", line 177, in worker
    env.set_comm_broadcasts(data)
  File "/home/wangdx_lab/cse12211818/MAPPO/envs/env_discrete.py", line 166, in set_comm_broadcasts
    self.env.set_comm_broadcasts(msgs)
  File "/home/wangdx_lab/cse12211818/MAPPO/envs/env_core.py", line 680, in set_comm_broadcasts
    arr = np.asarray(msgs, dtype=np.float32).reshape(self.robot_num, self.attn_comm_msg_dim)
ValueError: cannot reshape array of size 32 into shape (10,32)
成功加载长度 10: 26 个图案。
初始化完成：内存中可用长度 -> [10]
[font-pattern][train] env_rank=21/199, length=10, name=V
Traceback (most recent call last):
  File "/home/wangdx_lab/cse12211818/.conda/envs/swE2/lib/python3.9/multiprocessing/process.py", line 315, in _bootstrap
    self.run()
  File "/home/wangdx_lab/cse12211818/.conda/envs/swE2/lib/python3.9/multiprocessing/process.py", line 108, in run
    self._target(*self._args, **self._kwargs)
  File "/home/wangdx_lab/cse12211818/MAPPO/envs/env_wrappers.py", line 177, in worker
    env.set_comm_broadcasts(data)
  File "/home/wangdx_lab/cse12211818/MAPPO/envs/env_discrete.py", line 166, in set_comm_broadcasts
    self.env.set_comm_broadcasts(msgs)
  File "/home/wangdx_lab/cse12211818/MAPPO/envs/env_core.py", line 680, in set_comm_broadcasts
    arr = np.asarray(msgs, dtype=np.float32).reshape(self.robot_num, self.attn_comm_msg_dim)
ValueError: cannot reshape array of size 32 into shape (10,32)
成功加载长度 10: 26 个图案。
初始化完成：内存中可用长度 -> [10]
[font-pattern][train] env_rank=47/199, length=10, name=V
Traceback (most recent call last):
  File "/home/wangdx_lab/cse12211818/.conda/envs/swE2/lib/python3.9/multiprocessing/process.py", line 315, in _bootstrap
    self.run()
  File "/home/wangdx_lab/cse12211818/.conda/envs/swE2/lib/python3.9/multiprocessing/process.py", line 108, in run
    self._target(*self._args, **self._kwargs)
  File "/home/wangdx_lab/cse12211818/MAPPO/envs/env_wrappers.py", line 177, in worker
    env.set_comm_broadcasts(data)
  File "/home/wangdx_lab/cse12211818/MAPPO/envs/env_discrete.py", line 166, in set_comm_broadcasts
    self.env.set_comm_broadcasts(msgs)
  File "/home/wangdx_lab/cse12211818/MAPPO/envs/env_core.py", line 680, in set_comm_broadcasts
    arr = np.asarray(msgs, dtype=np.float32).reshape(self.robot_num, self.attn_comm_msg_dim)
ValueError: cannot reshape array of size 32 into shape (10,32)
成功加载长度 10: 26 个图案。
初始化完成：内存中可用长度 -> [10]
[font-pattern][train] env_rank=22/199, length=10, name=W
Traceback (most recent call last):
  File "/home/wangdx_lab/cse12211818/.conda/envs/swE2/lib/python3.9/multiprocessing/process.py", line 315, in _bootstrap
    self.run()
  File "/home/wangdx_lab/cse12211818/.conda/envs/swE2/lib/python3.9/multiprocessing/process.py", line 108, in run
    self._target(*self._args, **self._kwargs)
  File "/home/wangdx_lab/cse12211818/MAPPO/envs/env_wrappers.py", line 177, in worker
    env.set_comm_broadcasts(data)
  File "/home/wangdx_lab/cse12211818/MAPPO/envs/env_discrete.py", line 166, in set_comm_broadcasts
    self.env.set_comm_broadcasts(msgs)
  File "/home/wangdx_lab/cse12211818/MAPPO/envs/env_core.py", line 680, in set_comm_broadcasts
    arr = np.asarray(msgs, dtype=np.float32).reshape(self.robot_num, self.attn_comm_msg_dim)
ValueError: cannot reshape array of size 32 into shape (10,32)
成功加载长度 10: 26 个图案。
初始化完成：内存中可用长度 -> [10]
[font-pattern][train] env_rank=145/199, length=10, name=M
Traceback (most recent call last):
  File "/home/wangdx_lab/cse12211818/.conda/envs/swE2/lib/python3.9/multiprocessing/process.py", line 315, in _bootstrap
    self.run()
  File "/home/wangdx_lab/cse12211818/.conda/envs/swE2/lib/python3.9/multiprocessing/process.py", line 108, in run
    self._target(*self._args, **self._kwargs)
  File "/home/wangdx_lab/cse12211818/MAPPO/envs/env_wrappers.py", line 177, in worker
    env.set_comm_broadcasts(data)
  File "/home/wangdx_lab/cse12211818/MAPPO/envs/env_discrete.py", line 166, in set_comm_broadcasts
    self.env.set_comm_broadcasts(msgs)
  File "/home/wangdx_lab/cse12211818/MAPPO/envs/env_core.py", line 680, in set_comm_broadcasts
    arr = np.asarray(msgs, dtype=np.float32).reshape(self.robot_num, self.attn_comm_msg_dim)
ValueError: cannot reshape array of size 32 into shape (10,32)
成功加载长度 10: 26 个图案。
初始化完成：内存中可用长度 -> [10]
[font-pattern][train] env_rank=188/199, length=10, name=A
Traceback (most recent call last):
  File "/home/wangdx_lab/cse12211818/.conda/envs/swE2/lib/python3.9/multiprocessing/process.py", line 315, in _bootstrap
    self.run()
  File "/home/wangdx_lab/cse12211818/.conda/envs/swE2/lib/python3.9/multiprocessing/process.py", line 108, in run
    self._target(*self._args, **self._kwargs)
  File "/home/wangdx_lab/cse12211818/MAPPO/envs/env_wrappers.py", line 177, in worker
    env.set_comm_broadcasts(data)
  File "/home/wangdx_lab/cse12211818/MAPPO/envs/env_discrete.py", line 166, in set_comm_broadcasts
    self.env.set_comm_broadcasts(msgs)
  File "/home/wangdx_lab/cse12211818/MAPPO/envs/env_core.py", line 680, in set_comm_broadcasts
    arr = np.asarray(msgs, dtype=np.float32).reshape(self.robot_num, self.attn_comm_msg_dim)
ValueError: cannot reshape array of size 32 into shape (10,32)
成功加载长度 10: 26 个图案。
初始化完成：内存中可用长度 -> [10]
[font-pattern][train] env_rank=177/199, length=10, name=V
Traceback (most recent call last):
  File "/home/wangdx_lab/cse12211818/.conda/envs/swE2/lib/python3.9/multiprocessing/process.py", line 315, in _bootstrap
    self.run()
  File "/home/wangdx_lab/cse12211818/.conda/envs/swE2/lib/python3.9/multiprocessing/process.py", line 108, in run
    self._target(*self._args, **self._kwargs)
  File "/home/wangdx_lab/cse12211818/MAPPO/envs/env_wrappers.py", line 177, in worker
    env.set_comm_broadcasts(data)
  File "/home/wangdx_lab/cse12211818/MAPPO/envs/env_discrete.py", line 166, in set_comm_broadcasts
    self.env.set_comm_broadcasts(msgs)
  File "/home/wangdx_lab/cse12211818/MAPPO/envs/env_core.py", line 680, in set_comm_broadcasts
    arr = np.asarray(msgs, dtype=np.float32).reshape(self.robot_num, self.attn_comm_msg_dim)
ValueError: cannot reshape array of size 32 into shape (10,32)
成功加载长度 10: 26 个图案。
初始化完成：内存中可用长度 -> [10]
[font-pattern][train] env_rank=115/199, length=10, name=I
Traceback (most recent call last):
  File "/home/wangdx_lab/cse12211818/.conda/envs/swE2/lib/python3.9/multiprocessing/process.py", line 315, in _bootstrap
    self.run()
  File "/home/wangdx_lab/cse12211818/.conda/envs/swE2/lib/python3.9/multiprocessing/process.py", line 108, in run
    self._target(*self._args, **self._kwargs)
  File "/home/wangdx_lab/cse12211818/MAPPO/envs/env_wrappers.py", line 177, in worker
    env.set_comm_broadcasts(data)
  File "/home/wangdx_lab/cse12211818/MAPPO/envs/env_discrete.py", line 166, in set_comm_broadcasts
    self.env.set_comm_broadcasts(msgs)
  File "/home/wangdx_lab/cse12211818/MAPPO/envs/env_core.py", line 680, in set_comm_broadcasts
    arr = np.asarray(msgs, dtype=np.float32).reshape(self.robot_num, self.attn_comm_msg_dim)
ValueError: cannot reshape array of size 32 into shape (10,32)
成功加载长度 10: 26 个图案。
初始化完成：内存中可用长度 -> [10]
[font-pattern][train] env_rank=193/199, length=10, name=I
Traceback (most recent call last):
  File "/home/wangdx_lab/cse12211818/.conda/envs/swE2/lib/python3.9/multiprocessing/process.py", line 315, in _bootstrap
    self.run()
  File "/home/wangdx_lab/cse12211818/.conda/envs/swE2/lib/python3.9/multiprocessing/process.py", line 108, in run
    self._target(*self._args, **self._kwargs)
  File "/home/wangdx_lab/cse12211818/MAPPO/envs/env_wrappers.py", line 177, in worker
    env.set_comm_broadcasts(data)
  File "/home/wangdx_lab/cse12211818/MAPPO/envs/env_discrete.py", line 166, in set_comm_broadcasts
    self.env.set_comm_broadcasts(msgs)
  File "/home/wangdx_lab/cse12211818/MAPPO/envs/env_core.py", line 680, in set_comm_broadcasts
    arr = np.asarray(msgs, dtype=np.float32).reshape(self.robot_num, self.attn_comm_msg_dim)
ValueError: cannot reshape array of size 32 into shape (10,32)
成功加载长度 10: 26 个图案。
初始化完成：内存中可用长度 -> [10]
[font-pattern][train] env_rank=144/199, length=10, name=L
Traceback (most recent call last):
  File "/home/wangdx_lab/cse12211818/.conda/envs/swE2/lib/python3.9/multiprocessing/process.py", line 315, in _bootstrap
    self.run()
  File "/home/wangdx_lab/cse12211818/.conda/envs/swE2/lib/python3.9/multiprocessing/process.py", line 108, in run
    self._target(*self._args, **self._kwargs)
  File "/home/wangdx_lab/cse12211818/MAPPO/envs/env_wrappers.py", line 177, in worker
    env.set_comm_broadcasts(data)
  File "/home/wangdx_lab/cse12211818/MAPPO/envs/env_discrete.py", line 166, in set_comm_broadcasts
    self.env.set_comm_broadcasts(msgs)
  File "/home/wangdx_lab/cse12211818/MAPPO/envs/env_core.py", line 680, in set_comm_broadcasts
    arr = np.asarray(msgs, dtype=np.float32).reshape(self.robot_num, self.attn_comm_msg_dim)
ValueError: cannot reshape array of size 32 into shape (10,32)
成功加载长度 10: 26 个图案。
初始化完成：内存中可用长度 -> [10]
[font-pattern][train] env_rank=119/199, length=10, name=M
Traceback (most recent call last):
  File "/home/wangdx_lab/cse12211818/.conda/envs/swE2/lib/python3.9/multiprocessing/process.py", line 315, in _bootstrap
    self.run()
  File "/home/wangdx_lab/cse12211818/.conda/envs/swE2/lib/python3.9/multiprocessing/process.py", line 108, in run
    self._target(*self._args, **self._kwargs)
  File "/home/wangdx_lab/cse12211818/MAPPO/envs/env_wrappers.py", line 177, in worker
    env.set_comm_broadcasts(data)
  File "/home/wangdx_lab/cse12211818/MAPPO/envs/env_discrete.py", line 166, in set_comm_broadcasts
    self.env.set_comm_broadcasts(msgs)
  File "/home/wangdx_lab/cse12211818/MAPPO/envs/env_core.py", line 680, in set_comm_broadcasts
    arr = np.asarray(msgs, dtype=np.float32).reshape(self.robot_num, self.attn_comm_msg_dim)
ValueError: cannot reshape array of size 32 into shape (10,32)
成功加载长度 10: 26 个图案。
初始化完成：内存中可用长度 -> [10]
[font-pattern][train] env_rank=23/199, length=10, name=X
Traceback (most recent call last):
  File "/home/wangdx_lab/cse12211818/.conda/envs/swE2/lib/python3.9/multiprocessing/process.py", line 315, in _bootstrap
    self.run()
  File "/home/wangdx_lab/cse12211818/.conda/envs/swE2/lib/python3.9/multiprocessing/process.py", line 108, in run
    self._target(*self._args, **self._kwargs)
  File "/home/wangdx_lab/cse12211818/MAPPO/envs/env_wrappers.py", line 177, in worker
    env.set_comm_broadcasts(data)
  File "/home/wangdx_lab/cse12211818/MAPPO/envs/env_discrete.py", line 166, in set_comm_broadcasts
    self.env.set_comm_broadcasts(msgs)
  File "/home/wangdx_lab/cse12211818/MAPPO/envs/env_core.py", line 680, in set_comm_broadcasts
    arr = np.asarray(msgs, dtype=np.float32).reshape(self.robot_num, self.attn_comm_msg_dim)
ValueError: cannot reshape array of size 32 into shape (10,32)
成功加载长度 10: 26 个图案。
初始化完成：内存中可用长度 -> [10]
[font-pattern][train] env_rank=67/199, length=10, name=M
Traceback (most recent call last):
  File "/home/wangdx_lab/cse12211818/.conda/envs/swE2/lib/python3.9/multiprocessing/process.py", line 315, in _bootstrap
    self.run()
  File "/home/wangdx_lab/cse12211818/.conda/envs/swE2/lib/python3.9/multiprocessing/process.py", line 108, in run
    self._target(*self._args, **self._kwargs)
  File "/home/wangdx_lab/cse12211818/MAPPO/envs/env_wrappers.py", line 177, in worker
    env.set_comm_broadcasts(data)
  File "/home/wangdx_lab/cse12211818/MAPPO/envs/env_discrete.py", line 166, in set_comm_broadcasts
    self.env.set_comm_broadcasts(msgs)
  File "/home/wangdx_lab/cse12211818/MAPPO/envs/env_core.py", line 680, in set_comm_broadcasts
    arr = np.asarray(msgs, dtype=np.float32).reshape(self.robot_num, self.attn_comm_msg_dim)
ValueError: cannot reshape array of size 32 into shape (10,32)
成功加载长度 10: 26 个图案。
初始化完成：内存中可用长度 -> [10]
[font-pattern][train] env_rank=127/199, length=10, name=X
Traceback (most recent call last):
  File "/home/wangdx_lab/cse12211818/.conda/envs/swE2/lib/python3.9/multiprocessing/process.py", line 315, in _bootstrap
    self.run()
  File "/home/wangdx_lab/cse12211818/.conda/envs/swE2/lib/python3.9/multiprocessing/process.py", line 108, in run
    self._target(*self._args, **self._kwargs)
  File "/home/wangdx_lab/cse12211818/MAPPO/envs/env_wrappers.py", line 177, in worker
    env.set_comm_broadcasts(data)
  File "/home/wangdx_lab/cse12211818/MAPPO/envs/env_discrete.py", line 166, in set_comm_broadcasts
    self.env.set_comm_broadcasts(msgs)
  File "/home/wangdx_lab/cse12211818/MAPPO/envs/env_core.py", line 680, in set_comm_broadcasts
    arr = np.asarray(msgs, dtype=np.float32).reshape(self.robot_num, self.attn_comm_msg_dim)
ValueError: cannot reshape array of size 32 into shape (10,32)
成功加载长度 10: 26 个图案。
初始化完成：内存中可用长度 -> [10]
[font-pattern][train] env_rank=141/199, length=10, name=I
Traceback (most recent call last):
  File "/home/wangdx_lab/cse12211818/.conda/envs/swE2/lib/python3.9/multiprocessing/process.py", line 315, in _bootstrap
    self.run()
  File "/home/wangdx_lab/cse12211818/.conda/envs/swE2/lib/python3.9/multiprocessing/process.py", line 108, in run
    self._target(*self._args, **self._kwargs)
  File "/home/wangdx_lab/cse12211818/MAPPO/envs/env_wrappers.py", line 177, in worker
    env.set_comm_broadcasts(data)
  File "/home/wangdx_lab/cse12211818/MAPPO/envs/env_discrete.py", line 166, in set_comm_broadcasts
    self.env.set_comm_broadcasts(msgs)
  File "/home/wangdx_lab/cse12211818/MAPPO/envs/env_core.py", line 680, in set_comm_broadcasts
    arr = np.asarray(msgs, dtype=np.float32).reshape(self.robot_num, self.attn_comm_msg_dim)
ValueError: cannot reshape array of size 32 into shape (10,32)
成功加载长度 10: 26 个图案。
初始化完成：内存中可用长度 -> [10]
[font-pattern][train] env_rank=15/199, length=10, name=M
Traceback (most recent call last):
  File "/home/wangdx_lab/cse12211818/.conda/envs/swE2/lib/python3.9/multiprocessing/process.py", line 315, in _bootstrap
    self.run()
  File "/home/wangdx_lab/cse12211818/.conda/envs/swE2/lib/python3.9/multiprocessing/process.py", line 108, in run
    self._target(*self._args, **self._kwargs)
  File "/home/wangdx_lab/cse12211818/MAPPO/envs/env_wrappers.py", line 177, in worker
    env.set_comm_broadcasts(data)
  File "/home/wangdx_lab/cse12211818/MAPPO/envs/env_discrete.py", line 166, in set_comm_broadcasts
    self.env.set_comm_broadcasts(msgs)
  File "/home/wangdx_lab/cse12211818/MAPPO/envs/env_core.py", line 680, in set_comm_broadcasts
    arr = np.asarray(msgs, dtype=np.float32).reshape(self.robot_num, self.attn_comm_msg_dim)
ValueError: cannot reshape array of size 32 into shape (10,32)
成功加载长度 10: 26 个图案。
初始化完成：内存中可用长度 -> [10]
[font-pattern][train] env_rank=14/199, length=10, name=L
Traceback (most recent call last):
  File "/home/wangdx_lab/cse12211818/.conda/envs/swE2/lib/python3.9/multiprocessing/process.py", line 315, in _bootstrap
    self.run()
  File "/home/wangdx_lab/cse12211818/.conda/envs/swE2/lib/python3.9/multiprocessing/process.py", line 108, in run
    self._target(*self._args, **self._kwargs)
  File "/home/wangdx_lab/cse12211818/MAPPO/envs/env_wrappers.py", line 177, in worker
    env.set_comm_broadcasts(data)
  File "/home/wangdx_lab/cse12211818/MAPPO/envs/env_discrete.py", line 166, in set_comm_broadcasts
    self.env.set_comm_broadcasts(msgs)
  File "/home/wangdx_lab/cse12211818/MAPPO/envs/env_core.py", line 680, in set_comm_broadcasts
    arr = np.asarray(msgs, dtype=np.float32).reshape(self.robot_num, self.attn_comm_msg_dim)
ValueError: cannot reshape array of size 32 into shape (10,32)
成功加载长度 10: 26 个图案。
初始化完成：内存中可用长度 -> [10]
[font-pattern][train] env_rank=162/199, length=10, name=A
Traceback (most recent call last):
  File "/home/wangdx_lab/cse12211818/.conda/envs/swE2/lib/python3.9/multiprocessing/process.py", line 315, in _bootstrap
    self.run()
  File "/home/wangdx_lab/cse12211818/.conda/envs/swE2/lib/python3.9/multiprocessing/process.py", line 108, in run
    self._target(*self._args, **self._kwargs)
  File "/home/wangdx_lab/cse12211818/MAPPO/envs/env_wrappers.py", line 177, in worker
    env.set_comm_broadcasts(data)
  File "/home/wangdx_lab/cse12211818/MAPPO/envs/env_discrete.py", line 166, in set_comm_broadcasts
    self.env.set_comm_broadcasts(msgs)
  File "/home/wangdx_lab/cse12211818/MAPPO/envs/env_core.py", line 680, in set_comm_broadcasts
    arr = np.asarray(msgs, dtype=np.float32).reshape(self.robot_num, self.attn_comm_msg_dim)
ValueError: cannot reshape array of size 32 into shape (10,32)
成功加载长度 10: 26 个图案。
初始化完成：内存中可用长度 -> [10]
[font-pattern][train] env_rank=135/199, length=10, name=H
Traceback (most recent call last):
  File "/home/wangdx_lab/cse12211818/.conda/envs/swE2/lib/python3.9/multiprocessing/process.py", line 315, in _bootstrap
    self.run()
  File "/home/wangdx_lab/cse12211818/.conda/envs/swE2/lib/python3.9/multiprocessing/process.py", line 108, in run
    self._target(*self._args, **self._kwargs)
  File "/home/wangdx_lab/cse12211818/MAPPO/envs/env_wrappers.py", line 177, in worker
    env.set_comm_broadcasts(data)
  File "/home/wangdx_lab/cse12211818/MAPPO/envs/env_discrete.py", line 166, in set_comm_broadcasts
    self.env.set_comm_broadcasts(msgs)
  File "/home/wangdx_lab/cse12211818/MAPPO/envs/env_core.py", line 680, in set_comm_broadcasts
    arr = np.asarray(msgs, dtype=np.float32).reshape(self.robot_num, self.attn_comm_msg_dim)
ValueError: cannot reshape array of size 32 into shape (10,32)
成功加载长度 10: 26 个图案。
初始化完成：内存中可用长度 -> [10]
[font-pattern][train] env_rank=152/199, length=10, name=W
Traceback (most recent call last):
  File "/home/wangdx_lab/cse12211818/.conda/envs/swE2/lib/python3.9/multiprocessing/process.py", line 315, in _bootstrap
    self.run()
  File "/home/wangdx_lab/cse12211818/.conda/envs/swE2/lib/python3.9/multiprocessing/process.py", line 108, in run
    self._target(*self._args, **self._kwargs)
  File "/home/wangdx_lab/cse12211818/MAPPO/envs/env_wrappers.py", line 177, in worker
    env.set_comm_broadcasts(data)
  File "/home/wangdx_lab/cse12211818/MAPPO/envs/env_discrete.py", line 166, in set_comm_broadcasts
    self.env.set_comm_broadcasts(msgs)
  File "/home/wangdx_lab/cse12211818/MAPPO/envs/env_core.py", line 680, in set_comm_broadcasts
    arr = np.asarray(msgs, dtype=np.float32).reshape(self.robot_num, self.attn_comm_msg_dim)
ValueError: cannot reshape array of size 32 into shape (10,32)
成功加载长度 10: 26 个图案。
初始化完成：内存中可用长度 -> [10]
[font-pattern][train] env_rank=122/199, length=10, name=P
Traceback (most recent call last):
  File "/home/wangdx_lab/cse12211818/.conda/envs/swE2/lib/python3.9/multiprocessing/process.py", line 315, in _bootstrap
    self.run()
  File "/home/wangdx_lab/cse12211818/.conda/envs/swE2/lib/python3.9/multiprocessing/process.py", line 108, in run
    self._target(*self._args, **self._kwargs)
  File "/home/wangdx_lab/cse12211818/MAPPO/envs/env_wrappers.py", line 177, in worker
    env.set_comm_broadcasts(data)
  File "/home/wangdx_lab/cse12211818/MAPPO/envs/env_discrete.py", line 166, in set_comm_broadcasts
    self.env.set_comm_broadcasts(msgs)
  File "/home/wangdx_lab/cse12211818/MAPPO/envs/env_core.py", line 680, in set_comm_broadcasts
    arr = np.asarray(msgs, dtype=np.float32).reshape(self.robot_num, self.attn_comm_msg_dim)
ValueError: cannot reshape array of size 32 into shape (10,32)
成功加载长度 10: 26 个图案。
初始化完成：内存中可用长度 -> [10]
[font-pattern][train] env_rank=153/199, length=10, name=X
Traceback (most recent call last):
  File "/home/wangdx_lab/cse12211818/.conda/envs/swE2/lib/python3.9/multiprocessing/process.py", line 315, in _bootstrap
    self.run()
  File "/home/wangdx_lab/cse12211818/.conda/envs/swE2/lib/python3.9/multiprocessing/process.py", line 108, in run
    self._target(*self._args, **self._kwargs)
  File "/home/wangdx_lab/cse12211818/MAPPO/envs/env_wrappers.py", line 177, in worker
    env.set_comm_broadcasts(data)
  File "/home/wangdx_lab/cse12211818/MAPPO/envs/env_discrete.py", line 166, in set_comm_broadcasts
    self.env.set_comm_broadcasts(msgs)
  File "/home/wangdx_lab/cse12211818/MAPPO/envs/env_core.py", line 680, in set_comm_broadcasts
    arr = np.asarray(msgs, dtype=np.float32).reshape(self.robot_num, self.attn_comm_msg_dim)
ValueError: cannot reshape array of size 32 into shape (10,32)
成功加载长度 10: 26 个图案。
初始化完成：内存中可用长度 -> [10]
[font-pattern][train] env_rank=10/199, length=10, name=G
Traceback (most recent call last):
  File "/home/wangdx_lab/cse12211818/.conda/envs/swE2/lib/python3.9/multiprocessing/process.py", line 315, in _bootstrap
    self.run()
  File "/home/wangdx_lab/cse12211818/.conda/envs/swE2/lib/python3.9/multiprocessing/process.py", line 108, in run
    self._target(*self._args, **self._kwargs)
  File "/home/wangdx_lab/cse12211818/MAPPO/envs/env_wrappers.py", line 177, in worker
    env.set_comm_broadcasts(data)
  File "/home/wangdx_lab/cse12211818/MAPPO/envs/env_discrete.py", line 166, in set_comm_broadcasts
    self.env.set_comm_broadcasts(msgs)
  File "/home/wangdx_lab/cse12211818/MAPPO/envs/env_core.py", line 680, in set_comm_broadcasts
    arr = np.asarray(msgs, dtype=np.float32).reshape(self.robot_num, self.attn_comm_msg_dim)
ValueError: cannot reshape array of size 32 into shape (10,32)
成功加载长度 10: 26 个图案。
初始化完成：内存中可用长度 -> [10]
[font-pattern][train] env_rank=120/199, length=10, name=N
Traceback (most recent call last):
  File "/home/wangdx_lab/cse12211818/.conda/envs/swE2/lib/python3.9/multiprocessing/process.py", line 315, in _bootstrap
    self.run()
  File "/home/wangdx_lab/cse12211818/.conda/envs/swE2/lib/python3.9/multiprocessing/process.py", line 108, in run
    self._target(*self._args, **self._kwargs)
  File "/home/wangdx_lab/cse12211818/MAPPO/envs/env_wrappers.py", line 177, in worker
    env.set_comm_broadcasts(data)
  File "/home/wangdx_lab/cse12211818/MAPPO/envs/env_discrete.py", line 166, in set_comm_broadcasts
    self.env.set_comm_broadcasts(msgs)
  File "/home/wangdx_lab/cse12211818/MAPPO/envs/env_core.py", line 680, in set_comm_broadcasts
    arr = np.asarray(msgs, dtype=np.float32).reshape(self.robot_num, self.attn_comm_msg_dim)
ValueError: cannot reshape array of size 32 into shape (10,32)
成功加载长度 10: 26 个图案。
初始化完成：内存中可用长度 -> [10]
[font-pattern][train] env_rank=134/199, length=10, name=S
Traceback (most recent call last):
  File "/home/wangdx_lab/cse12211818/.conda/envs/swE2/lib/python3.9/multiprocessing/process.py", line 315, in _bootstrap
    self.run()
  File "/home/wangdx_lab/cse12211818/.conda/envs/swE2/lib/python3.9/multiprocessing/process.py", line 108, in run
    self._target(*self._args, **self._kwargs)
  File "/home/wangdx_lab/cse12211818/MAPPO/envs/env_wrappers.py", line 177, in worker
    env.set_comm_broadcasts(data)
  File "/home/wangdx_lab/cse12211818/MAPPO/envs/env_discrete.py", line 166, in set_comm_broadcasts
    self.env.set_comm_broadcasts(msgs)
  File "/home/wangdx_lab/cse12211818/MAPPO/envs/env_core.py", line 680, in set_comm_broadcasts
    arr = np.asarray(msgs, dtype=np.float32).reshape(self.robot_num, self.attn_comm_msg_dim)
ValueError: cannot reshape array of size 32 into shape (10,32)
成功加载长度 10: 26 个图案。
初始化完成：内存中可用长度 -> [10]
[font-pattern][train] env_rank=124/199, length=10, name=R
Traceback (most recent call last):
  File "/home/wangdx_lab/cse12211818/.conda/envs/swE2/lib/python3.9/multiprocessing/process.py", line 315, in _bootstrap
    self.run()
  File "/home/wangdx_lab/cse12211818/.conda/envs/swE2/lib/python3.9/multiprocessing/process.py", line 108, in run
    self._target(*self._args, **self._kwargs)
  File "/home/wangdx_lab/cse12211818/MAPPO/envs/env_wrappers.py", line 177, in worker
    env.set_comm_broadcasts(data)
  File "/home/wangdx_lab/cse12211818/MAPPO/envs/env_discrete.py", line 166, in set_comm_broadcasts
    self.env.set_comm_broadcasts(msgs)
  File "/home/wangdx_lab/cse12211818/MAPPO/envs/env_core.py", line 680, in set_comm_broadcasts
    arr = np.asarray(msgs, dtype=np.float32).reshape(self.robot_num, self.attn_comm_msg_dim)
ValueError: cannot reshape array of size 32 into shape (10,32)
成功加载长度 10: 26 个图案。
初始化完成：内存中可用长度 -> [10]
[font-pattern][train] env_rank=85/199, length=10, name=B
Traceback (most recent call last):
  File "/home/wangdx_lab/cse12211818/.conda/envs/swE2/lib/python3.9/multiprocessing/process.py", line 315, in _bootstrap
    self.run()
  File "/home/wangdx_lab/cse12211818/.conda/envs/swE2/lib/python3.9/multiprocessing/process.py", line 108, in run
    self._target(*self._args, **self._kwargs)
  File "/home/wangdx_lab/cse12211818/MAPPO/envs/env_wrappers.py", line 177, in worker
    env.set_comm_broadcasts(data)
  File "/home/wangdx_lab/cse12211818/MAPPO/envs/env_discrete.py", line 166, in set_comm_broadcasts
    self.env.set_comm_broadcasts(msgs)
  File "/home/wangdx_lab/cse12211818/MAPPO/envs/env_core.py", line 680, in set_comm_broadcasts
    arr = np.asarray(msgs, dtype=np.float32).reshape(self.robot_num, self.attn_comm_msg_dim)
ValueError: cannot reshape array of size 32 into shape (10,32)
成功加载长度 10: 26 个图案。
初始化完成：内存中可用长度 -> [10]
[font-pattern][train] env_rank=18/199, length=10, name=P
Traceback (most recent call last):
  File "/home/wangdx_lab/cse12211818/.conda/envs/swE2/lib/python3.9/multiprocessing/process.py", line 315, in _bootstrap
    self.run()
  File "/home/wangdx_lab/cse12211818/.conda/envs/swE2/lib/python3.9/multiprocessing/process.py", line 108, in run
    self._target(*self._args, **self._kwargs)
  File "/home/wangdx_lab/cse12211818/MAPPO/envs/env_wrappers.py", line 177, in worker
    env.set_comm_broadcasts(data)
  File "/home/wangdx_lab/cse12211818/MAPPO/envs/env_discrete.py", line 166, in set_comm_broadcasts
    self.env.set_comm_broadcasts(msgs)
  File "/home/wangdx_lab/cse12211818/MAPPO/envs/env_core.py", line 680, in set_comm_broadcasts
    arr = np.asarray(msgs, dtype=np.float32).reshape(self.robot_num, self.attn_comm_msg_dim)
ValueError: cannot reshape array of size 32 into shape (10,32)
成功加载长度 10: 26 个图案。
初始化完成：内存中可用长度 -> [10]
[font-pattern][train] env_rank=63/199, length=10, name=I
Traceback (most recent call last):
Traceback (most recent call last):
  File "/home/wangdx_lab/cse12211818/.conda/envs/swE2/lib/python3.9/multiprocessing/process.py", line 315, in _bootstrap
    self.run()
  File "/home/wangdx_lab/cse12211818/.conda/envs/swE2/lib/python3.9/multiprocessing/process.py", line 315, in _bootstrap
    self.run()
  File "/home/wangdx_lab/cse12211818/.conda/envs/swE2/lib/python3.9/multiprocessing/process.py", line 108, in run
    self._target(*self._args, **self._kwargs)
  File "/home/wangdx_lab/cse12211818/.conda/envs/swE2/lib/python3.9/multiprocessing/process.py", line 108, in run
    self._target(*self._args, **self._kwargs)
  File "/home/wangdx_lab/cse12211818/MAPPO/envs/env_wrappers.py", line 177, in worker
    env.set_comm_broadcasts(data)
  File "/home/wangdx_lab/cse12211818/MAPPO/envs/env_wrappers.py", line 177, in worker
    env.set_comm_broadcasts(data)
  File "/home/wangdx_lab/cse12211818/MAPPO/envs/env_discrete.py", line 166, in set_comm_broadcasts
    self.env.set_comm_broadcasts(msgs)
  File "/home/wangdx_lab/cse12211818/MAPPO/envs/env_discrete.py", line 166, in set_comm_broadcasts
    self.env.set_comm_broadcasts(msgs)
  File "/home/wangdx_lab/cse12211818/MAPPO/envs/env_core.py", line 680, in set_comm_broadcasts
    arr = np.asarray(msgs, dtype=np.float32).reshape(self.robot_num, self.attn_comm_msg_dim)
  File "/home/wangdx_lab/cse12211818/MAPPO/envs/env_core.py", line 680, in set_comm_broadcasts
    arr = np.asarray(msgs, dtype=np.float32).reshape(self.robot_num, self.attn_comm_msg_dim)
ValueError: cannot reshape array of size 32 into shape (10,32)
ValueError: cannot reshape array of size 32 into shape (10,32)
成功加载长度 10: 26 个图案。
初始化完成：内存中可用长度 -> [10]
[font-pattern][train] env_rank=121/199, length=10, name=O
成功加载长度 10: 26 个图案。
初始化完成：内存中可用长度 -> [10]
[font-pattern][train] env_rank=106/199, length=10, name=E
Traceback (most recent call last):
  File "/home/wangdx_lab/cse12211818/.conda/envs/swE2/lib/python3.9/multiprocessing/process.py", line 315, in _bootstrap
    self.run()
  File "/home/wangdx_lab/cse12211818/.conda/envs/swE2/lib/python3.9/multiprocessing/process.py", line 108, in run
    self._target(*self._args, **self._kwargs)
  File "/home/wangdx_lab/cse12211818/MAPPO/envs/env_wrappers.py", line 177, in worker
    env.set_comm_broadcasts(data)
  File "/home/wangdx_lab/cse12211818/MAPPO/envs/env_discrete.py", line 166, in set_comm_broadcasts
    self.env.set_comm_broadcasts(msgs)
  File "/home/wangdx_lab/cse12211818/MAPPO/envs/env_core.py", line 680, in set_comm_broadcasts
    arr = np.asarray(msgs, dtype=np.float32).reshape(self.robot_num, self.attn_comm_msg_dim)
ValueError: cannot reshape array of size 32 into shape (10,32)
成功加载长度 10: 26 个图案。
初始化完成：内存中可用长度 -> [10]
[font-pattern][train] env_rank=56/199, length=10, name=S
Traceback (most recent call last):
  File "/home/wangdx_lab/cse12211818/.conda/envs/swE2/lib/python3.9/multiprocessing/process.py", line 315, in _bootstrap
    self.run()
  File "/home/wangdx_lab/cse12211818/.conda/envs/swE2/lib/python3.9/multiprocessing/process.py", line 108, in run
    self._target(*self._args, **self._kwargs)
  File "/home/wangdx_lab/cse12211818/MAPPO/envs/env_wrappers.py", line 177, in worker
    env.set_comm_broadcasts(data)
  File "/home/wangdx_lab/cse12211818/MAPPO/envs/env_discrete.py", line 166, in set_comm_broadcasts
    self.env.set_comm_broadcasts(msgs)
  File "/home/wangdx_lab/cse12211818/MAPPO/envs/env_core.py", line 680, in set_comm_broadcasts
    arr = np.asarray(msgs, dtype=np.float32).reshape(self.robot_num, self.attn_comm_msg_dim)
ValueError: cannot reshape array of size 32 into shape (10,32)
成功加载长度 10: 26 个图案。
初始化完成：内存中可用长度 -> [10]
[font-pattern][train] env_rank=82/199, length=10, name=S
Traceback (most recent call last):
  File "/home/wangdx_lab/cse12211818/.conda/envs/swE2/lib/python3.9/multiprocessing/process.py", line 315, in _bootstrap
    self.run()
  File "/home/wangdx_lab/cse12211818/.conda/envs/swE2/lib/python3.9/multiprocessing/process.py", line 108, in run
    self._target(*self._args, **self._kwargs)
  File "/home/wangdx_lab/cse12211818/MAPPO/envs/env_wrappers.py", line 177, in worker
    env.set_comm_broadcasts(data)
  File "/home/wangdx_lab/cse12211818/MAPPO/envs/env_discrete.py", line 166, in set_comm_broadcasts
    self.env.set_comm_broadcasts(msgs)
  File "/home/wangdx_lab/cse12211818/MAPPO/envs/env_core.py", line 680, in set_comm_broadcasts
    arr = np.asarray(msgs, dtype=np.float32).reshape(self.robot_num, self.attn_comm_msg_dim)
ValueError: cannot reshape array of size 32 into shape (10,32)
成功加载长度 10: 26 个图案。
初始化完成：内存中可用长度 -> [10]
[font-pattern][train] env_rank=147/199, length=10, name=O
Traceback (most recent call last):
  File "/home/wangdx_lab/cse12211818/.conda/envs/swE2/lib/python3.9/multiprocessing/process.py", line 315, in _bootstrap
    self.run()
  File "/home/wangdx_lab/cse12211818/.conda/envs/swE2/lib/python3.9/multiprocessing/process.py", line 108, in run
    self._target(*self._args, **self._kwargs)
  File "/home/wangdx_lab/cse12211818/MAPPO/envs/env_wrappers.py", line 177, in worker
    env.set_comm_broadcasts(data)
  File "/home/wangdx_lab/cse12211818/MAPPO/envs/env_discrete.py", line 166, in set_comm_broadcasts
    self.env.set_comm_broadcasts(msgs)
  File "/home/wangdx_lab/cse12211818/MAPPO/envs/env_core.py", line 680, in set_comm_broadcasts
    arr = np.asarray(msgs, dtype=np.float32).reshape(self.robot_num, self.attn_comm_msg_dim)
ValueError: cannot reshape array of size 32 into shape (10,32)
成功加载长度 10: 26 个图案。
初始化完成：内存中可用长度 -> [10]
[font-pattern][train] env_rank=95/199, length=10, name=O
Traceback (most recent call last):
  File "/home/wangdx_lab/cse12211818/.conda/envs/swE2/lib/python3.9/multiprocessing/process.py", line 315, in _bootstrap
    self.run()
  File "/home/wangdx_lab/cse12211818/.conda/envs/swE2/lib/python3.9/multiprocessing/process.py", line 108, in run
    self._target(*self._args, **self._kwargs)
  File "/home/wangdx_lab/cse12211818/MAPPO/envs/env_wrappers.py", line 177, in worker
    env.set_comm_broadcasts(data)
  File "/home/wangdx_lab/cse12211818/MAPPO/envs/env_discrete.py", line 166, in set_comm_broadcasts
    self.env.set_comm_broadcasts(msgs)
  File "/home/wangdx_lab/cse12211818/MAPPO/envs/env_core.py", line 680, in set_comm_broadcasts
    arr = np.asarray(msgs, dtype=np.float32).reshape(self.robot_num, self.attn_comm_msg_dim)
ValueError: cannot reshape array of size 32 into shape (10,32)
成功加载长度 10: 26 个图案。
初始化完成：内存中可用长度 -> [10]
[font-pattern][train] env_rank=103/199, length=10, name=Z
Traceback (most recent call last):
  File "/home/wangdx_lab/cse12211818/.conda/envs/swE2/lib/python3.9/multiprocessing/process.py", line 315, in _bootstrap
    self.run()
  File "/home/wangdx_lab/cse12211818/.conda/envs/swE2/lib/python3.9/multiprocessing/process.py", line 108, in run
    self._target(*self._args, **self._kwargs)
  File "/home/wangdx_lab/cse12211818/MAPPO/envs/env_wrappers.py", line 177, in worker
    env.set_comm_broadcasts(data)
  File "/home/wangdx_lab/cse12211818/MAPPO/envs/env_discrete.py", line 166, in set_comm_broadcasts
    self.env.set_comm_broadcasts(msgs)
  File "/home/wangdx_lab/cse12211818/MAPPO/envs/env_core.py", line 680, in set_comm_broadcasts
    arr = np.asarray(msgs, dtype=np.float32).reshape(self.robot_num, self.attn_comm_msg_dim)
ValueError: cannot reshape array of size 32 into shape (10,32)
成功加载长度 10: 26 个图案。
初始化完成：内存中可用长度 -> [10]
[font-pattern][train] env_rank=133/199, length=10, name=C
Traceback (most recent call last):
  File "/home/wangdx_lab/cse12211818/.conda/envs/swE2/lib/python3.9/multiprocessing/process.py", line 315, in _bootstrap
    self.run()
  File "/home/wangdx_lab/cse12211818/.conda/envs/swE2/lib/python3.9/multiprocessing/process.py", line 108, in run
    self._target(*self._args, **self._kwargs)
  File "/home/wangdx_lab/cse12211818/MAPPO/envs/env_wrappers.py", line 177, in worker
    env.set_comm_broadcasts(data)
  File "/home/wangdx_lab/cse12211818/MAPPO/envs/env_discrete.py", line 166, in set_comm_broadcasts
    self.env.set_comm_broadcasts(msgs)
  File "/home/wangdx_lab/cse12211818/MAPPO/envs/env_core.py", line 680, in set_comm_broadcasts
    arr = np.asarray(msgs, dtype=np.float32).reshape(self.robot_num, self.attn_comm_msg_dim)
ValueError: cannot reshape array of size 32 into shape (10,32)
成功加载长度 10: 26 个图案。
初始化完成：内存中可用长度 -> [10]
[font-pattern][train] env_rank=87/199, length=10, name=F
Traceback (most recent call last):
  File "/home/wangdx_lab/cse12211818/.conda/envs/swE2/lib/python3.9/multiprocessing/process.py", line 315, in _bootstrap
    self.run()
  File "/home/wangdx_lab/cse12211818/.conda/envs/swE2/lib/python3.9/multiprocessing/process.py", line 108, in run
    self._target(*self._args, **self._kwargs)
  File "/home/wangdx_lab/cse12211818/MAPPO/envs/env_wrappers.py", line 177, in worker
    env.set_comm_broadcasts(data)
  File "/home/wangdx_lab/cse12211818/MAPPO/envs/env_discrete.py", line 166, in set_comm_broadcasts
    self.env.set_comm_broadcasts(msgs)
  File "/home/wangdx_lab/cse12211818/MAPPO/envs/env_core.py", line 680, in set_comm_broadcasts
    arr = np.asarray(msgs, dtype=np.float32).reshape(self.robot_num, self.attn_comm_msg_dim)
ValueError: cannot reshape array of size 32 into shape (10,32)
成功加载长度 10: 26 个图案。
初始化完成：内存中可用长度 -> [10]
[font-pattern][train] env_rank=45/199, length=10, name=Q
Traceback (most recent call last):
  File "/home/wangdx_lab/cse12211818/.conda/envs/swE2/lib/python3.9/multiprocessing/process.py", line 315, in _bootstrap
    self.run()
  File "/home/wangdx_lab/cse12211818/.conda/envs/swE2/lib/python3.9/multiprocessing/process.py", line 108, in run
    self._target(*self._args, **self._kwargs)
  File "/home/wangdx_lab/cse12211818/MAPPO/envs/env_wrappers.py", line 177, in worker
    env.set_comm_broadcasts(data)
  File "/home/wangdx_lab/cse12211818/MAPPO/envs/env_discrete.py", line 166, in set_comm_broadcasts
    self.env.set_comm_broadcasts(msgs)
  File "/home/wangdx_lab/cse12211818/MAPPO/envs/env_core.py", line 680, in set_comm_broadcasts
    arr = np.asarray(msgs, dtype=np.float32).reshape(self.robot_num, self.attn_comm_msg_dim)
ValueError: cannot reshape array of size 32 into shape (10,32)
成功加载长度 10: 26 个图案。
初始化完成：内存中可用长度 -> [10]
[font-pattern][train] env_rank=86/199, length=10, name=D
Traceback (most recent call last):
  File "/home/wangdx_lab/cse12211818/.conda/envs/swE2/lib/python3.9/multiprocessing/process.py", line 315, in _bootstrap
    self.run()
Traceback (most recent call last):
  File "/home/wangdx_lab/cse12211818/.conda/envs/swE2/lib/python3.9/multiprocessing/process.py", line 315, in _bootstrap
    self.run()
  File "/home/wangdx_lab/cse12211818/.conda/envs/swE2/lib/python3.9/multiprocessing/process.py", line 108, in run
    self._target(*self._args, **self._kwargs)
  File "/home/wangdx_lab/cse12211818/MAPPO/envs/env_wrappers.py", line 177, in worker
    env.set_comm_broadcasts(data)
  File "/home/wangdx_lab/cse12211818/MAPPO/envs/env_discrete.py", line 166, in set_comm_broadcasts
    self.env.set_comm_broadcasts(msgs)
  File "/home/wangdx_lab/cse12211818/MAPPO/envs/env_core.py", line 680, in set_comm_broadcasts
    arr = np.asarray(msgs, dtype=np.float32).reshape(self.robot_num, self.attn_comm_msg_dim)
ValueError: cannot reshape array of size 32 into shape (10,32)
成功加载长度 10: 26 个图案。
初始化完成：内存中可用长度 -> [10]
[font-pattern][train] env_rank=94/199, length=10, name=N
Traceback (most recent call last):
  File "/home/wangdx_lab/cse12211818/.conda/envs/swE2/lib/python3.9/multiprocessing/process.py", line 315, in _bootstrap
    self.run()
  File "/home/wangdx_lab/cse12211818/.conda/envs/swE2/lib/python3.9/multiprocessing/process.py", line 108, in run
    self._target(*self._args, **self._kwargs)
  File "/home/wangdx_lab/cse12211818/MAPPO/envs/env_wrappers.py", line 177, in worker
    env.set_comm_broadcasts(data)
  File "/home/wangdx_lab/cse12211818/MAPPO/envs/env_discrete.py", line 166, in set_comm_broadcasts
    self.env.set_comm_broadcasts(msgs)
  File "/home/wangdx_lab/cse12211818/MAPPO/envs/env_core.py", line 680, in set_comm_broadcasts
    arr = np.asarray(msgs, dtype=np.float32).reshape(self.robot_num, self.attn_comm_msg_dim)
ValueError: cannot reshape array of size 32 into shape (10,32)
成功加载长度 10: 26 个图案。
初始化完成：内存中可用长度 -> [10]
[font-pattern][train] env_rank=96/199, length=10, name=P
Traceback (most recent call last):
  File "/home/wangdx_lab/cse12211818/.conda/envs/swE2/lib/python3.9/multiprocessing/process.py", line 315, in _bootstrap
    self.run()
  File "/home/wangdx_lab/cse12211818/.conda/envs/swE2/lib/python3.9/multiprocessing/process.py", line 108, in run
    self._target(*self._args, **self._kwargs)
  File "/home/wangdx_lab/cse12211818/MAPPO/envs/env_wrappers.py", line 177, in worker
    env.set_comm_broadcasts(data)
  File "/home/wangdx_lab/cse12211818/MAPPO/envs/env_discrete.py", line 166, in set_comm_broadcasts
    self.env.set_comm_broadcasts(msgs)
  File "/home/wangdx_lab/cse12211818/MAPPO/envs/env_core.py", line 680, in set_comm_broadcasts
    arr = np.asarray(msgs, dtype=np.float32).reshape(self.robot_num, self.attn_comm_msg_dim)
ValueError: cannot reshape array of size 32 into shape (10,32)
成功加载长度 10: 26 个图案。
初始化完成：内存中可用长度 -> [10]
[font-pattern][train] env_rank=81/199, length=10, name=C
Traceback (most recent call last):
  File "/home/wangdx_lab/cse12211818/.conda/envs/swE2/lib/python3.9/multiprocessing/process.py", line 315, in _bootstrap
    self.run()
  File "/home/wangdx_lab/cse12211818/.conda/envs/swE2/lib/python3.9/multiprocessing/process.py", line 108, in run
    self._target(*self._args, **self._kwargs)
  File "/home/wangdx_lab/cse12211818/MAPPO/envs/env_wrappers.py", line 177, in worker
    env.set_comm_broadcasts(data)
  File "/home/wangdx_lab/cse12211818/MAPPO/envs/env_discrete.py", line 166, in set_comm_broadcasts
    self.env.set_comm_broadcasts(msgs)
  File "/home/wangdx_lab/cse12211818/MAPPO/envs/env_core.py", line 680, in set_comm_broadcasts
    arr = np.asarray(msgs, dtype=np.float32).reshape(self.robot_num, self.attn_comm_msg_dim)
ValueError: cannot reshape array of size 32 into shape (10,32)
成功加载长度 10: 26 个图案。
初始化完成：内存中可用长度 -> [10]
[font-pattern][train] env_rank=108/199, length=10, name=S
Traceback (most recent call last):
  File "/home/wangdx_lab/cse12211818/.conda/envs/swE2/lib/python3.9/multiprocessing/process.py", line 315, in _bootstrap
    self.run()
  File "/home/wangdx_lab/cse12211818/.conda/envs/swE2/lib/python3.9/multiprocessing/process.py", line 108, in run
    self._target(*self._args, **self._kwargs)
  File "/home/wangdx_lab/cse12211818/MAPPO/envs/env_wrappers.py", line 177, in worker
    env.set_comm_broadcasts(data)
  File "/home/wangdx_lab/cse12211818/MAPPO/envs/env_discrete.py", line 166, in set_comm_broadcasts
    self.env.set_comm_broadcasts(msgs)
  File "/home/wangdx_lab/cse12211818/MAPPO/envs/env_core.py", line 680, in set_comm_broadcasts
    arr = np.asarray(msgs, dtype=np.float32).reshape(self.robot_num, self.attn_comm_msg_dim)
ValueError: cannot reshape array of size 32 into shape (10,32)
成功加载长度 10: 26 个图案。
初始化完成：内存中可用长度 -> [10]
[font-pattern][train] env_rank=123/199, length=10, name=Q
Traceback (most recent call last):
  File "/home/wangdx_lab/cse12211818/.conda/envs/swE2/lib/python3.9/multiprocessing/process.py", line 315, in _bootstrap
    self.run()
  File "/home/wangdx_lab/cse12211818/.conda/envs/swE2/lib/python3.9/multiprocessing/process.py", line 108, in run
    self._target(*self._args, **self._kwargs)
  File "/home/wangdx_lab/cse12211818/MAPPO/envs/env_wrappers.py", line 177, in worker
    env.set_comm_broadcasts(data)
  File "/home/wangdx_lab/cse12211818/MAPPO/envs/env_discrete.py", line 166, in set_comm_broadcasts
    self.env.set_comm_broadcasts(msgs)
  File "/home/wangdx_lab/cse12211818/MAPPO/envs/env_core.py", line 680, in set_comm_broadcasts
    arr = np.asarray(msgs, dtype=np.float32).reshape(self.robot_num, self.attn_comm_msg_dim)
ValueError: cannot reshape array of size 32 into shape (10,32)
成功加载长度 10: 26 个图案。
初始化完成：内存中可用长度 -> [10]
[font-pattern][train] env_rank=107/199, length=10, name=C
Traceback (most recent call last):
  File "/home/wangdx_lab/cse12211818/.conda/envs/swE2/lib/python3.9/multiprocessing/process.py", line 315, in _bootstrap
    self.run()
  File "/home/wangdx_lab/cse12211818/.conda/envs/swE2/lib/python3.9/multiprocessing/process.py", line 108, in run
    self._target(*self._args, **self._kwargs)
  File "/home/wangdx_lab/cse12211818/MAPPO/envs/env_wrappers.py", line 177, in worker
    env.set_comm_broadcasts(data)
  File "/home/wangdx_lab/cse12211818/MAPPO/envs/env_discrete.py", line 166, in set_comm_broadcasts
    self.env.set_comm_broadcasts(msgs)
  File "/home/wangdx_lab/cse12211818/MAPPO/envs/env_core.py", line 680, in set_comm_broadcasts
    arr = np.asarray(msgs, dtype=np.float32).reshape(self.robot_num, self.attn_comm_msg_dim)
ValueError: cannot reshape array of size 32 into shape (10,32)
成功加载长度 10: 26 个图案。
初始化完成：内存中可用长度 -> [10]
[font-pattern][train] env_rank=111/199, length=10, name=B
Traceback (most recent call last):
  File "/home/wangdx_lab/cse12211818/.conda/envs/swE2/lib/python3.9/multiprocessing/process.py", line 315, in _bootstrap
    self.run()
Traceback (most recent call last):
  File "/home/wangdx_lab/cse12211818/.conda/envs/swE2/lib/python3.9/multiprocessing/process.py", line 315, in _bootstrap
    self.run()
  File "/home/wangdx_lab/cse12211818/.conda/envs/swE2/lib/python3.9/multiprocessing/process.py", line 108, in run
    self._target(*self._args, **self._kwargs)
  File "/home/wangdx_lab/cse12211818/MAPPO/envs/env_wrappers.py", line 177, in worker
    env.set_comm_broadcasts(data)
  File "/home/wangdx_lab/cse12211818/MAPPO/envs/env_discrete.py", line 166, in set_comm_broadcasts
    self.env.set_comm_broadcasts(msgs)
  File "/home/wangdx_lab/cse12211818/MAPPO/envs/env_core.py", line 680, in set_comm_broadcasts
    arr = np.asarray(msgs, dtype=np.float32).reshape(self.robot_num, self.attn_comm_msg_dim)
ValueError: cannot reshape array of size 32 into shape (10,32)
成功加载长度 10: 26 个图案。
初始化完成：内存中可用长度 -> [10]
[font-pattern][train] env_rank=112/199, length=10, name=D
Traceback (most recent call last):
  File "/home/wangdx_lab/cse12211818/.conda/envs/swE2/lib/python3.9/multiprocessing/process.py", line 315, in _bootstrap
    self.run()
  File "/home/wangdx_lab/cse12211818/.conda/envs/swE2/lib/python3.9/multiprocessing/process.py", line 108, in run
    self._target(*self._args, **self._kwargs)
  File "/home/wangdx_lab/cse12211818/MAPPO/envs/env_wrappers.py", line 177, in worker
    env.set_comm_broadcasts(data)
  File "/home/wangdx_lab/cse12211818/MAPPO/envs/env_discrete.py", line 166, in set_comm_broadcasts
    self.env.set_comm_broadcasts(msgs)
  File "/home/wangdx_lab/cse12211818/MAPPO/envs/env_core.py", line 680, in set_comm_broadcasts
    arr = np.asarray(msgs, dtype=np.float32).reshape(self.robot_num, self.attn_comm_msg_dim)
ValueError: cannot reshape array of size 32 into shape (10,32)
成功加载长度 10: 26 个图案。
初始化完成：内存中可用长度 -> [10]
[font-pattern][train] env_rank=129/199, length=10, name=Z
Traceback (most recent call last):
  File "/home/wangdx_lab/cse12211818/.conda/envs/swE2/lib/python3.9/multiprocessing/process.py", line 315, in _bootstrap
    self.run()
  File "/home/wangdx_lab/cse12211818/.conda/envs/swE2/lib/python3.9/multiprocessing/process.py", line 108, in run
    self._target(*self._args, **self._kwargs)
  File "/home/wangdx_lab/cse12211818/MAPPO/envs/env_wrappers.py", line 177, in worker
    env.set_comm_broadcasts(data)
  File "/home/wangdx_lab/cse12211818/MAPPO/envs/env_discrete.py", line 166, in set_comm_broadcasts
    self.env.set_comm_broadcasts(msgs)
  File "/home/wangdx_lab/cse12211818/MAPPO/envs/env_core.py", line 680, in set_comm_broadcasts
    arr = np.asarray(msgs, dtype=np.float32).reshape(self.robot_num, self.attn_comm_msg_dim)
ValueError: cannot reshape array of size 32 into shape (10,32)
成功加载长度 10: 26 个图案。
初始化完成：内存中可用长度 -> [10]
[font-pattern][train] env_rank=88/199, length=10, name=G
Traceback (most recent call last):
  File "/home/wangdx_lab/cse12211818/.conda/envs/swE2/lib/python3.9/multiprocessing/process.py", line 315, in _bootstrap
    self.run()
  File "/home/wangdx_lab/cse12211818/.conda/envs/swE2/lib/python3.9/multiprocessing/process.py", line 108, in run
    self._target(*self._args, **self._kwargs)
  File "/home/wangdx_lab/cse12211818/MAPPO/envs/env_wrappers.py", line 177, in worker
    env.set_comm_broadcasts(data)
  File "/home/wangdx_lab/cse12211818/MAPPO/envs/env_discrete.py", line 166, in set_comm_broadcasts
    self.env.set_comm_broadcasts(msgs)
  File "/home/wangdx_lab/cse12211818/MAPPO/envs/env_core.py", line 680, in set_comm_broadcasts
    arr = np.asarray(msgs, dtype=np.float32).reshape(self.robot_num, self.attn_comm_msg_dim)
ValueError: cannot reshape array of size 32 into shape (10,32)
成功加载长度 10: 26 个图案。
初始化完成：内存中可用长度 -> [10]
[font-pattern][train] env_rank=66/199, length=10, name=L
Traceback (most recent call last):
  File "/home/wangdx_lab/cse12211818/.conda/envs/swE2/lib/python3.9/multiprocessing/process.py", line 315, in _bootstrap
    self.run()
  File "/home/wangdx_lab/cse12211818/.conda/envs/swE2/lib/python3.9/multiprocessing/process.py", line 108, in run
    self._target(*self._args, **self._kwargs)
  File "/home/wangdx_lab/cse12211818/MAPPO/envs/env_wrappers.py", line 177, in worker
    env.set_comm_broadcasts(data)
  File "/home/wangdx_lab/cse12211818/MAPPO/envs/env_discrete.py", line 166, in set_comm_broadcasts
    self.env.set_comm_broadcasts(msgs)
  File "/home/wangdx_lab/cse12211818/MAPPO/envs/env_core.py", line 680, in set_comm_broadcasts
    arr = np.asarray(msgs, dtype=np.float32).reshape(self.robot_num, self.attn_comm_msg_dim)
ValueError: cannot reshape array of size 32 into shape (10,32)
成功加载长度 10: 26 个图案。
初始化完成：内存中可用长度 -> [10]
[font-pattern][train] env_rank=97/199, length=10, name=Q
Traceback (most recent call last):
  File "/home/wangdx_lab/cse12211818/.conda/envs/swE2/lib/python3.9/multiprocessing/process.py", line 315, in _bootstrap
    self.run()
  File "/home/wangdx_lab/cse12211818/.conda/envs/swE2/lib/python3.9/multiprocessing/process.py", line 108, in run
    self._target(*self._args, **self._kwargs)
  File "/home/wangdx_lab/cse12211818/MAPPO/envs/env_wrappers.py", line 177, in worker
    env.set_comm_broadcasts(data)
  File "/home/wangdx_lab/cse12211818/MAPPO/envs/env_discrete.py", line 166, in set_comm_broadcasts
    self.env.set_comm_broadcasts(msgs)
  File "/home/wangdx_lab/cse12211818/MAPPO/envs/env_core.py", line 680, in set_comm_broadcasts
    arr = np.asarray(msgs, dtype=np.float32).reshape(self.robot_num, self.attn_comm_msg_dim)
ValueError: cannot reshape array of size 32 into shape (10,32)
成功加载长度 10: 26 个图案。
初始化完成：内存中可用长度 -> [10]
[font-pattern][train] env_rank=39/199, length=10, name=K
Traceback (most recent call last):
  File "/home/wangdx_lab/cse12211818/.conda/envs/swE2/lib/python3.9/multiprocessing/process.py", line 315, in _bootstrap
    self.run()
  File "/home/wangdx_lab/cse12211818/.conda/envs/swE2/lib/python3.9/multiprocessing/process.py", line 108, in run
    self._target(*self._args, **self._kwargs)
  File "/home/wangdx_lab/cse12211818/MAPPO/envs/env_wrappers.py", line 177, in worker
    env.set_comm_broadcasts(data)
  File "/home/wangdx_lab/cse12211818/MAPPO/envs/env_discrete.py", line 166, in set_comm_broadcasts
    self.env.set_comm_broadcasts(msgs)
  File "/home/wangdx_lab/cse12211818/MAPPO/envs/env_core.py", line 680, in set_comm_broadcasts
    arr = np.asarray(msgs, dtype=np.float32).reshape(self.robot_num, self.attn_comm_msg_dim)
ValueError: cannot reshape array of size 32 into shape (10,32)
成功加载长度 10: 26 个图案。
初始化完成：内存中可用长度 -> [10]
[font-pattern][train] env_rank=46/199, length=10, name=R
Traceback (most recent call last):
  File "/home/wangdx_lab/cse12211818/.conda/envs/swE2/lib/python3.9/multiprocessing/process.py", line 315, in _bootstrap
    self.run()
  File "/home/wangdx_lab/cse12211818/.conda/envs/swE2/lib/python3.9/multiprocessing/process.py", line 108, in run
    self._target(*self._args, **self._kwargs)
  File "/home/wangdx_lab/cse12211818/MAPPO/envs/env_wrappers.py", line 177, in worker
    env.set_comm_broadcasts(data)
  File "/home/wangdx_lab/cse12211818/MAPPO/envs/env_discrete.py", line 166, in set_comm_broadcasts
    self.env.set_comm_broadcasts(msgs)
  File "/home/wangdx_lab/cse12211818/MAPPO/envs/env_core.py", line 680, in set_comm_broadcasts
    arr = np.asarray(msgs, dtype=np.float32).reshape(self.robot_num, self.attn_comm_msg_dim)
ValueError: cannot reshape array of size 32 into shape (10,32)
成功加载长度 10: 26 个图案。
初始化完成：内存中可用长度 -> [10]
[font-pattern][train] env_rank=52/199, length=10, name=U
Traceback (most recent call last):
  File "/home/wangdx_lab/cse12211818/.conda/envs/swE2/lib/python3.9/multiprocessing/process.py", line 315, in _bootstrap
    self.run()
  File "/home/wangdx_lab/cse12211818/.conda/envs/swE2/lib/python3.9/multiprocessing/process.py", line 108, in run
    self._target(*self._args, **self._kwargs)
  File "/home/wangdx_lab/cse12211818/MAPPO/envs/env_wrappers.py", line 177, in worker
    env.set_comm_broadcasts(data)
  File "/home/wangdx_lab/cse12211818/MAPPO/envs/env_discrete.py", line 166, in set_comm_broadcasts
    self.env.set_comm_broadcasts(msgs)
  File "/home/wangdx_lab/cse12211818/MAPPO/envs/env_core.py", line 680, in set_comm_broadcasts
    arr = np.asarray(msgs, dtype=np.float32).reshape(self.robot_num, self.attn_comm_msg_dim)
ValueError: cannot reshape array of size 32 into shape (10,32)
成功加载长度 10: 26 个图案。
初始化完成：内存中可用长度 -> [10]
[font-pattern][train] env_rank=185/199, length=10, name=C
Traceback (most recent call last):
  File "/home/wangdx_lab/cse12211818/.conda/envs/swE2/lib/python3.9/multiprocessing/process.py", line 315, in _bootstrap
    self.run()
  File "/home/wangdx_lab/cse12211818/.conda/envs/swE2/lib/python3.9/multiprocessing/process.py", line 108, in run
    self._target(*self._args, **self._kwargs)
  File "/home/wangdx_lab/cse12211818/MAPPO/envs/env_wrappers.py", line 177, in worker
    env.set_comm_broadcasts(data)
  File "/home/wangdx_lab/cse12211818/MAPPO/envs/env_discrete.py", line 166, in set_comm_broadcasts
    self.env.set_comm_broadcasts(msgs)
  File "/home/wangdx_lab/cse12211818/MAPPO/envs/env_core.py", line 680, in set_comm_broadcasts
    arr = np.asarray(msgs, dtype=np.float32).reshape(self.robot_num, self.attn_comm_msg_dim)
ValueError: cannot reshape array of size 32 into shape (10,32)
成功加载长度 10: 26 个图案。
初始化完成：内存中可用长度 -> [10]
[font-pattern][train] env_rank=90/199, length=10, name=J
Traceback (most recent call last):
  File "/home/wangdx_lab/cse12211818/.conda/envs/swE2/lib/python3.9/multiprocessing/process.py", line 315, in _bootstrap
    self.run()
  File "/home/wangdx_lab/cse12211818/.conda/envs/swE2/lib/python3.9/multiprocessing/process.py", line 108, in run
    self._target(*self._args, **self._kwargs)
  File "/home/wangdx_lab/cse12211818/MAPPO/envs/env_wrappers.py", line 177, in worker
    env.set_comm_broadcasts(data)
  File "/home/wangdx_lab/cse12211818/MAPPO/envs/env_discrete.py", line 166, in set_comm_broadcasts
    self.env.set_comm_broadcasts(msgs)
  File "/home/wangdx_lab/cse12211818/MAPPO/envs/env_core.py", line 680, in set_comm_broadcasts
    arr = np.asarray(msgs, dtype=np.float32).reshape(self.robot_num, self.attn_comm_msg_dim)
ValueError: cannot reshape array of size 32 into shape (10,32)
成功加载长度 10: 26 个图案。
初始化完成：内存中可用长度 -> [10]
[font-pattern][train] env_rank=142/199, length=10, name=J
Traceback (most recent call last):
  File "/home/wangdx_lab/cse12211818/.conda/envs/swE2/lib/python3.9/multiprocessing/process.py", line 315, in _bootstrap
    self.run()
  File "/home/wangdx_lab/cse12211818/.conda/envs/swE2/lib/python3.9/multiprocessing/process.py", line 108, in run
    self._target(*self._args, **self._kwargs)
  File "/home/wangdx_lab/cse12211818/MAPPO/envs/env_wrappers.py", line 177, in worker
    env.set_comm_broadcasts(data)
  File "/home/wangdx_lab/cse12211818/MAPPO/envs/env_discrete.py", line 166, in set_comm_broadcasts
    self.env.set_comm_broadcasts(msgs)
  File "/home/wangdx_lab/cse12211818/MAPPO/envs/env_core.py", line 680, in set_comm_broadcasts
    arr = np.asarray(msgs, dtype=np.float32).reshape(self.robot_num, self.attn_comm_msg_dim)
ValueError: cannot reshape array of size 32 into shape (10,32)
成功加载长度 10: 26 个图案。
初始化完成：内存中可用长度 -> [10]
[font-pattern][train] env_rank=186/199, length=10, name=S
Traceback (most recent call last):
  File "/home/wangdx_lab/cse12211818/.conda/envs/swE2/lib/python3.9/multiprocessing/process.py", line 315, in _bootstrap
    self.run()
  File "/home/wangdx_lab/cse12211818/.conda/envs/swE2/lib/python3.9/multiprocessing/process.py", line 108, in run
    self._target(*self._args, **self._kwargs)
  File "/home/wangdx_lab/cse12211818/MAPPO/envs/env_wrappers.py", line 177, in worker
    env.set_comm_broadcasts(data)
  File "/home/wangdx_lab/cse12211818/MAPPO/envs/env_discrete.py", line 166, in set_comm_broadcasts
    self.env.set_comm_broadcasts(msgs)
  File "/home/wangdx_lab/cse12211818/MAPPO/envs/env_core.py", line 680, in set_comm_broadcasts
    arr = np.asarray(msgs, dtype=np.float32).reshape(self.robot_num, self.attn_comm_msg_dim)
ValueError: cannot reshape array of size 32 into shape (10,32)
成功加载长度 10: 26 个图案。
初始化完成：内存中可用长度 -> [10]
[font-pattern][train] env_rank=77/199, length=10, name=Z
Traceback (most recent call last):
  File "/home/wangdx_lab/cse12211818/.conda/envs/swE2/lib/python3.9/multiprocessing/process.py", line 315, in _bootstrap
    self.run()
  File "/home/wangdx_lab/cse12211818/.conda/envs/swE2/lib/python3.9/multiprocessing/process.py", line 108, in run
    self._target(*self._args, **self._kwargs)
  File "/home/wangdx_lab/cse12211818/MAPPO/envs/env_wrappers.py", line 177, in worker
    env.set_comm_broadcasts(data)
  File "/home/wangdx_lab/cse12211818/MAPPO/envs/env_discrete.py", line 166, in set_comm_broadcasts
    self.env.set_comm_broadcasts(msgs)
  File "/home/wangdx_lab/cse12211818/MAPPO/envs/env_core.py", line 680, in set_comm_broadcasts
    arr = np.asarray(msgs, dtype=np.float32).reshape(self.robot_num, self.attn_comm_msg_dim)
ValueError: cannot reshape array of size 32 into shape (10,32)
成功加载长度 10: 26 个图案。
初始化完成：内存中可用长度 -> [10]
[font-pattern][train] env_rank=116/199, length=10, name=J
Traceback (most recent call last):
  File "/home/wangdx_lab/cse12211818/.conda/envs/swE2/lib/python3.9/multiprocessing/process.py", line 315, in _bootstrap
    self.run()
  File "/home/wangdx_lab/cse12211818/.conda/envs/swE2/lib/python3.9/multiprocessing/process.py", line 108, in run
    self._target(*self._args, **self._kwargs)
  File "/home/wangdx_lab/cse12211818/MAPPO/envs/env_wrappers.py", line 177, in worker
    env.set_comm_broadcasts(data)
  File "/home/wangdx_lab/cse12211818/MAPPO/envs/env_discrete.py", line 166, in set_comm_broadcasts
    self.env.set_comm_broadcasts(msgs)
  File "/home/wangdx_lab/cse12211818/MAPPO/envs/env_core.py", line 680, in set_comm_broadcasts
    arr = np.asarray(msgs, dtype=np.float32).reshape(self.robot_num, self.attn_comm_msg_dim)
ValueError: cannot reshape array of size 32 into shape (10,32)
成功加载长度 10: 26 个图案。
初始化完成：内存中可用长度 -> [10]
[font-pattern][train] env_rank=19/199, length=10, name=Q
Traceback (most recent call last):
  File "/home/wangdx_lab/cse12211818/.conda/envs/swE2/lib/python3.9/multiprocessing/process.py", line 315, in _bootstrap
    self.run()
  File "/home/wangdx_lab/cse12211818/.conda/envs/swE2/lib/python3.9/multiprocessing/process.py", line 108, in run
    self._target(*self._args, **self._kwargs)
  File "/home/wangdx_lab/cse12211818/MAPPO/envs/env_wrappers.py", line 177, in worker
    env.set_comm_broadcasts(data)
  File "/home/wangdx_lab/cse12211818/MAPPO/envs/env_discrete.py", line 166, in set_comm_broadcasts
    self.env.set_comm_broadcasts(msgs)
  File "/home/wangdx_lab/cse12211818/MAPPO/envs/env_core.py", line 680, in set_comm_broadcasts
    arr = np.asarray(msgs, dtype=np.float32).reshape(self.robot_num, self.attn_comm_msg_dim)
ValueError: cannot reshape array of size 32 into shape (10,32)
成功加载长度 10: 26 个图案。
初始化完成：内存中可用长度 -> [10]
[font-pattern][train] env_rank=91/199, length=10, name=K
Traceback (most recent call last):
  File "/home/wangdx_lab/cse12211818/.conda/envs/swE2/lib/python3.9/multiprocessing/process.py", line 315, in _bootstrap
    self.run()
  File "/home/wangdx_lab/cse12211818/.conda/envs/swE2/lib/python3.9/multiprocessing/process.py", line 108, in run
    self._target(*self._args, **self._kwargs)
  File "/home/wangdx_lab/cse12211818/MAPPO/envs/env_wrappers.py", line 177, in worker
    env.set_comm_broadcasts(data)
  File "/home/wangdx_lab/cse12211818/MAPPO/envs/env_discrete.py", line 166, in set_comm_broadcasts
    self.env.set_comm_broadcasts(msgs)
  File "/home/wangdx_lab/cse12211818/MAPPO/envs/env_core.py", line 680, in set_comm_broadcasts
    arr = np.asarray(msgs, dtype=np.float32).reshape(self.robot_num, self.attn_comm_msg_dim)
ValueError: cannot reshape array of size 32 into shape (10,32)
成功加载长度 10: 26 个图案。
初始化完成：内存中可用长度 -> [10]
[font-pattern][train] env_rank=140/199, length=10, name=G
Traceback (most recent call last):
  File "/home/wangdx_lab/cse12211818/.conda/envs/swE2/lib/python3.9/multiprocessing/process.py", line 315, in _bootstrap
    self.run()
  File "/home/wangdx_lab/cse12211818/.conda/envs/swE2/lib/python3.9/multiprocessing/process.py", line 108, in run
    self._target(*self._args, **self._kwargs)
  File "/home/wangdx_lab/cse12211818/MAPPO/envs/env_wrappers.py", line 177, in worker
    env.set_comm_broadcasts(data)
  File "/home/wangdx_lab/cse12211818/MAPPO/envs/env_discrete.py", line 166, in set_comm_broadcasts
    self.env.set_comm_broadcasts(msgs)
  File "/home/wangdx_lab/cse12211818/MAPPO/envs/env_core.py", line 680, in set_comm_broadcasts
    arr = np.asarray(msgs, dtype=np.float32).reshape(self.robot_num, self.attn_comm_msg_dim)
ValueError: cannot reshape array of size 32 into shape (10,32)
成功加载长度 10: 26 个图案。
初始化完成：内存中可用长度 -> [10]
[font-pattern][train] env_rank=198/199, length=10, name=N
Traceback (most recent call last):
  File "/home/wangdx_lab/cse12211818/.conda/envs/swE2/lib/python3.9/multiprocessing/process.py", line 315, in _bootstrap
    self.run()
  File "/home/wangdx_lab/cse12211818/.conda/envs/swE2/lib/python3.9/multiprocessing/process.py", line 108, in run
    self._target(*self._args, **self._kwargs)
  File "/home/wangdx_lab/cse12211818/MAPPO/envs/env_wrappers.py", line 177, in worker
    env.set_comm_broadcasts(data)
  File "/home/wangdx_lab/cse12211818/MAPPO/envs/env_discrete.py", line 166, in set_comm_broadcasts
    self.env.set_comm_broadcasts(msgs)
  File "/home/wangdx_lab/cse12211818/MAPPO/envs/env_core.py", line 680, in set_comm_broadcasts
    arr = np.asarray(msgs, dtype=np.float32).reshape(self.robot_num, self.attn_comm_msg_dim)
ValueError: cannot reshape array of size 32 into shape (10,32)
成功加载长度 10: 26 个图案。
初始化完成：内存中可用长度 -> [10]
[font-pattern][train] env_rank=71/199, length=10, name=Q
Traceback (most recent call last):
  File "/home/wangdx_lab/cse12211818/.conda/envs/swE2/lib/python3.9/multiprocessing/process.py", line 315, in _bootstrap
    self.run()
  File "/home/wangdx_lab/cse12211818/.conda/envs/swE2/lib/python3.9/multiprocessing/process.py", line 108, in run
    self._target(*self._args, **self._kwargs)
  File "/home/wangdx_lab/cse12211818/MAPPO/envs/env_wrappers.py", line 177, in worker
    env.set_comm_broadcasts(data)
  File "/home/wangdx_lab/cse12211818/MAPPO/envs/env_discrete.py", line 166, in set_comm_broadcasts
    self.env.set_comm_broadcasts(msgs)
  File "/home/wangdx_lab/cse12211818/MAPPO/envs/env_core.py", line 680, in set_comm_broadcasts
    arr = np.asarray(msgs, dtype=np.float32).reshape(self.robot_num, self.attn_comm_msg_dim)
ValueError: cannot reshape array of size 32 into shape (10,32)
成功加载长度 10: 26 个图案。
初始化完成：内存中可用长度 -> [10]
[font-pattern][train] env_rank=51/199, length=10, name=Z
Traceback (most recent call last):
  File "/home/wangdx_lab/cse12211818/.conda/envs/swE2/lib/python3.9/multiprocessing/process.py", line 315, in _bootstrap
    self.run()
  File "/home/wangdx_lab/cse12211818/.conda/envs/swE2/lib/python3.9/multiprocessing/process.py", line 108, in run
    self._target(*self._args, **self._kwargs)
  File "/home/wangdx_lab/cse12211818/MAPPO/envs/env_wrappers.py", line 177, in worker
    env.set_comm_broadcasts(data)
  File "/home/wangdx_lab/cse12211818/MAPPO/envs/env_discrete.py", line 166, in set_comm_broadcasts
    self.env.set_comm_broadcasts(msgs)
  File "/home/wangdx_lab/cse12211818/MAPPO/envs/env_core.py", line 680, in set_comm_broadcasts
    arr = np.asarray(msgs, dtype=np.float32).reshape(self.robot_num, self.attn_comm_msg_dim)
ValueError: cannot reshape array of size 32 into shape (10,32)
成功加载长度 10: 26 个图案。
初始化完成：内存中可用长度 -> [10]
[font-pattern][train] env_rank=149/199, length=10, name=Q
Traceback (most recent call last):
  File "/home/wangdx_lab/cse12211818/.conda/envs/swE2/lib/python3.9/multiprocessing/process.py", line 315, in _bootstrap
    self.run()
  File "/home/wangdx_lab/cse12211818/.conda/envs/swE2/lib/python3.9/multiprocessing/process.py", line 108, in run
    self._target(*self._args, **self._kwargs)
  File "/home/wangdx_lab/cse12211818/MAPPO/envs/env_wrappers.py", line 177, in worker
    env.set_comm_broadcasts(data)
  File "/home/wangdx_lab/cse12211818/MAPPO/envs/env_discrete.py", line 166, in set_comm_broadcasts
    self.env.set_comm_broadcasts(msgs)
  File "/home/wangdx_lab/cse12211818/MAPPO/envs/env_core.py", line 680, in set_comm_broadcasts
    arr = np.asarray(msgs, dtype=np.float32).reshape(self.robot_num, self.attn_comm_msg_dim)
ValueError: cannot reshape array of size 32 into shape (10,32)
成功加载长度 10: 26 个图案。
初始化完成：内存中可用长度 -> [10]
[font-pattern][train] env_rank=190/199, length=10, name=D
Traceback (most recent call last):
  File "/home/wangdx_lab/cse12211818/.conda/envs/swE2/lib/python3.9/multiprocessing/process.py", line 315, in _bootstrap
    self.run()
  File "/home/wangdx_lab/cse12211818/.conda/envs/swE2/lib/python3.9/multiprocessing/process.py", line 108, in run
    self._target(*self._args, **self._kwargs)
  File "/home/wangdx_lab/cse12211818/MAPPO/envs/env_wrappers.py", line 177, in worker
    env.set_comm_broadcasts(data)
  File "/home/wangdx_lab/cse12211818/MAPPO/envs/env_discrete.py", line 166, in set_comm_broadcasts
    self.env.set_comm_broadcasts(msgs)
  File "/home/wangdx_lab/cse12211818/MAPPO/envs/env_core.py", line 680, in set_comm_broadcasts
    arr = np.asarray(msgs, dtype=np.float32).reshape(self.robot_num, self.attn_comm_msg_dim)
ValueError: cannot reshape array of size 32 into shape (10,32)
成功加载长度 10: 26 个图案。
初始化完成：内存中可用长度 -> [10]
[font-pattern][train] env_rank=43/199, length=10, name=O
Traceback (most recent call last):
  File "/home/wangdx_lab/cse12211818/.conda/envs/swE2/lib/python3.9/multiprocessing/process.py", line 315, in _bootstrap
    self.run()
  File "/home/wangdx_lab/cse12211818/.conda/envs/swE2/lib/python3.9/multiprocessing/process.py", line 108, in run
    self._target(*self._args, **self._kwargs)
  File "/home/wangdx_lab/cse12211818/MAPPO/envs/env_wrappers.py", line 177, in worker
    env.set_comm_broadcasts(data)
  File "/home/wangdx_lab/cse12211818/MAPPO/envs/env_discrete.py", line 166, in set_comm_broadcasts
    self.env.set_comm_broadcasts(msgs)
  File "/home/wangdx_lab/cse12211818/MAPPO/envs/env_core.py", line 680, in set_comm_broadcasts
    arr = np.asarray(msgs, dtype=np.float32).reshape(self.robot_num, self.attn_comm_msg_dim)
ValueError: cannot reshape array of size 32 into shape (10,32)
成功加载长度 10: 26 个图案。
初始化完成：内存中可用长度 -> [10]
[font-pattern][train] env_rank=0/199, length=10, name=U
Traceback (most recent call last):
  File "/home/wangdx_lab/cse12211818/.conda/envs/swE2/lib/python3.9/multiprocessing/process.py", line 315, in _bootstrap
    self.run()
  File "/home/wangdx_lab/cse12211818/.conda/envs/swE2/lib/python3.9/multiprocessing/process.py", line 108, in run
    self._target(*self._args, **self._kwargs)
  File "/home/wangdx_lab/cse12211818/MAPPO/envs/env_wrappers.py", line 177, in worker
    env.set_comm_broadcasts(data)
  File "/home/wangdx_lab/cse12211818/MAPPO/envs/env_discrete.py", line 166, in set_comm_broadcasts
    self.env.set_comm_broadcasts(msgs)
  File "/home/wangdx_lab/cse12211818/MAPPO/envs/env_core.py", line 680, in set_comm_broadcasts
    arr = np.asarray(msgs, dtype=np.float32).reshape(self.robot_num, self.attn_comm_msg_dim)
ValueError: cannot reshape array of size 32 into shape (10,32)
成功加载长度 10: 26 个图案。
初始化完成：内存中可用长度 -> [10]
[font-pattern][train] env_rank=28/199, length=10, name=E
Traceback (most recent call last):
  File "/home/wangdx_lab/cse12211818/.conda/envs/swE2/lib/python3.9/multiprocessing/process.py", line 315, in _bootstrap
    self.run()
  File "/home/wangdx_lab/cse12211818/.conda/envs/swE2/lib/python3.9/multiprocessing/process.py", line 108, in run
    self._target(*self._args, **self._kwargs)
  File "/home/wangdx_lab/cse12211818/MAPPO/envs/env_wrappers.py", line 177, in worker
    env.set_comm_broadcasts(data)
  File "/home/wangdx_lab/cse12211818/MAPPO/envs/env_discrete.py", line 166, in set_comm_broadcasts
    self.env.set_comm_broadcasts(msgs)
  File "/home/wangdx_lab/cse12211818/MAPPO/envs/env_core.py", line 680, in set_comm_broadcasts
    arr = np.asarray(msgs, dtype=np.float32).reshape(self.robot_num, self.attn_comm_msg_dim)
ValueError: cannot reshape array of size 32 into shape (10,32)
成功加载长度 10: 26 个图案。
初始化完成：内存中可用长度 -> [10]
[font-pattern][train] env_rank=26/199, length=10, name=U
Traceback (most recent call last):
  File "/home/wangdx_lab/cse12211818/.conda/envs/swE2/lib/python3.9/multiprocessing/process.py", line 315, in _bootstrap
    self.run()
  File "/home/wangdx_lab/cse12211818/.conda/envs/swE2/lib/python3.9/multiprocessing/process.py", line 108, in run
    self._target(*self._args, **self._kwargs)
  File "/home/wangdx_lab/cse12211818/MAPPO/envs/env_wrappers.py", line 177, in worker
    env.set_comm_broadcasts(data)
  File "/home/wangdx_lab/cse12211818/MAPPO/envs/env_discrete.py", line 166, in set_comm_broadcasts
    self.env.set_comm_broadcasts(msgs)
  File "/home/wangdx_lab/cse12211818/MAPPO/envs/env_core.py", line 680, in set_comm_broadcasts
    arr = np.asarray(msgs, dtype=np.float32).reshape(self.robot_num, self.attn_comm_msg_dim)
ValueError: cannot reshape array of size 32 into shape (10,32)
成功加载长度 10: 26 个图案。
初始化完成：内存中可用长度 -> [10]
[font-pattern][train] env_rank=16/199, length=10, name=N
Traceback (most recent call last):
  File "/home/wangdx_lab/cse12211818/.conda/envs/swE2/lib/python3.9/multiprocessing/process.py", line 315, in _bootstrap
    self.run()
  File "/home/wangdx_lab/cse12211818/.conda/envs/swE2/lib/python3.9/multiprocessing/process.py", line 108, in run
    self._target(*self._args, **self._kwargs)
  File "/home/wangdx_lab/cse12211818/MAPPO/envs/env_wrappers.py", line 177, in worker
    env.set_comm_broadcasts(data)
  File "/home/wangdx_lab/cse12211818/MAPPO/envs/env_discrete.py", line 166, in set_comm_broadcasts
    self.env.set_comm_broadcasts(msgs)
  File "/home/wangdx_lab/cse12211818/MAPPO/envs/env_core.py", line 680, in set_comm_broadcasts
    arr = np.asarray(msgs, dtype=np.float32).reshape(self.robot_num, self.attn_comm_msg_dim)
ValueError: cannot reshape array of size 32 into shape (10,32)
成功加载长度 10: 26 个图案。
初始化完成：内存中可用长度 -> [10]
[font-pattern][train] env_rank=42/199, length=10, name=N
Traceback (most recent call last):
  File "/home/wangdx_lab/cse12211818/.conda/envs/swE2/lib/python3.9/multiprocessing/process.py", line 315, in _bootstrap
    self.run()
  File "/home/wangdx_lab/cse12211818/.conda/envs/swE2/lib/python3.9/multiprocessing/process.py", line 108, in run
    self._target(*self._args, **self._kwargs)
  File "/home/wangdx_lab/cse12211818/MAPPO/envs/env_wrappers.py", line 177, in worker
    env.set_comm_broadcasts(data)
  File "/home/wangdx_lab/cse12211818/MAPPO/envs/env_discrete.py", line 166, in set_comm_broadcasts
    self.env.set_comm_broadcasts(msgs)
  File "/home/wangdx_lab/cse12211818/MAPPO/envs/env_core.py", line 680, in set_comm_broadcasts
    arr = np.asarray(msgs, dtype=np.float32).reshape(self.robot_num, self.attn_comm_msg_dim)
ValueError: cannot reshape array of size 32 into shape (10,32)
成功加载长度 10: 26 个图案。
初始化完成：内存中可用长度 -> [10]
[font-pattern][train] env_rank=17/199, length=10, name=O
Traceback (most recent call last):
  File "/home/wangdx_lab/cse12211818/.conda/envs/swE2/lib/python3.9/multiprocessing/process.py", line 315, in _bootstrap
    self.run()
  File "/home/wangdx_lab/cse12211818/.conda/envs/swE2/lib/python3.9/multiprocessing/process.py", line 108, in run
    self._target(*self._args, **self._kwargs)
  File "/home/wangdx_lab/cse12211818/MAPPO/envs/env_wrappers.py", line 177, in worker
    env.set_comm_broadcasts(data)
  File "/home/wangdx_lab/cse12211818/MAPPO/envs/env_discrete.py", line 166, in set_comm_broadcasts
    self.env.set_comm_broadcasts(msgs)
  File "/home/wangdx_lab/cse12211818/MAPPO/envs/env_core.py", line 680, in set_comm_broadcasts
    arr = np.asarray(msgs, dtype=np.float32).reshape(self.robot_num, self.attn_comm_msg_dim)
ValueError: cannot reshape array of size 32 into shape (10,32)
成功加载长度 10: 26 个图案。
初始化完成：内存中可用长度 -> [10]
[font-pattern][train] env_rank=83/199, length=10, name=H
Traceback (most recent call last):
  File "/home/wangdx_lab/cse12211818/.conda/envs/swE2/lib/python3.9/multiprocessing/process.py", line 315, in _bootstrap
    self.run()
  File "/home/wangdx_lab/cse12211818/.conda/envs/swE2/lib/python3.9/multiprocessing/process.py", line 108, in run
    self._target(*self._args, **self._kwargs)
  File "/home/wangdx_lab/cse12211818/MAPPO/envs/env_wrappers.py", line 177, in worker
    env.set_comm_broadcasts(data)
  File "/home/wangdx_lab/cse12211818/MAPPO/envs/env_discrete.py", line 166, in set_comm_broadcasts
    self.env.set_comm_broadcasts(msgs)
  File "/home/wangdx_lab/cse12211818/MAPPO/envs/env_core.py", line 680, in set_comm_broadcasts
    arr = np.asarray(msgs, dtype=np.float32).reshape(self.robot_num, self.attn_comm_msg_dim)
ValueError: cannot reshape array of size 32 into shape (10,32)
成功加载长度 10: 26 个图案。
初始化完成：内存中可用长度 -> [10]
[font-pattern][train] env_rank=55/199, length=10, name=C
Traceback (most recent call last):
  File "/home/wangdx_lab/cse12211818/.conda/envs/swE2/lib/python3.9/multiprocessing/process.py", line 315, in _bootstrap
    self.run()
  File "/home/wangdx_lab/cse12211818/.conda/envs/swE2/lib/python3.9/multiprocessing/process.py", line 108, in run
    self._target(*self._args, **self._kwargs)
  File "/home/wangdx_lab/cse12211818/MAPPO/envs/env_wrappers.py", line 177, in worker
    env.set_comm_broadcasts(data)
  File "/home/wangdx_lab/cse12211818/MAPPO/envs/env_discrete.py", line 166, in set_comm_broadcasts
    self.env.set_comm_broadcasts(msgs)
  File "/home/wangdx_lab/cse12211818/MAPPO/envs/env_core.py", line 680, in set_comm_broadcasts
    arr = np.asarray(msgs, dtype=np.float32).reshape(self.robot_num, self.attn_comm_msg_dim)
ValueError: cannot reshape array of size 32 into shape (10,32)
成功加载长度 10: 26 个图案。
初始化完成：内存中可用长度 -> [10]
[font-pattern][train] env_rank=80/199, length=10, name=E
Traceback (most recent call last):
  File "/home/wangdx_lab/cse12211818/.conda/envs/swE2/lib/python3.9/multiprocessing/process.py", line 315, in _bootstrap
    self.run()
  File "/home/wangdx_lab/cse12211818/.conda/envs/swE2/lib/python3.9/multiprocessing/process.py", line 108, in run
    self._target(*self._args, **self._kwargs)
  File "/home/wangdx_lab/cse12211818/MAPPO/envs/env_wrappers.py", line 177, in worker
    env.set_comm_broadcasts(data)
  File "/home/wangdx_lab/cse12211818/MAPPO/envs/env_discrete.py", line 166, in set_comm_broadcasts
    self.env.set_comm_broadcasts(msgs)
  File "/home/wangdx_lab/cse12211818/MAPPO/envs/env_core.py", line 680, in set_comm_broadcasts
    arr = np.asarray(msgs, dtype=np.float32).reshape(self.robot_num, self.attn_comm_msg_dim)
ValueError: cannot reshape array of size 32 into shape (10,32)
成功加载长度 10: 26 个图案。
初始化完成：内存中可用长度 -> [10]
[font-pattern][train] env_rank=192/199, length=10, name=G
Traceback (most recent call last):
  File "/home/wangdx_lab/cse12211818/.conda/envs/swE2/lib/python3.9/multiprocessing/process.py", line 315, in _bootstrap
    self.run()
  File "/home/wangdx_lab/cse12211818/.conda/envs/swE2/lib/python3.9/multiprocessing/process.py", line 108, in run
    self._target(*self._args, **self._kwargs)
  File "/home/wangdx_lab/cse12211818/MAPPO/envs/env_wrappers.py", line 177, in worker
    env.set_comm_broadcasts(data)
  File "/home/wangdx_lab/cse12211818/MAPPO/envs/env_discrete.py", line 166, in set_comm_broadcasts
    self.env.set_comm_broadcasts(msgs)
  File "/home/wangdx_lab/cse12211818/MAPPO/envs/env_core.py", line 680, in set_comm_broadcasts
    arr = np.asarray(msgs, dtype=np.float32).reshape(self.robot_num, self.attn_comm_msg_dim)
ValueError: cannot reshape array of size 32 into shape (10,32)
成功加载长度 10: 26 个图案。
初始化完成：内存中可用长度 -> [10]
[font-pattern][train] env_rank=44/199, length=10, name=P
Traceback (most recent call last):
  File "/home/wangdx_lab/cse12211818/.conda/envs/swE2/lib/python3.9/multiprocessing/process.py", line 315, in _bootstrap
    self.run()
  File "/home/wangdx_lab/cse12211818/.conda/envs/swE2/lib/python3.9/multiprocessing/process.py", line 108, in run
    self._target(*self._args, **self._kwargs)
  File "/home/wangdx_lab/cse12211818/MAPPO/envs/env_wrappers.py", line 177, in worker
    env.set_comm_broadcasts(data)
  File "/home/wangdx_lab/cse12211818/MAPPO/envs/env_discrete.py", line 166, in set_comm_broadcasts
    self.env.set_comm_broadcasts(msgs)
  File "/home/wangdx_lab/cse12211818/MAPPO/envs/env_core.py", line 680, in set_comm_broadcasts
    arr = np.asarray(msgs, dtype=np.float32).reshape(self.robot_num, self.attn_comm_msg_dim)
ValueError: cannot reshape array of size 32 into shape (10,32)
Traceback (most recent call last):
  File "/home/wangdx_lab/cse12211818/.conda/envs/swE2/lib/python3.9/multiprocessing/process.py", line 315, in _bootstrap
    self.run()
  File "/home/wangdx_lab/cse12211818/.conda/envs/swE2/lib/python3.9/multiprocessing/process.py", line 108, in run
    self._target(*self._args, **self._kwargs)
  File "/home/wangdx_lab/cse12211818/MAPPO/envs/env_wrappers.py", line 177, in worker
    env.set_comm_broadcasts(data)
  File "/home/wangdx_lab/cse12211818/MAPPO/envs/env_discrete.py", line 166, in set_comm_broadcasts
    self.env.set_comm_broadcasts(msgs)
  File "/home/wangdx_lab/cse12211818/MAPPO/envs/env_core.py", line 680, in set_comm_broadcasts
    arr = np.asarray(msgs, dtype=np.float32).reshape(self.robot_num, self.attn_comm_msg_dim)
ValueError: cannot reshape array of size 32 into shape (10,32)
成功加载长度 10: 26 个图案。
初始化完成：内存中可用长度 -> [10]
[font-pattern][train] env_rank=113/199, length=10, name=F
成功加载长度 10: 26 个图案。
初始化完成：内存中可用长度 -> [10]
[font-pattern][train] env_rank=20/199, length=10, name=R
Traceback (most recent call last):
  File "/home/wangdx_lab/cse12211818/.conda/envs/swE2/lib/python3.9/multiprocessing/process.py", line 315, in _bootstrap
    self.run()
  File "/home/wangdx_lab/cse12211818/.conda/envs/swE2/lib/python3.9/multiprocessing/process.py", line 108, in run
    self._target(*self._args, **self._kwargs)
  File "/home/wangdx_lab/cse12211818/MAPPO/envs/env_wrappers.py", line 177, in worker
    env.set_comm_broadcasts(data)
  File "/home/wangdx_lab/cse12211818/MAPPO/envs/env_discrete.py", line 166, in set_comm_broadcasts
    self.env.set_comm_broadcasts(msgs)
  File "/home/wangdx_lab/cse12211818/MAPPO/envs/env_core.py", line 680, in set_comm_broadcasts
    arr = np.asarray(msgs, dtype=np.float32).reshape(self.robot_num, self.attn_comm_msg_dim)
ValueError: cannot reshape array of size 32 into shape (10,32)
成功加载长度 10: 26 个图案。
初始化完成：内存中可用长度 -> [10]
[font-pattern][train] env_rank=199/199, length=10, name=O
Traceback (most recent call last):
  File "/home/wangdx_lab/cse12211818/.conda/envs/swE2/lib/python3.9/multiprocessing/process.py", line 315, in _bootstrap
    self.run()
  File "/home/wangdx_lab/cse12211818/.conda/envs/swE2/lib/python3.9/multiprocessing/process.py", line 108, in run
    self._target(*self._args, **self._kwargs)
  File "/home/wangdx_lab/cse12211818/MAPPO/envs/env_wrappers.py", line 177, in worker
    env.set_comm_broadcasts(data)
  File "/home/wangdx_lab/cse12211818/MAPPO/envs/env_discrete.py", line 166, in set_comm_broadcasts
    self.env.set_comm_broadcasts(msgs)
  File "/home/wangdx_lab/cse12211818/MAPPO/envs/env_core.py", line 680, in set_comm_broadcasts
    arr = np.asarray(msgs, dtype=np.float32).reshape(self.robot_num, self.attn_comm_msg_dim)
ValueError: cannot reshape array of size 32 into shape (10,32)
成功加载长度 10: 26 个图案。
初始化完成：内存中可用长度 -> [10]
[font-pattern][train] env_rank=138/199, length=10, name=D
Traceback (most recent call last):
  File "/home/wangdx_lab/cse12211818/.conda/envs/swE2/lib/python3.9/multiprocessing/process.py", line 315, in _bootstrap
    self.run()
  File "/home/wangdx_lab/cse12211818/.conda/envs/swE2/lib/python3.9/multiprocessing/process.py", line 108, in run
    self._target(*self._args, **self._kwargs)
  File "/home/wangdx_lab/cse12211818/MAPPO/envs/env_wrappers.py", line 177, in worker
    env.set_comm_broadcasts(data)
  File "/home/wangdx_lab/cse12211818/MAPPO/envs/env_discrete.py", line 166, in set_comm_broadcasts
    self.env.set_comm_broadcasts(msgs)
  File "/home/wangdx_lab/cse12211818/MAPPO/envs/env_core.py", line 680, in set_comm_broadcasts
    arr = np.asarray(msgs, dtype=np.float32).reshape(self.robot_num, self.attn_comm_msg_dim)
ValueError: cannot reshape array of size 32 into shape (10,32)
成功加载长度 10: 26 个图案。
初始化完成：内存中可用长度 -> [10]
[font-pattern][train] env_rank=57/199, length=10, name=H
Traceback (most recent call last):
  File "/home/wangdx_lab/cse12211818/.conda/envs/swE2/lib/python3.9/multiprocessing/process.py", line 315, in _bootstrap
    self.run()
  File "/home/wangdx_lab/cse12211818/.conda/envs/swE2/lib/python3.9/multiprocessing/process.py", line 108, in run
    self._target(*self._args, **self._kwargs)
  File "/home/wangdx_lab/cse12211818/MAPPO/envs/env_wrappers.py", line 177, in worker
    env.set_comm_broadcasts(data)
  File "/home/wangdx_lab/cse12211818/MAPPO/envs/env_discrete.py", line 166, in set_comm_broadcasts
    self.env.set_comm_broadcasts(msgs)
  File "/home/wangdx_lab/cse12211818/MAPPO/envs/env_core.py", line 680, in set_comm_broadcasts
    arr = np.asarray(msgs, dtype=np.float32).reshape(self.robot_num, self.attn_comm_msg_dim)
ValueError: cannot reshape array of size 32 into shape (10,32)
成功加载长度 10: 26 个图案。
初始化完成：内存中可用长度 -> [10]
[font-pattern][train] env_rank=175/199, length=10, name=Q
Traceback (most recent call last):
  File "/home/wangdx_lab/cse12211818/.conda/envs/swE2/lib/python3.9/multiprocessing/process.py", line 315, in _bootstrap
    self.run()
  File "/home/wangdx_lab/cse12211818/.conda/envs/swE2/lib/python3.9/multiprocessing/process.py", line 108, in run
    self._target(*self._args, **self._kwargs)
  File "/home/wangdx_lab/cse12211818/MAPPO/envs/env_wrappers.py", line 177, in worker
    env.set_comm_broadcasts(data)
  File "/home/wangdx_lab/cse12211818/MAPPO/envs/env_discrete.py", line 166, in set_comm_broadcasts
    self.env.set_comm_broadcasts(msgs)
  File "/home/wangdx_lab/cse12211818/MAPPO/envs/env_core.py", line 680, in set_comm_broadcasts
    arr = np.asarray(msgs, dtype=np.float32).reshape(self.robot_num, self.attn_comm_msg_dim)
ValueError: cannot reshape array of size 32 into shape (10,32)
成功加载长度 10: 26 个图案。
初始化完成：内存中可用长度 -> [10]
[font-pattern][train] env_rank=189/199, length=10, name=B
Traceback (most recent call last):
  File "/home/wangdx_lab/cse12211818/.conda/envs/swE2/lib/python3.9/multiprocessing/process.py", line 315, in _bootstrap
    self.run()
  File "/home/wangdx_lab/cse12211818/.conda/envs/swE2/lib/python3.9/multiprocessing/process.py", line 108, in run
    self._target(*self._args, **self._kwargs)
  File "/home/wangdx_lab/cse12211818/MAPPO/envs/env_wrappers.py", line 177, in worker
    env.set_comm_broadcasts(data)
  File "/home/wangdx_lab/cse12211818/MAPPO/envs/env_discrete.py", line 166, in set_comm_broadcasts
    self.env.set_comm_broadcasts(msgs)
  File "/home/wangdx_lab/cse12211818/MAPPO/envs/env_core.py", line 680, in set_comm_broadcasts
    arr = np.asarray(msgs, dtype=np.float32).reshape(self.robot_num, self.attn_comm_msg_dim)
ValueError: cannot reshape array of size 32 into shape (10,32)
成功加载长度 10: 26 个图案。
初始化完成：内存中可用长度 -> [10]
[font-pattern][train] env_rank=174/199, length=10, name=P
Traceback (most recent call last):
  File "/home/wangdx_lab/cse12211818/.conda/envs/swE2/lib/python3.9/multiprocessing/process.py", line 315, in _bootstrap
    self.run()
  File "/home/wangdx_lab/cse12211818/.conda/envs/swE2/lib/python3.9/multiprocessing/process.py", line 108, in run
    self._target(*self._args, **self._kwargs)
  File "/home/wangdx_lab/cse12211818/MAPPO/envs/env_wrappers.py", line 177, in worker
    env.set_comm_broadcasts(data)
  File "/home/wangdx_lab/cse12211818/MAPPO/envs/env_discrete.py", line 166, in set_comm_broadcasts
    self.env.set_comm_broadcasts(msgs)
  File "/home/wangdx_lab/cse12211818/MAPPO/envs/env_core.py", line 680, in set_comm_broadcasts
    arr = np.asarray(msgs, dtype=np.float32).reshape(self.robot_num, self.attn_comm_msg_dim)
ValueError: cannot reshape array of size 32 into shape (10,32)
成功加载长度 10: 26 个图案。
初始化完成：内存中可用长度 -> [10]
[font-pattern][train] env_rank=187/199, length=10, name=H
Traceback (most recent call last):
  File "/home/wangdx_lab/cse12211818/.conda/envs/swE2/lib/python3.9/multiprocessing/process.py", line 315, in _bootstrap
    self.run()
  File "/home/wangdx_lab/cse12211818/.conda/envs/swE2/lib/python3.9/multiprocessing/process.py", line 108, in run
    self._target(*self._args, **self._kwargs)
  File "/home/wangdx_lab/cse12211818/MAPPO/envs/env_wrappers.py", line 177, in worker
    env.set_comm_broadcasts(data)
  File "/home/wangdx_lab/cse12211818/MAPPO/envs/env_discrete.py", line 166, in set_comm_broadcasts
    self.env.set_comm_broadcasts(msgs)
  File "/home/wangdx_lab/cse12211818/MAPPO/envs/env_core.py", line 680, in set_comm_broadcasts
    arr = np.asarray(msgs, dtype=np.float32).reshape(self.robot_num, self.attn_comm_msg_dim)
ValueError: cannot reshape array of size 32 into shape (10,32)
成功加载长度 10: 26 个图案。
初始化完成：内存中可用长度 -> [10]
[font-pattern][train] env_rank=137/199, length=10, name=B
Traceback (most recent call last):
  File "/home/wangdx_lab/cse12211818/.conda/envs/swE2/lib/python3.9/multiprocessing/process.py", line 315, in _bootstrap
    self.run()
  File "/home/wangdx_lab/cse12211818/.conda/envs/swE2/lib/python3.9/multiprocessing/process.py", line 108, in run
    self._target(*self._args, **self._kwargs)
  File "/home/wangdx_lab/cse12211818/MAPPO/envs/env_wrappers.py", line 177, in worker
    env.set_comm_broadcasts(data)
  File "/home/wangdx_lab/cse12211818/MAPPO/envs/env_discrete.py", line 166, in set_comm_broadcasts
    self.env.set_comm_broadcasts(msgs)
  File "/home/wangdx_lab/cse12211818/MAPPO/envs/env_core.py", line 680, in set_comm_broadcasts
    arr = np.asarray(msgs, dtype=np.float32).reshape(self.robot_num, self.attn_comm_msg_dim)
ValueError: cannot reshape array of size 32 into shape (10,32)
成功加载长度 10: 26 个图案。
初始化完成：内存中可用长度 -> [10]
[font-pattern][train] env_rank=31/199, length=10, name=H
Traceback (most recent call last):
  File "/home/wangdx_lab/cse12211818/.conda/envs/swE2/lib/python3.9/multiprocessing/process.py", line 315, in _bootstrap
    self.run()
  File "/home/wangdx_lab/cse12211818/.conda/envs/swE2/lib/python3.9/multiprocessing/process.py", line 108, in run
    self._target(*self._args, **self._kwargs)
  File "/home/wangdx_lab/cse12211818/MAPPO/envs/env_wrappers.py", line 177, in worker
    env.set_comm_broadcasts(data)
  File "/home/wangdx_lab/cse12211818/MAPPO/envs/env_discrete.py", line 166, in set_comm_broadcasts
    self.env.set_comm_broadcasts(msgs)
  File "/home/wangdx_lab/cse12211818/MAPPO/envs/env_core.py", line 680, in set_comm_broadcasts
    arr = np.asarray(msgs, dtype=np.float32).reshape(self.robot_num, self.attn_comm_msg_dim)
ValueError: cannot reshape array of size 32 into shape (10,32)
成功加载长度 10: 26 个图案。
初始化完成：内存中可用长度 -> [10]
[font-pattern][train] env_rank=6/199, length=10, name=A
Traceback (most recent call last):
  File "/home/wangdx_lab/cse12211818/.conda/envs/swE2/lib/python3.9/multiprocessing/process.py", line 315, in _bootstrap
    self.run()
  File "/home/wangdx_lab/cse12211818/.conda/envs/swE2/lib/python3.9/multiprocessing/process.py", line 108, in run
    self._target(*self._args, **self._kwargs)
  File "/home/wangdx_lab/cse12211818/MAPPO/envs/env_wrappers.py", line 177, in worker
    env.set_comm_broadcasts(data)
  File "/home/wangdx_lab/cse12211818/MAPPO/envs/env_discrete.py", line 166, in set_comm_broadcasts
    self.env.set_comm_broadcasts(msgs)
  File "/home/wangdx_lab/cse12211818/MAPPO/envs/env_core.py", line 680, in set_comm_broadcasts
    arr = np.asarray(msgs, dtype=np.float32).reshape(self.robot_num, self.attn_comm_msg_dim)
ValueError: cannot reshape array of size 32 into shape (10,32)
成功加载长度 10: 26 个图案。
初始化完成：内存中可用长度 -> [10]
[font-pattern][train] env_rank=184/199, length=10, name=E
Traceback (most recent call last):
  File "/home/wangdx_lab/cse12211818/.conda/envs/swE2/lib/python3.9/multiprocessing/process.py", line 315, in _bootstrap
    self.run()
  File "/home/wangdx_lab/cse12211818/.conda/envs/swE2/lib/python3.9/multiprocessing/process.py", line 108, in run
    self._target(*self._args, **self._kwargs)
  File "/home/wangdx_lab/cse12211818/MAPPO/envs/env_wrappers.py", line 177, in worker
    env.set_comm_broadcasts(data)
  File "/home/wangdx_lab/cse12211818/MAPPO/envs/env_discrete.py", line 166, in set_comm_broadcasts
    self.env.set_comm_broadcasts(msgs)
  File "/home/wangdx_lab/cse12211818/MAPPO/envs/env_core.py", line 680, in set_comm_broadcasts
    arr = np.asarray(msgs, dtype=np.float32).reshape(self.robot_num, self.attn_comm_msg_dim)
ValueError: cannot reshape array of size 32 into shape (10,32)
成功加载长度 10: 26 个图案。
初始化完成：内存中可用长度 -> [10]
[font-pattern][train] env_rank=182/199, length=10, name=U
Traceback (most recent call last):
  File "/home/wangdx_lab/cse12211818/.conda/envs/swE2/lib/python3.9/multiprocessing/process.py", line 315, in _bootstrap
    self.run()
  File "/home/wangdx_lab/cse12211818/.conda/envs/swE2/lib/python3.9/multiprocessing/process.py", line 108, in run
    self._target(*self._args, **self._kwargs)
  File "/home/wangdx_lab/cse12211818/MAPPO/envs/env_wrappers.py", line 177, in worker
    env.set_comm_broadcasts(data)
  File "/home/wangdx_lab/cse12211818/MAPPO/envs/env_discrete.py", line 166, in set_comm_broadcasts
    self.env.set_comm_broadcasts(msgs)
  File "/home/wangdx_lab/cse12211818/MAPPO/envs/env_core.py", line 680, in set_comm_broadcasts
    arr = np.asarray(msgs, dtype=np.float32).reshape(self.robot_num, self.attn_comm_msg_dim)
ValueError: cannot reshape array of size 32 into shape (10,32)
成功加载长度 10: 26 个图案。
初始化完成：内存中可用长度 -> [10]
[font-pattern][train] env_rank=59/199, length=10, name=B
Traceback (most recent call last):
  File "/home/wangdx_lab/cse12211818/.conda/envs/swE2/lib/python3.9/multiprocessing/process.py", line 315, in _bootstrap
    self.run()
  File "/home/wangdx_lab/cse12211818/.conda/envs/swE2/lib/python3.9/multiprocessing/process.py", line 108, in run
    self._target(*self._args, **self._kwargs)
  File "/home/wangdx_lab/cse12211818/MAPPO/envs/env_wrappers.py", line 177, in worker
    env.set_comm_broadcasts(data)
  File "/home/wangdx_lab/cse12211818/MAPPO/envs/env_discrete.py", line 166, in set_comm_broadcasts
    self.env.set_comm_broadcasts(msgs)
  File "/home/wangdx_lab/cse12211818/MAPPO/envs/env_core.py", line 680, in set_comm_broadcasts
    arr = np.asarray(msgs, dtype=np.float32).reshape(self.robot_num, self.attn_comm_msg_dim)
ValueError: cannot reshape array of size 32 into shape (10,32)
成功加载长度 10: 26 个图案。
初始化完成：内存中可用长度 -> [10]
[font-pattern][train] env_rank=69/199, length=10, name=O
Traceback (most recent call last):
  File "/home/wangdx_lab/cse12211818/.conda/envs/swE2/lib/python3.9/multiprocessing/process.py", line 315, in _bootstrap
    self.run()
  File "/home/wangdx_lab/cse12211818/.conda/envs/swE2/lib/python3.9/multiprocessing/process.py", line 108, in run
    self._target(*self._args, **self._kwargs)
  File "/home/wangdx_lab/cse12211818/MAPPO/envs/env_wrappers.py", line 177, in worker
    env.set_comm_broadcasts(data)
  File "/home/wangdx_lab/cse12211818/MAPPO/envs/env_discrete.py", line 166, in set_comm_broadcasts
    self.env.set_comm_broadcasts(msgs)
  File "/home/wangdx_lab/cse12211818/MAPPO/envs/env_core.py", line 680, in set_comm_broadcasts
    arr = np.asarray(msgs, dtype=np.float32).reshape(self.robot_num, self.attn_comm_msg_dim)
ValueError: cannot reshape array of size 32 into shape (10,32)
成功加载长度 10: 26 个图案。
初始化完成：内存中可用长度 -> [10]
[font-pattern][train] env_rank=9/199, length=10, name=F
Traceback (most recent call last):
  File "/home/wangdx_lab/cse12211818/.conda/envs/swE2/lib/python3.9/multiprocessing/process.py", line 315, in _bootstrap
    self.run()
  File "/home/wangdx_lab/cse12211818/.conda/envs/swE2/lib/python3.9/multiprocessing/process.py", line 108, in run
    self._target(*self._args, **self._kwargs)
  File "/home/wangdx_lab/cse12211818/MAPPO/envs/env_wrappers.py", line 177, in worker
    env.set_comm_broadcasts(data)
  File "/home/wangdx_lab/cse12211818/MAPPO/envs/env_discrete.py", line 166, in set_comm_broadcasts
    self.env.set_comm_broadcasts(msgs)
  File "/home/wangdx_lab/cse12211818/MAPPO/envs/env_core.py", line 680, in set_comm_broadcasts
    arr = np.asarray(msgs, dtype=np.float32).reshape(self.robot_num, self.attn_comm_msg_dim)
ValueError: cannot reshape array of size 32 into shape (10,32)
成功加载长度 10: 26 个图案。
初始化完成：内存中可用长度 -> [10]
[font-pattern][train] env_rank=37/199, length=10, name=I
Traceback (most recent call last):
  File "/home/wangdx_lab/cse12211818/.conda/envs/swE2/lib/python3.9/multiprocessing/process.py", line 315, in _bootstrap
    self.run()
  File "/home/wangdx_lab/cse12211818/.conda/envs/swE2/lib/python3.9/multiprocessing/process.py", line 108, in run
    self._target(*self._args, **self._kwargs)
  File "/home/wangdx_lab/cse12211818/MAPPO/envs/env_wrappers.py", line 177, in worker
    env.set_comm_broadcasts(data)
  File "/home/wangdx_lab/cse12211818/MAPPO/envs/env_discrete.py", line 166, in set_comm_broadcasts
    self.env.set_comm_broadcasts(msgs)
  File "/home/wangdx_lab/cse12211818/MAPPO/envs/env_core.py", line 680, in set_comm_broadcasts
    arr = np.asarray(msgs, dtype=np.float32).reshape(self.robot_num, self.attn_comm_msg_dim)
ValueError: cannot reshape array of size 32 into shape (10,32)
成功加载长度 10: 26 个图案。
初始化完成：内存中可用长度 -> [10]
[font-pattern][train] env_rank=40/199, length=10, name=L
Traceback (most recent call last):
  File "/home/wangdx_lab/cse12211818/.conda/envs/swE2/lib/python3.9/multiprocessing/process.py", line 315, in _bootstrap
    self.run()
  File "/home/wangdx_lab/cse12211818/.conda/envs/swE2/lib/python3.9/multiprocessing/process.py", line 108, in run
    self._target(*self._args, **self._kwargs)
  File "/home/wangdx_lab/cse12211818/MAPPO/envs/env_wrappers.py", line 177, in worker
    env.set_comm_broadcasts(data)
  File "/home/wangdx_lab/cse12211818/MAPPO/envs/env_discrete.py", line 166, in set_comm_broadcasts
    self.env.set_comm_broadcasts(msgs)
  File "/home/wangdx_lab/cse12211818/MAPPO/envs/env_core.py", line 680, in set_comm_broadcasts
    arr = np.asarray(msgs, dtype=np.float32).reshape(self.robot_num, self.attn_comm_msg_dim)
ValueError: cannot reshape array of size 32 into shape (10,32)
成功加载长度 10: 26 个图案。
初始化完成：内存中可用长度 -> [10]
[font-pattern][train] env_rank=32/199, length=10, name=A
Traceback (most recent call last):
  File "/home/wangdx_lab/cse12211818/.conda/envs/swE2/lib/python3.9/multiprocessing/process.py", line 315, in _bootstrap
    self.run()
  File "/home/wangdx_lab/cse12211818/.conda/envs/swE2/lib/python3.9/multiprocessing/process.py", line 108, in run
    self._target(*self._args, **self._kwargs)
  File "/home/wangdx_lab/cse12211818/MAPPO/envs/env_wrappers.py", line 177, in worker
    env.set_comm_broadcasts(data)
  File "/home/wangdx_lab/cse12211818/MAPPO/envs/env_discrete.py", line 166, in set_comm_broadcasts
    self.env.set_comm_broadcasts(msgs)
  File "/home/wangdx_lab/cse12211818/MAPPO/envs/env_core.py", line 680, in set_comm_broadcasts
    arr = np.asarray(msgs, dtype=np.float32).reshape(self.robot_num, self.attn_comm_msg_dim)
ValueError: cannot reshape array of size 32 into shape (10,32)
成功加载长度 10: 26 个图案。
初始化完成：内存中可用长度 -> [10]
[font-pattern][train] env_rank=12/199, length=10, name=J
Traceback (most recent call last):
  File "/home/wangdx_lab/cse12211818/.conda/envs/swE2/lib/python3.9/multiprocessing/process.py", line 315, in _bootstrap
    self.run()
  File "/home/wangdx_lab/cse12211818/.conda/envs/swE2/lib/python3.9/multiprocessing/process.py", line 108, in run
    self._target(*self._args, **self._kwargs)
  File "/home/wangdx_lab/cse12211818/MAPPO/envs/env_wrappers.py", line 177, in worker
    env.set_comm_broadcasts(data)
  File "/home/wangdx_lab/cse12211818/MAPPO/envs/env_discrete.py", line 166, in set_comm_broadcasts
    self.env.set_comm_broadcasts(msgs)
  File "/home/wangdx_lab/cse12211818/MAPPO/envs/env_core.py", line 680, in set_comm_broadcasts
    arr = np.asarray(msgs, dtype=np.float32).reshape(self.robot_num, self.attn_comm_msg_dim)
ValueError: cannot reshape array of size 32 into shape (10,32)
成功加载长度 10: 26 个图案。
初始化完成：内存中可用长度 -> [10]
[font-pattern][train] env_rank=24/199, length=10, name=Y
Traceback (most recent call last):
  File "/home/wangdx_lab/cse12211818/.conda/envs/swE2/lib/python3.9/multiprocessing/process.py", line 315, in _bootstrap
    self.run()
  File "/home/wangdx_lab/cse12211818/.conda/envs/swE2/lib/python3.9/multiprocessing/process.py", line 108, in run
    self._target(*self._args, **self._kwargs)
  File "/home/wangdx_lab/cse12211818/MAPPO/envs/env_wrappers.py", line 177, in worker
    env.set_comm_broadcasts(data)
  File "/home/wangdx_lab/cse12211818/MAPPO/envs/env_discrete.py", line 166, in set_comm_broadcasts
    self.env.set_comm_broadcasts(msgs)
  File "/home/wangdx_lab/cse12211818/MAPPO/envs/env_core.py", line 680, in set_comm_broadcasts
    arr = np.asarray(msgs, dtype=np.float32).reshape(self.robot_num, self.attn_comm_msg_dim)
ValueError: cannot reshape array of size 32 into shape (10,32)
成功加载长度 10: 26 个图案。
初始化完成：内存中可用长度 -> [10]
[font-pattern][train] env_rank=2/199, length=10, name=E
Traceback (most recent call last):
  File "/home/wangdx_lab/cse12211818/.conda/envs/swE2/lib/python3.9/multiprocessing/process.py", line 315, in _bootstrap
    self.run()
  File "/home/wangdx_lab/cse12211818/.conda/envs/swE2/lib/python3.9/multiprocessing/process.py", line 108, in run
    self._target(*self._args, **self._kwargs)
  File "/home/wangdx_lab/cse12211818/MAPPO/envs/env_wrappers.py", line 177, in worker
    env.set_comm_broadcasts(data)
  File "/home/wangdx_lab/cse12211818/MAPPO/envs/env_discrete.py", line 166, in set_comm_broadcasts
    self.env.set_comm_broadcasts(msgs)
  File "/home/wangdx_lab/cse12211818/MAPPO/envs/env_core.py", line 680, in set_comm_broadcasts
    arr = np.asarray(msgs, dtype=np.float32).reshape(self.robot_num, self.attn_comm_msg_dim)
ValueError: cannot reshape array of size 32 into shape (10,32)
成功加载长度 10: 26 个图案。
初始化完成：内存中可用长度 -> [10]
[font-pattern][train] env_rank=35/199, length=10, name=F
Traceback (most recent call last):
  File "/home/wangdx_lab/cse12211818/.conda/envs/swE2/lib/python3.9/multiprocessing/process.py", line 315, in _bootstrap
    self.run()
  File "/home/wangdx_lab/cse12211818/.conda/envs/swE2/lib/python3.9/multiprocessing/process.py", line 108, in run
    self._target(*self._args, **self._kwargs)
  File "/home/wangdx_lab/cse12211818/MAPPO/envs/env_wrappers.py", line 177, in worker
    env.set_comm_broadcasts(data)
  File "/home/wangdx_lab/cse12211818/MAPPO/envs/env_discrete.py", line 166, in set_comm_broadcasts
    self.env.set_comm_broadcasts(msgs)
  File "/home/wangdx_lab/cse12211818/MAPPO/envs/env_core.py", line 680, in set_comm_broadcasts
    arr = np.asarray(msgs, dtype=np.float32).reshape(self.robot_num, self.attn_comm_msg_dim)
ValueError: cannot reshape array of size 32 into shape (10,32)
成功加载长度 10: 26 个图案。
初始化完成：内存中可用长度 -> [10]
[font-pattern][train] env_rank=171/199, length=10, name=M
Traceback (most recent call last):
  File "/home/wangdx_lab/cse12211818/.conda/envs/swE2/lib/python3.9/multiprocessing/process.py", line 315, in _bootstrap
    self.run()
  File "/home/wangdx_lab/cse12211818/.conda/envs/swE2/lib/python3.9/multiprocessing/process.py", line 108, in run
    self._target(*self._args, **self._kwargs)
  File "/home/wangdx_lab/cse12211818/MAPPO/envs/env_wrappers.py", line 177, in worker
    env.set_comm_broadcasts(data)
  File "/home/wangdx_lab/cse12211818/MAPPO/envs/env_discrete.py", line 166, in set_comm_broadcasts
    self.env.set_comm_broadcasts(msgs)
  File "/home/wangdx_lab/cse12211818/MAPPO/envs/env_core.py", line 680, in set_comm_broadcasts
    arr = np.asarray(msgs, dtype=np.float32).reshape(self.robot_num, self.attn_comm_msg_dim)
ValueError: cannot reshape array of size 32 into shape (10,32)
成功加载长度 10: 26 个图案。
初始化完成：内存中可用长度 -> [10]
[font-pattern][train] env_rank=167/199, length=10, name=I
Traceback (most recent call last):
  File "/home/wangdx_lab/cse12211818/.conda/envs/swE2/lib/python3.9/multiprocessing/process.py", line 315, in _bootstrap
    self.run()
  File "/home/wangdx_lab/cse12211818/.conda/envs/swE2/lib/python3.9/multiprocessing/process.py", line 108, in run
    self._target(*self._args, **self._kwargs)
  File "/home/wangdx_lab/cse12211818/MAPPO/envs/env_wrappers.py", line 177, in worker
    env.set_comm_broadcasts(data)
  File "/home/wangdx_lab/cse12211818/MAPPO/envs/env_discrete.py", line 166, in set_comm_broadcasts
    self.env.set_comm_broadcasts(msgs)
  File "/home/wangdx_lab/cse12211818/MAPPO/envs/env_core.py", line 680, in set_comm_broadcasts
    arr = np.asarray(msgs, dtype=np.float32).reshape(self.robot_num, self.attn_comm_msg_dim)
ValueError: cannot reshape array of size 32 into shape (10,32)
成功加载长度 10: 26 个图案。
初始化完成：内存中可用长度 -> [10]
[font-pattern][train] env_rank=170/199, length=10, name=L
Traceback (most recent call last):
  File "/home/wangdx_lab/cse12211818/.conda/envs/swE2/lib/python3.9/multiprocessing/process.py", line 315, in _bootstrap
    self.run()
  File "/home/wangdx_lab/cse12211818/.conda/envs/swE2/lib/python3.9/multiprocessing/process.py", line 108, in run
    self._target(*self._args, **self._kwargs)
  File "/home/wangdx_lab/cse12211818/MAPPO/envs/env_wrappers.py", line 177, in worker
    env.set_comm_broadcasts(data)
  File "/home/wangdx_lab/cse12211818/MAPPO/envs/env_discrete.py", line 166, in set_comm_broadcasts
    self.env.set_comm_broadcasts(msgs)
  File "/home/wangdx_lab/cse12211818/MAPPO/envs/env_core.py", line 680, in set_comm_broadcasts
    arr = np.asarray(msgs, dtype=np.float32).reshape(self.robot_num, self.attn_comm_msg_dim)
ValueError: cannot reshape array of size 32 into shape (10,32)
成功加载长度 10: 26 个图案。
初始化完成：内存中可用长度 -> [10]
[font-pattern][train] env_rank=29/199, length=10, name=C
Traceback (most recent call last):
  File "/home/wangdx_lab/cse12211818/.conda/envs/swE2/lib/python3.9/multiprocessing/process.py", line 315, in _bootstrap
    self.run()
  File "/home/wangdx_lab/cse12211818/.conda/envs/swE2/lib/python3.9/multiprocessing/process.py", line 108, in run
    self._target(*self._args, **self._kwargs)
  File "/home/wangdx_lab/cse12211818/MAPPO/envs/env_wrappers.py", line 177, in worker
    env.set_comm_broadcasts(data)
  File "/home/wangdx_lab/cse12211818/MAPPO/envs/env_discrete.py", line 166, in set_comm_broadcasts
    self.env.set_comm_broadcasts(msgs)
  File "/home/wangdx_lab/cse12211818/MAPPO/envs/env_core.py", line 680, in set_comm_broadcasts
    arr = np.asarray(msgs, dtype=np.float32).reshape(self.robot_num, self.attn_comm_msg_dim)
ValueError: cannot reshape array of size 32 into shape (10,32)
成功加载长度 10: 26 个图案。
初始化完成：内存中可用长度 -> [10]
[font-pattern][train] env_rank=33/199, length=10, name=B
Traceback (most recent call last):
  File "/home/wangdx_lab/cse12211818/.conda/envs/swE2/lib/python3.9/multiprocessing/process.py", line 315, in _bootstrap
    self.run()
  File "/home/wangdx_lab/cse12211818/.conda/envs/swE2/lib/python3.9/multiprocessing/process.py", line 108, in run
    self._target(*self._args, **self._kwargs)
  File "/home/wangdx_lab/cse12211818/MAPPO/envs/env_wrappers.py", line 177, in worker
    env.set_comm_broadcasts(data)
  File "/home/wangdx_lab/cse12211818/MAPPO/envs/env_discrete.py", line 166, in set_comm_broadcasts
    self.env.set_comm_broadcasts(msgs)
  File "/home/wangdx_lab/cse12211818/MAPPO/envs/env_core.py", line 680, in set_comm_broadcasts
    arr = np.asarray(msgs, dtype=np.float32).reshape(self.robot_num, self.attn_comm_msg_dim)
ValueError: cannot reshape array of size 32 into shape (10,32)
成功加载长度 10: 26 个图案。
初始化完成：内存中可用长度 -> [10]
[font-pattern][train] env_rank=30/199, length=10, name=S
Traceback (most recent call last):
  File "/home/wangdx_lab/cse12211818/.conda/envs/swE2/lib/python3.9/multiprocessing/process.py", line 315, in _bootstrap
    self.run()
  File "/home/wangdx_lab/cse12211818/.conda/envs/swE2/lib/python3.9/multiprocessing/process.py", line 108, in run
    self._target(*self._args, **self._kwargs)
  File "/home/wangdx_lab/cse12211818/MAPPO/envs/env_wrappers.py", line 177, in worker
    env.set_comm_broadcasts(data)
  File "/home/wangdx_lab/cse12211818/MAPPO/envs/env_discrete.py", line 166, in set_comm_broadcasts
    self.env.set_comm_broadcasts(msgs)
  File "/home/wangdx_lab/cse12211818/MAPPO/envs/env_core.py", line 680, in set_comm_broadcasts
    arr = np.asarray(msgs, dtype=np.float32).reshape(self.robot_num, self.attn_comm_msg_dim)
ValueError: cannot reshape array of size 32 into shape (10,32)
成功加载长度 10: 26 个图案。
初始化完成：内存中可用长度 -> [10]
[font-pattern][train] env_rank=163/199, length=10, name=B
Traceback (most recent call last):
  File "/home/wangdx_lab/cse12211818/.conda/envs/swE2/lib/python3.9/multiprocessing/process.py", line 315, in _bootstrap
    self.run()
  File "/home/wangdx_lab/cse12211818/.conda/envs/swE2/lib/python3.9/multiprocessing/process.py", line 108, in run
    self._target(*self._args, **self._kwargs)
  File "/home/wangdx_lab/cse12211818/MAPPO/envs/env_wrappers.py", line 177, in worker
    env.set_comm_broadcasts(data)
  File "/home/wangdx_lab/cse12211818/MAPPO/envs/env_discrete.py", line 166, in set_comm_broadcasts
    self.env.set_comm_broadcasts(msgs)
  File "/home/wangdx_lab/cse12211818/MAPPO/envs/env_core.py", line 680, in set_comm_broadcasts
    arr = np.asarray(msgs, dtype=np.float32).reshape(self.robot_num, self.attn_comm_msg_dim)
ValueError: cannot reshape array of size 32 into shape (10,32)
成功加载长度 10: 26 个图案。
初始化完成：内存中可用长度 -> [10]
[font-pattern][train] env_rank=159/199, length=10, name=C
Traceback (most recent call last):
  File "/home/wangdx_lab/cse12211818/.conda/envs/swE2/lib/python3.9/multiprocessing/process.py", line 315, in _bootstrap
    self.run()
  File "/home/wangdx_lab/cse12211818/.conda/envs/swE2/lib/python3.9/multiprocessing/process.py", line 108, in run
    self._target(*self._args, **self._kwargs)
  File "/home/wangdx_lab/cse12211818/MAPPO/envs/env_wrappers.py", line 177, in worker
    env.set_comm_broadcasts(data)
  File "/home/wangdx_lab/cse12211818/MAPPO/envs/env_discrete.py", line 166, in set_comm_broadcasts
    self.env.set_comm_broadcasts(msgs)
  File "/home/wangdx_lab/cse12211818/MAPPO/envs/env_core.py", line 680, in set_comm_broadcasts
    arr = np.asarray(msgs, dtype=np.float32).reshape(self.robot_num, self.attn_comm_msg_dim)
ValueError: cannot reshape array of size 32 into shape (10,32)
成功加载长度 10: 26 个图案。
初始化完成：内存中可用长度 -> [10]
[font-pattern][train] env_rank=139/199, length=10, name=F
Traceback (most recent call last):
  File "/home/wangdx_lab/cse12211818/.conda/envs/swE2/lib/python3.9/multiprocessing/process.py", line 315, in _bootstrap
    self.run()
  File "/home/wangdx_lab/cse12211818/.conda/envs/swE2/lib/python3.9/multiprocessing/process.py", line 108, in run
    self._target(*self._args, **self._kwargs)
  File "/home/wangdx_lab/cse12211818/MAPPO/envs/env_wrappers.py", line 177, in worker
    env.set_comm_broadcasts(data)
  File "/home/wangdx_lab/cse12211818/MAPPO/envs/env_discrete.py", line 166, in set_comm_broadcasts
    self.env.set_comm_broadcasts(msgs)
  File "/home/wangdx_lab/cse12211818/MAPPO/envs/env_core.py", line 680, in set_comm_broadcasts
    arr = np.asarray(msgs, dtype=np.float32).reshape(self.robot_num, self.attn_comm_msg_dim)
ValueError: cannot reshape array of size 32 into shape (10,32)
成功加载长度 10: 26 个图案。
初始化完成：内存中可用长度 -> [10]
[font-pattern][train] env_rank=164/199, length=10, name=D
Traceback (most recent call last):
  File "/home/wangdx_lab/cse12211818/.conda/envs/swE2/lib/python3.9/multiprocessing/process.py", line 315, in _bootstrap
    self.run()
  File "/home/wangdx_lab/cse12211818/.conda/envs/swE2/lib/python3.9/multiprocessing/process.py", line 108, in run
    self._target(*self._args, **self._kwargs)
  File "/home/wangdx_lab/cse12211818/MAPPO/envs/env_wrappers.py", line 177, in worker
    env.set_comm_broadcasts(data)
  File "/home/wangdx_lab/cse12211818/MAPPO/envs/env_discrete.py", line 166, in set_comm_broadcasts
    self.env.set_comm_broadcasts(msgs)
  File "/home/wangdx_lab/cse12211818/MAPPO/envs/env_core.py", line 680, in set_comm_broadcasts
    arr = np.asarray(msgs, dtype=np.float32).reshape(self.robot_num, self.attn_comm_msg_dim)
ValueError: cannot reshape array of size 32 into shape (10,32)
成功加载长度 10: 26 个图案。
初始化完成：内存中可用长度 -> [10]
[font-pattern][train] env_rank=25/199, length=10, name=Z
Traceback (most recent call last):
  File "/home/wangdx_lab/cse12211818/.conda/envs/swE2/lib/python3.9/multiprocessing/process.py", line 315, in _bootstrap
    self.run()
  File "/home/wangdx_lab/cse12211818/.conda/envs/swE2/lib/python3.9/multiprocessing/process.py", line 108, in run
    self._target(*self._args, **self._kwargs)
  File "/home/wangdx_lab/cse12211818/MAPPO/envs/env_wrappers.py", line 177, in worker
    env.set_comm_broadcasts(data)
  File "/home/wangdx_lab/cse12211818/MAPPO/envs/env_discrete.py", line 166, in set_comm_broadcasts
    self.env.set_comm_broadcasts(msgs)
  File "/home/wangdx_lab/cse12211818/MAPPO/envs/env_core.py", line 680, in set_comm_broadcasts
    arr = np.asarray(msgs, dtype=np.float32).reshape(self.robot_num, self.attn_comm_msg_dim)
ValueError: cannot reshape array of size 32 into shape (10,32)
成功加载长度 10: 26 个图案。
初始化完成：内存中可用长度 -> [10]
[font-pattern][train] env_rank=13/199, length=10, name=K
Traceback (most recent call last):
  File "/home/wangdx_lab/cse12211818/.conda/envs/swE2/lib/python3.9/multiprocessing/process.py", line 315, in _bootstrap
    self.run()
  File "/home/wangdx_lab/cse12211818/.conda/envs/swE2/lib/python3.9/multiprocessing/process.py", line 108, in run
    self._target(*self._args, **self._kwargs)
  File "/home/wangdx_lab/cse12211818/MAPPO/envs/env_wrappers.py", line 177, in worker
    env.set_comm_broadcasts(data)
  File "/home/wangdx_lab/cse12211818/MAPPO/envs/env_discrete.py", line 166, in set_comm_broadcasts
    self.env.set_comm_broadcasts(msgs)
  File "/home/wangdx_lab/cse12211818/MAPPO/envs/env_core.py", line 680, in set_comm_broadcasts
    arr = np.asarray(msgs, dtype=np.float32).reshape(self.robot_num, self.attn_comm_msg_dim)
ValueError: cannot reshape array of size 32 into shape (10,32)
成功加载长度 10: 26 个图案。
初始化完成：内存中可用长度 -> [10]
[font-pattern][train] env_rank=34/199, length=10, name=D
Traceback (most recent call last):
  File "/home/wangdx_lab/cse12211818/.conda/envs/swE2/lib/python3.9/multiprocessing/process.py", line 315, in _bootstrap
    self.run()
  File "/home/wangdx_lab/cse12211818/.conda/envs/swE2/lib/python3.9/multiprocessing/process.py", line 108, in run
    self._target(*self._args, **self._kwargs)
  File "/home/wangdx_lab/cse12211818/MAPPO/envs/env_wrappers.py", line 177, in worker
    env.set_comm_broadcasts(data)
  File "/home/wangdx_lab/cse12211818/MAPPO/envs/env_discrete.py", line 166, in set_comm_broadcasts
    self.env.set_comm_broadcasts(msgs)
  File "/home/wangdx_lab/cse12211818/MAPPO/envs/env_core.py", line 680, in set_comm_broadcasts
    arr = np.asarray(msgs, dtype=np.float32).reshape(self.robot_num, self.attn_comm_msg_dim)
ValueError: cannot reshape array of size 32 into shape (10,32)
成功加载长度 10: 26 个图案。
初始化完成：内存中可用长度 -> [10]
[font-pattern][train] env_rank=169/199, length=10, name=K
Traceback (most recent call last):
  File "/home/wangdx_lab/cse12211818/.conda/envs/swE2/lib/python3.9/multiprocessing/process.py", line 315, in _bootstrap
    self.run()
  File "/home/wangdx_lab/cse12211818/.conda/envs/swE2/lib/python3.9/multiprocessing/process.py", line 108, in run
    self._target(*self._args, **self._kwargs)
  File "/home/wangdx_lab/cse12211818/MAPPO/envs/env_wrappers.py", line 177, in worker
    env.set_comm_broadcasts(data)
  File "/home/wangdx_lab/cse12211818/MAPPO/envs/env_discrete.py", line 166, in set_comm_broadcasts
    self.env.set_comm_broadcasts(msgs)
  File "/home/wangdx_lab/cse12211818/MAPPO/envs/env_core.py", line 680, in set_comm_broadcasts
    arr = np.asarray(msgs, dtype=np.float32).reshape(self.robot_num, self.attn_comm_msg_dim)
ValueError: cannot reshape array of size 32 into shape (10,32)
成功加载长度 10: 26 个图案。
初始化完成：内存中可用长度 -> [10]
[font-pattern][train] env_rank=165/199, length=10, name=F
Traceback (most recent call last):
  File "/home/wangdx_lab/cse12211818/.conda/envs/swE2/lib/python3.9/multiprocessing/process.py", line 315, in _bootstrap
    self.run()
  File "/home/wangdx_lab/cse12211818/.conda/envs/swE2/lib/python3.9/multiprocessing/process.py", line 108, in run
    self._target(*self._args, **self._kwargs)
  File "/home/wangdx_lab/cse12211818/MAPPO/envs/env_wrappers.py", line 177, in worker
    env.set_comm_broadcasts(data)
  File "/home/wangdx_lab/cse12211818/MAPPO/envs/env_discrete.py", line 166, in set_comm_broadcasts
    self.env.set_comm_broadcasts(msgs)
  File "/home/wangdx_lab/cse12211818/MAPPO/envs/env_core.py", line 680, in set_comm_broadcasts
    arr = np.asarray(msgs, dtype=np.float32).reshape(self.robot_num, self.attn_comm_msg_dim)
ValueError: cannot reshape array of size 32 into shape (10,32)
成功加载长度 10: 26 个图案。
初始化完成：内存中可用长度 -> [10]
[font-pattern][train] env_rank=166/199, length=10, name=G
Traceback (most recent call last):
  File "/home/wangdx_lab/cse12211818/.conda/envs/swE2/lib/python3.9/multiprocessing/process.py", line 315, in _bootstrap
    self.run()
  File "/home/wangdx_lab/cse12211818/.conda/envs/swE2/lib/python3.9/multiprocessing/process.py", line 108, in run
    self._target(*self._args, **self._kwargs)
  File "/home/wangdx_lab/cse12211818/MAPPO/envs/env_wrappers.py", line 177, in worker
    env.set_comm_broadcasts(data)
  File "/home/wangdx_lab/cse12211818/MAPPO/envs/env_discrete.py", line 166, in set_comm_broadcasts
    self.env.set_comm_broadcasts(msgs)
  File "/home/wangdx_lab/cse12211818/MAPPO/envs/env_core.py", line 680, in set_comm_broadcasts
    arr = np.asarray(msgs, dtype=np.float32).reshape(self.robot_num, self.attn_comm_msg_dim)
ValueError: cannot reshape array of size 32 into shape (10,32)
成功加载长度 10: 26 个图案。
初始化完成：内存中可用长度 -> [10]
[font-pattern][train] env_rank=158/199, length=10, name=E
Traceback (most recent call last):
  File "/home/wangdx_lab/cse12211818/.conda/envs/swE2/lib/python3.9/multiprocessing/process.py", line 315, in _bootstrap
    self.run()
  File "/home/wangdx_lab/cse12211818/.conda/envs/swE2/lib/python3.9/multiprocessing/process.py", line 108, in run
    self._target(*self._args, **self._kwargs)
  File "/home/wangdx_lab/cse12211818/MAPPO/envs/env_wrappers.py", line 177, in worker
    env.set_comm_broadcasts(data)
  File "/home/wangdx_lab/cse12211818/MAPPO/envs/env_discrete.py", line 166, in set_comm_broadcasts
    self.env.set_comm_broadcasts(msgs)
  File "/home/wangdx_lab/cse12211818/MAPPO/envs/env_core.py", line 680, in set_comm_broadcasts
    arr = np.asarray(msgs, dtype=np.float32).reshape(self.robot_num, self.attn_comm_msg_dim)
ValueError: cannot reshape array of size 32 into shape (10,32)
成功加载长度 10: 26 个图案。
初始化完成：内存中可用长度 -> [10]
[font-pattern][train] env_rank=160/199, length=10, name=S
Traceback (most recent call last):
  File "/home/wangdx_lab/cse12211818/.conda/envs/swE2/lib/python3.9/multiprocessing/process.py", line 315, in _bootstrap
    self.run()
  File "/home/wangdx_lab/cse12211818/.conda/envs/swE2/lib/python3.9/multiprocessing/process.py", line 108, in run
    self._target(*self._args, **self._kwargs)
  File "/home/wangdx_lab/cse12211818/MAPPO/envs/env_wrappers.py", line 177, in worker
    env.set_comm_broadcasts(data)
  File "/home/wangdx_lab/cse12211818/MAPPO/envs/env_discrete.py", line 166, in set_comm_broadcasts
    self.env.set_comm_broadcasts(msgs)
  File "/home/wangdx_lab/cse12211818/MAPPO/envs/env_core.py", line 680, in set_comm_broadcasts
    arr = np.asarray(msgs, dtype=np.float32).reshape(self.robot_num, self.attn_comm_msg_dim)
ValueError: cannot reshape array of size 32 into shape (10,32)
成功加载长度 10: 26 个图案。
初始化完成：内存中可用长度 -> [10]
[font-pattern][train] env_rank=173/199, length=10, name=O
Traceback (most recent call last):
  File "/home/wangdx_lab/cse12211818/.conda/envs/swE2/lib/python3.9/multiprocessing/process.py", line 315, in _bootstrap
    self.run()
  File "/home/wangdx_lab/cse12211818/.conda/envs/swE2/lib/python3.9/multiprocessing/process.py", line 108, in run
    self._target(*self._args, **self._kwargs)
  File "/home/wangdx_lab/cse12211818/MAPPO/envs/env_wrappers.py", line 177, in worker
    env.set_comm_broadcasts(data)
  File "/home/wangdx_lab/cse12211818/MAPPO/envs/env_discrete.py", line 166, in set_comm_broadcasts
    self.env.set_comm_broadcasts(msgs)
  File "/home/wangdx_lab/cse12211818/MAPPO/envs/env_core.py", line 680, in set_comm_broadcasts
    arr = np.asarray(msgs, dtype=np.float32).reshape(self.robot_num, self.attn_comm_msg_dim)
ValueError: cannot reshape array of size 32 into shape (10,32)
成功加载长度 10: 26 个图案。
初始化完成：内存中可用长度 -> [10]
[font-pattern][train] env_rank=117/199, length=10, name=K
Traceback (most recent call last):
  File "/home/wangdx_lab/cse12211818/.conda/envs/swE2/lib/python3.9/multiprocessing/process.py", line 315, in _bootstrap
    self.run()
  File "/home/wangdx_lab/cse12211818/.conda/envs/swE2/lib/python3.9/multiprocessing/process.py", line 108, in run
    self._target(*self._args, **self._kwargs)
  File "/home/wangdx_lab/cse12211818/MAPPO/envs/env_wrappers.py", line 177, in worker
    env.set_comm_broadcasts(data)
  File "/home/wangdx_lab/cse12211818/MAPPO/envs/env_discrete.py", line 166, in set_comm_broadcasts
    self.env.set_comm_broadcasts(msgs)
  File "/home/wangdx_lab/cse12211818/MAPPO/envs/env_core.py", line 680, in set_comm_broadcasts
    arr = np.asarray(msgs, dtype=np.float32).reshape(self.robot_num, self.attn_comm_msg_dim)
ValueError: cannot reshape array of size 32 into shape (10,32)
成功加载长度 10: 26 个图案。
初始化完成：内存中可用长度 -> [10]
[font-pattern][train] env_rank=150/199, length=10, name=R
Traceback (most recent call last):
  File "/home/wangdx_lab/cse12211818/.conda/envs/swE2/lib/python3.9/multiprocessing/process.py", line 315, in _bootstrap
    self.run()
  File "/home/wangdx_lab/cse12211818/.conda/envs/swE2/lib/python3.9/multiprocessing/process.py", line 108, in run
    self._target(*self._args, **self._kwargs)
  File "/home/wangdx_lab/cse12211818/MAPPO/envs/env_wrappers.py", line 177, in worker
    env.set_comm_broadcasts(data)
  File "/home/wangdx_lab/cse12211818/MAPPO/envs/env_discrete.py", line 166, in set_comm_broadcasts
    self.env.set_comm_broadcasts(msgs)
  File "/home/wangdx_lab/cse12211818/MAPPO/envs/env_core.py", line 680, in set_comm_broadcasts
    arr = np.asarray(msgs, dtype=np.float32).reshape(self.robot_num, self.attn_comm_msg_dim)
ValueError: cannot reshape array of size 32 into shape (10,32)
成功加载长度 10: 26 个图案。
初始化完成：内存中可用长度 -> [10]
[font-pattern][train] env_rank=72/199, length=10, name=R
Traceback (most recent call last):
  File "/home/wangdx_lab/cse12211818/.conda/envs/swE2/lib/python3.9/multiprocessing/process.py", line 315, in _bootstrap
    self.run()
  File "/home/wangdx_lab/cse12211818/.conda/envs/swE2/lib/python3.9/multiprocessing/process.py", line 108, in run
    self._target(*self._args, **self._kwargs)
  File "/home/wangdx_lab/cse12211818/MAPPO/envs/env_wrappers.py", line 177, in worker
    env.set_comm_broadcasts(data)
  File "/home/wangdx_lab/cse12211818/MAPPO/envs/env_discrete.py", line 166, in set_comm_broadcasts
    self.env.set_comm_broadcasts(msgs)
  File "/home/wangdx_lab/cse12211818/MAPPO/envs/env_core.py", line 680, in set_comm_broadcasts
    arr = np.asarray(msgs, dtype=np.float32).reshape(self.robot_num, self.attn_comm_msg_dim)
ValueError: cannot reshape array of size 32 into shape (10,32)
成功加载长度 10: 26 个图案。
初始化完成：内存中可用长度 -> [10]
[font-pattern][train] env_rank=168/199, length=10, name=J
Traceback (most recent call last):
  File "/home/wangdx_lab/cse12211818/.conda/envs/swE2/lib/python3.9/multiprocessing/process.py", line 315, in _bootstrap
    self.run()
  File "/home/wangdx_lab/cse12211818/.conda/envs/swE2/lib/python3.9/multiprocessing/process.py", line 108, in run
    self._target(*self._args, **self._kwargs)
  File "/home/wangdx_lab/cse12211818/MAPPO/envs/env_wrappers.py", line 177, in worker
    env.set_comm_broadcasts(data)
  File "/home/wangdx_lab/cse12211818/MAPPO/envs/env_discrete.py", line 166, in set_comm_broadcasts
    self.env.set_comm_broadcasts(msgs)
  File "/home/wangdx_lab/cse12211818/MAPPO/envs/env_core.py", line 680, in set_comm_broadcasts
    arr = np.asarray(msgs, dtype=np.float32).reshape(self.robot_num, self.attn_comm_msg_dim)
ValueError: cannot reshape array of size 32 into shape (10,32)
成功加载长度 10: 26 个图案。
初始化完成：内存中可用长度 -> [10]
[font-pattern][train] env_rank=68/199, length=10, name=N
Traceback (most recent call last):
  File "/home/wangdx_lab/cse12211818/.conda/envs/swE2/lib/python3.9/multiprocessing/process.py", line 315, in _bootstrap
    self.run()
  File "/home/wangdx_lab/cse12211818/.conda/envs/swE2/lib/python3.9/multiprocessing/process.py", line 108, in run
    self._target(*self._args, **self._kwargs)
  File "/home/wangdx_lab/cse12211818/MAPPO/envs/env_wrappers.py", line 177, in worker
    env.set_comm_broadcasts(data)
  File "/home/wangdx_lab/cse12211818/MAPPO/envs/env_discrete.py", line 166, in set_comm_broadcasts
    self.env.set_comm_broadcasts(msgs)
  File "/home/wangdx_lab/cse12211818/MAPPO/envs/env_core.py", line 680, in set_comm_broadcasts
    arr = np.asarray(msgs, dtype=np.float32).reshape(self.robot_num, self.attn_comm_msg_dim)
ValueError: cannot reshape array of size 32 into shape (10,32)
成功加载长度 10: 26 个图案。
初始化完成：内存中可用长度 -> [10]
[font-pattern][train] env_rank=176/199, length=10, name=R
Traceback (most recent call last):
  File "/home/wangdx_lab/cse12211818/.conda/envs/swE2/lib/python3.9/multiprocessing/process.py", line 315, in _bootstrap
    self.run()
  File "/home/wangdx_lab/cse12211818/.conda/envs/swE2/lib/python3.9/multiprocessing/process.py", line 108, in run
    self._target(*self._args, **self._kwargs)
  File "/home/wangdx_lab/cse12211818/MAPPO/envs/env_wrappers.py", line 177, in worker
    env.set_comm_broadcasts(data)
  File "/home/wangdx_lab/cse12211818/MAPPO/envs/env_discrete.py", line 166, in set_comm_broadcasts
    self.env.set_comm_broadcasts(msgs)
  File "/home/wangdx_lab/cse12211818/MAPPO/envs/env_core.py", line 680, in set_comm_broadcasts
    arr = np.asarray(msgs, dtype=np.float32).reshape(self.robot_num, self.attn_comm_msg_dim)
ValueError: cannot reshape array of size 32 into shape (10,32)
成功加载长度 10: 26 个图案。
初始化完成：内存中可用长度 -> [10]
[font-pattern][train] env_rank=191/199, length=10, name=F
Traceback (most recent call last):
  File "/home/wangdx_lab/cse12211818/.conda/envs/swE2/lib/python3.9/multiprocessing/process.py", line 315, in _bootstrap
    self.run()
  File "/home/wangdx_lab/cse12211818/.conda/envs/swE2/lib/python3.9/multiprocessing/process.py", line 108, in run
    self._target(*self._args, **self._kwargs)
  File "/home/wangdx_lab/cse12211818/MAPPO/envs/env_wrappers.py", line 177, in worker
    env.set_comm_broadcasts(data)
  File "/home/wangdx_lab/cse12211818/MAPPO/envs/env_discrete.py", line 166, in set_comm_broadcasts
    self.env.set_comm_broadcasts(msgs)
  File "/home/wangdx_lab/cse12211818/MAPPO/envs/env_core.py", line 680, in set_comm_broadcasts
    arr = np.asarray(msgs, dtype=np.float32).reshape(self.robot_num, self.attn_comm_msg_dim)
ValueError: cannot reshape array of size 32 into shape (10,32)
成功加载长度 10: 26 个图案。
初始化完成：内存中可用长度 -> [10]
[font-pattern][train] env_rank=61/199, length=10, name=F
Traceback (most recent call last):
  File "/home/wangdx_lab/cse12211818/.conda/envs/swE2/lib/python3.9/multiprocessing/process.py", line 315, in _bootstrap
    self.run()
  File "/home/wangdx_lab/cse12211818/.conda/envs/swE2/lib/python3.9/multiprocessing/process.py", line 108, in run
    self._target(*self._args, **self._kwargs)
  File "/home/wangdx_lab/cse12211818/MAPPO/envs/env_wrappers.py", line 177, in worker
    env.set_comm_broadcasts(data)
  File "/home/wangdx_lab/cse12211818/MAPPO/envs/env_discrete.py", line 166, in set_comm_broadcasts
    self.env.set_comm_broadcasts(msgs)
  File "/home/wangdx_lab/cse12211818/MAPPO/envs/env_core.py", line 680, in set_comm_broadcasts
    arr = np.asarray(msgs, dtype=np.float32).reshape(self.robot_num, self.attn_comm_msg_dim)
ValueError: cannot reshape array of size 32 into shape (10,32)
成功加载长度 10: 26 个图案。
初始化完成：内存中可用长度 -> [10]
[font-pattern][train] env_rank=161/199, length=10, name=H
Traceback (most recent call last):
  File "/home/wangdx_lab/cse12211818/.conda/envs/swE2/lib/python3.9/multiprocessing/process.py", line 315, in _bootstrap
    self.run()
  File "/home/wangdx_lab/cse12211818/.conda/envs/swE2/lib/python3.9/multiprocessing/process.py", line 108, in run
    self._target(*self._args, **self._kwargs)
  File "/home/wangdx_lab/cse12211818/MAPPO/envs/env_wrappers.py", line 177, in worker
    env.set_comm_broadcasts(data)
  File "/home/wangdx_lab/cse12211818/MAPPO/envs/env_discrete.py", line 166, in set_comm_broadcasts
    self.env.set_comm_broadcasts(msgs)
  File "/home/wangdx_lab/cse12211818/MAPPO/envs/env_core.py", line 680, in set_comm_broadcasts
    arr = np.asarray(msgs, dtype=np.float32).reshape(self.robot_num, self.attn_comm_msg_dim)
ValueError: cannot reshape array of size 32 into shape (10,32)
成功加载长度 10: 26 个图案。
初始化完成：内存中可用长度 -> [10]
[font-pattern][train] env_rank=70/199, length=10, name=P
Traceback (most recent call last):
  File "/home/wangdx_lab/cse12211818/.conda/envs/swE2/lib/python3.9/multiprocessing/process.py", line 315, in _bootstrap
    self.run()
  File "/home/wangdx_lab/cse12211818/.conda/envs/swE2/lib/python3.9/multiprocessing/process.py", line 108, in run
    self._target(*self._args, **self._kwargs)
  File "/home/wangdx_lab/cse12211818/MAPPO/envs/env_wrappers.py", line 177, in worker
    env.set_comm_broadcasts(data)
  File "/home/wangdx_lab/cse12211818/MAPPO/envs/env_discrete.py", line 166, in set_comm_broadcasts
    self.env.set_comm_broadcasts(msgs)
  File "/home/wangdx_lab/cse12211818/MAPPO/envs/env_core.py", line 680, in set_comm_broadcasts
    arr = np.asarray(msgs, dtype=np.float32).reshape(self.robot_num, self.attn_comm_msg_dim)
ValueError: cannot reshape array of size 32 into shape (10,32)
成功加载长度 10: 26 个图案。
初始化完成：内存中可用长度 -> [10]
[font-pattern][train] env_rank=62/199, length=10, name=G
Traceback (most recent call last):
  File "/home/wangdx_lab/cse12211818/.conda/envs/swE2/lib/python3.9/multiprocessing/process.py", line 315, in _bootstrap
    self.run()
  File "/home/wangdx_lab/cse12211818/.conda/envs/swE2/lib/python3.9/multiprocessing/process.py", line 108, in run
    self._target(*self._args, **self._kwargs)
  File "/home/wangdx_lab/cse12211818/MAPPO/envs/env_wrappers.py", line 177, in worker
    env.set_comm_broadcasts(data)
  File "/home/wangdx_lab/cse12211818/MAPPO/envs/env_discrete.py", line 166, in set_comm_broadcasts
    self.env.set_comm_broadcasts(msgs)
  File "/home/wangdx_lab/cse12211818/MAPPO/envs/env_core.py", line 680, in set_comm_broadcasts
    arr = np.asarray(msgs, dtype=np.float32).reshape(self.robot_num, self.attn_comm_msg_dim)
ValueError: cannot reshape array of size 32 into shape (10,32)
成功加载长度 10: 26 个图案。
初始化完成：内存中可用长度 -> [10]
[font-pattern][train] env_rank=157/199, length=10, name=T
Traceback (most recent call last):
  File "/home/wangdx_lab/cse12211818/.conda/envs/swE2/lib/python3.9/multiprocessing/process.py", line 315, in _bootstrap
    self.run()
Traceback (most recent call last):
  File "/home/wangdx_lab/cse12211818/.conda/envs/swE2/lib/python3.9/multiprocessing/process.py", line 315, in _bootstrap
    self.run()
  File "/home/wangdx_lab/cse12211818/.conda/envs/swE2/lib/python3.9/multiprocessing/process.py", line 108, in run
    self._target(*self._args, **self._kwargs)
  File "/home/wangdx_lab/cse12211818/MAPPO/envs/env_wrappers.py", line 177, in worker
    env.set_comm_broadcasts(data)
  File "/home/wangdx_lab/cse12211818/MAPPO/envs/env_discrete.py", line 166, in set_comm_broadcasts
    self.env.set_comm_broadcasts(msgs)
  File "/home/wangdx_lab/cse12211818/MAPPO/envs/env_core.py", line 680, in set_comm_broadcasts
    arr = np.asarray(msgs, dtype=np.float32).reshape(self.robot_num, self.attn_comm_msg_dim)
ValueError: cannot reshape array of size 32 into shape (10,32)
成功加载长度 10: 26 个图案。
初始化完成：内存中可用长度 -> [10]
[font-pattern][train] env_rank=172/199, length=10, name=N
Traceback (most recent call last):
  File "/home/wangdx_lab/cse12211818/.conda/envs/swE2/lib/python3.9/multiprocessing/process.py", line 315, in _bootstrap
    self.run()
  File "/home/wangdx_lab/cse12211818/.conda/envs/swE2/lib/python3.9/multiprocessing/process.py", line 108, in run
    self._target(*self._args, **self._kwargs)
  File "/home/wangdx_lab/cse12211818/MAPPO/envs/env_wrappers.py", line 177, in worker
    env.set_comm_broadcasts(data)
  File "/home/wangdx_lab/cse12211818/MAPPO/envs/env_discrete.py", line 166, in set_comm_broadcasts
    self.env.set_comm_broadcasts(msgs)
  File "/home/wangdx_lab/cse12211818/MAPPO/envs/env_core.py", line 680, in set_comm_broadcasts
    arr = np.asarray(msgs, dtype=np.float32).reshape(self.robot_num, self.attn_comm_msg_dim)
ValueError: cannot reshape array of size 32 into shape (10,32)
成功加载长度 10: 26 个图案。
初始化完成：内存中可用长度 -> [10]
[font-pattern][train] env_rank=195/199, length=10, name=K
Traceback (most recent call last):
  File "/home/wangdx_lab/cse12211818/.conda/envs/swE2/lib/python3.9/multiprocessing/process.py", line 315, in _bootstrap
    self.run()
  File "/home/wangdx_lab/cse12211818/.conda/envs/swE2/lib/python3.9/multiprocessing/process.py", line 108, in run
    self._target(*self._args, **self._kwargs)
  File "/home/wangdx_lab/cse12211818/MAPPO/envs/env_wrappers.py", line 177, in worker
    env.set_comm_broadcasts(data)
  File "/home/wangdx_lab/cse12211818/MAPPO/envs/env_discrete.py", line 166, in set_comm_broadcasts
    self.env.set_comm_broadcasts(msgs)
  File "/home/wangdx_lab/cse12211818/MAPPO/envs/env_core.py", line 680, in set_comm_broadcasts
    arr = np.asarray(msgs, dtype=np.float32).reshape(self.robot_num, self.attn_comm_msg_dim)
ValueError: cannot reshape array of size 32 into shape (10,32)
成功加载长度 10: 26 个图案。
初始化完成：内存中可用长度 -> [10]
[font-pattern][train] env_rank=143/199, length=10, name=K
Traceback (most recent call last):
  File "/home/wangdx_lab/cse12211818/.conda/envs/swE2/lib/python3.9/multiprocessing/process.py", line 315, in _bootstrap
    self.run()
  File "/home/wangdx_lab/cse12211818/.conda/envs/swE2/lib/python3.9/multiprocessing/process.py", line 108, in run
    self._target(*self._args, **self._kwargs)
  File "/home/wangdx_lab/cse12211818/MAPPO/envs/env_wrappers.py", line 177, in worker
    env.set_comm_broadcasts(data)
  File "/home/wangdx_lab/cse12211818/MAPPO/envs/env_discrete.py", line 166, in set_comm_broadcasts
    self.env.set_comm_broadcasts(msgs)
  File "/home/wangdx_lab/cse12211818/MAPPO/envs/env_core.py", line 680, in set_comm_broadcasts
    arr = np.asarray(msgs, dtype=np.float32).reshape(self.robot_num, self.attn_comm_msg_dim)
ValueError: cannot reshape array of size 32 into shape (10,32)
成功加载长度 10: 26 个图案。
初始化完成：内存中可用长度 -> [10]
[font-pattern][train] env_rank=155/199, length=10, name=Z
Traceback (most recent call last):
  File "/home/wangdx_lab/cse12211818/.conda/envs/swE2/lib/python3.9/multiprocessing/process.py", line 315, in _bootstrap
    self.run()
  File "/home/wangdx_lab/cse12211818/.conda/envs/swE2/lib/python3.9/multiprocessing/process.py", line 108, in run
    self._target(*self._args, **self._kwargs)
  File "/home/wangdx_lab/cse12211818/MAPPO/envs/env_wrappers.py", line 177, in worker
    env.set_comm_broadcasts(data)
  File "/home/wangdx_lab/cse12211818/MAPPO/envs/env_discrete.py", line 166, in set_comm_broadcasts
    self.env.set_comm_broadcasts(msgs)
  File "/home/wangdx_lab/cse12211818/MAPPO/envs/env_core.py", line 680, in set_comm_broadcasts
    arr = np.asarray(msgs, dtype=np.float32).reshape(self.robot_num, self.attn_comm_msg_dim)
ValueError: cannot reshape array of size 32 into shape (10,32)
成功加载长度 10: 26 个图案。
初始化完成：内存中可用长度 -> [10]
[font-pattern][train] env_rank=65/199, length=10, name=K
Traceback (most recent call last):
  File "/home/wangdx_lab/cse12211818/.conda/envs/swE2/lib/python3.9/multiprocessing/process.py", line 315, in _bootstrap
    self.run()
  File "/home/wangdx_lab/cse12211818/.conda/envs/swE2/lib/python3.9/multiprocessing/process.py", line 108, in run
    self._target(*self._args, **self._kwargs)
  File "/home/wangdx_lab/cse12211818/MAPPO/envs/env_wrappers.py", line 177, in worker
    env.set_comm_broadcasts(data)
  File "/home/wangdx_lab/cse12211818/MAPPO/envs/env_discrete.py", line 166, in set_comm_broadcasts
    self.env.set_comm_broadcasts(msgs)
  File "/home/wangdx_lab/cse12211818/MAPPO/envs/env_core.py", line 680, in set_comm_broadcasts
    arr = np.asarray(msgs, dtype=np.float32).reshape(self.robot_num, self.attn_comm_msg_dim)
ValueError: cannot reshape array of size 32 into shape (10,32)
成功加载长度 10: 26 个图案。
初始化完成：内存中可用长度 -> [10]
[font-pattern][train] env_rank=36/199, length=10, name=G
Traceback (most recent call last):
  File "/home/wangdx_lab/cse12211818/.conda/envs/swE2/lib/python3.9/multiprocessing/process.py", line 315, in _bootstrap
    self.run()
  File "/home/wangdx_lab/cse12211818/.conda/envs/swE2/lib/python3.9/multiprocessing/process.py", line 108, in run
    self._target(*self._args, **self._kwargs)
  File "/home/wangdx_lab/cse12211818/MAPPO/envs/env_wrappers.py", line 177, in worker
    env.set_comm_broadcasts(data)
  File "/home/wangdx_lab/cse12211818/MAPPO/envs/env_discrete.py", line 166, in set_comm_broadcasts
    self.env.set_comm_broadcasts(msgs)
  File "/home/wangdx_lab/cse12211818/MAPPO/envs/env_core.py", line 680, in set_comm_broadcasts
    arr = np.asarray(msgs, dtype=np.float32).reshape(self.robot_num, self.attn_comm_msg_dim)
ValueError: cannot reshape array of size 32 into shape (10,32)
成功加载长度 10: 26 个图案。
初始化完成：内存中可用长度 -> [10]
[font-pattern][train] env_rank=3/199, length=10, name=C
Traceback (most recent call last):
  File "/home/wangdx_lab/cse12211818/.conda/envs/swE2/lib/python3.9/multiprocessing/process.py", line 315, in _bootstrap
    self.run()
  File "/home/wangdx_lab/cse12211818/.conda/envs/swE2/lib/python3.9/multiprocessing/process.py", line 108, in run
    self._target(*self._args, **self._kwargs)
  File "/home/wangdx_lab/cse12211818/MAPPO/envs/env_wrappers.py", line 177, in worker
    env.set_comm_broadcasts(data)
  File "/home/wangdx_lab/cse12211818/MAPPO/envs/env_discrete.py", line 166, in set_comm_broadcasts
    self.env.set_comm_broadcasts(msgs)
  File "/home/wangdx_lab/cse12211818/MAPPO/envs/env_core.py", line 680, in set_comm_broadcasts
    arr = np.asarray(msgs, dtype=np.float32).reshape(self.robot_num, self.attn_comm_msg_dim)
ValueError: cannot reshape array of size 32 into shape (10,32)
成功加载长度 10: 26 个图案。
初始化完成：内存中可用长度 -> [10]
[font-pattern][train] env_rank=156/199, length=10, name=U
Traceback (most recent call last):
  File "/home/wangdx_lab/cse12211818/.conda/envs/swE2/lib/python3.9/multiprocessing/process.py", line 315, in _bootstrap
    self.run()
  File "/home/wangdx_lab/cse12211818/.conda/envs/swE2/lib/python3.9/multiprocessing/process.py", line 108, in run
    self._target(*self._args, **self._kwargs)
  File "/home/wangdx_lab/cse12211818/MAPPO/envs/env_wrappers.py", line 177, in worker
    env.set_comm_broadcasts(data)
  File "/home/wangdx_lab/cse12211818/MAPPO/envs/env_discrete.py", line 166, in set_comm_broadcasts
    self.env.set_comm_broadcasts(msgs)
  File "/home/wangdx_lab/cse12211818/MAPPO/envs/env_core.py", line 680, in set_comm_broadcasts
    arr = np.asarray(msgs, dtype=np.float32).reshape(self.robot_num, self.attn_comm_msg_dim)
ValueError: cannot reshape array of size 32 into shape (10,32)
成功加载长度 10: 26 个图案。
初始化完成：内存中可用长度 -> [10]
[font-pattern][train] env_rank=64/199, length=10, name=J
  File "/home/wangdx_lab/cse12211818/.conda/envs/swE2/lib/python3.9/multiprocessing/process.py", line 108, in run
    self._target(*self._args, **self._kwargs)
  File "/home/wangdx_lab/cse12211818/MAPPO/envs/env_wrappers.py", line 177, in worker
    env.set_comm_broadcasts(data)
  File "/home/wangdx_lab/cse12211818/MAPPO/envs/env_discrete.py", line 166, in set_comm_broadcasts
    self.env.set_comm_broadcasts(msgs)
  File "/home/wangdx_lab/cse12211818/MAPPO/envs/env_core.py", line 680, in set_comm_broadcasts
    arr = np.asarray(msgs, dtype=np.float32).reshape(self.robot_num, self.attn_comm_msg_dim)
ValueError: cannot reshape array of size 32 into shape (10,32)
成功加载长度 10: 26 个图案。
初始化完成：内存中可用长度 -> [10]
[font-pattern][train] env_rank=100/199, length=10, name=W
  File "/home/wangdx_lab/cse12211818/.conda/envs/swE2/lib/python3.9/multiprocessing/process.py", line 108, in run
    self._target(*self._args, **self._kwargs)
  File "/home/wangdx_lab/cse12211818/MAPPO/envs/env_wrappers.py", line 177, in worker
    env.set_comm_broadcasts(data)
  File "/home/wangdx_lab/cse12211818/MAPPO/envs/env_discrete.py", line 166, in set_comm_broadcasts
    self.env.set_comm_broadcasts(msgs)
  File "/home/wangdx_lab/cse12211818/MAPPO/envs/env_core.py", line 680, in set_comm_broadcasts
    arr = np.asarray(msgs, dtype=np.float32).reshape(self.robot_num, self.attn_comm_msg_dim)
ValueError: cannot reshape array of size 32 into shape (10,32)
成功加载长度 10: 26 个图案。
初始化完成：内存中可用长度 -> [10]
[font-pattern][train] env_rank=130/199, length=10, name=U
  File "/home/wangdx_lab/cse12211818/.conda/envs/swE2/lib/python3.9/multiprocessing/process.py", line 108, in run
    self._target(*self._args, **self._kwargs)
  File "/home/wangdx_lab/cse12211818/MAPPO/envs/env_wrappers.py", line 177, in worker
    env.set_comm_broadcasts(data)
  File "/home/wangdx_lab/cse12211818/MAPPO/envs/env_discrete.py", line 166, in set_comm_broadcasts
    self.env.set_comm_broadcasts(msgs)
  File "/home/wangdx_lab/cse12211818/MAPPO/envs/env_core.py", line 680, in set_comm_broadcasts
    arr = np.asarray(msgs, dtype=np.float32).reshape(self.robot_num, self.attn_comm_msg_dim)
ValueError: cannot reshape array of size 32 into shape (10,32)
成功加载长度 10: 26 个图案。
初始化完成：内存中可用长度 -> [10]
[font-pattern][train] env_rank=154/199, length=10, name=Y
  File "/home/wangdx_lab/cse12211818/.conda/envs/swE2/lib/python3.9/multiprocessing/process.py", line 108, in run
    self._target(*self._args, **self._kwargs)
  File "/home/wangdx_lab/cse12211818/MAPPO/envs/env_wrappers.py", line 177, in worker
    env.set_comm_broadcasts(data)
  File "/home/wangdx_lab/cse12211818/MAPPO/envs/env_discrete.py", line 166, in set_comm_broadcasts
    self.env.set_comm_broadcasts(msgs)
  File "/home/wangdx_lab/cse12211818/MAPPO/envs/env_core.py", line 680, in set_comm_broadcasts
    arr = np.asarray(msgs, dtype=np.float32).reshape(self.robot_num, self.attn_comm_msg_dim)
ValueError: cannot reshape array of size 32 into shape (10,32)
成功加载长度 10: 26 个图案。
初始化完成：内存中可用长度 -> [10]
[font-pattern][train] env_rank=151/199, length=10, name=V
Traceback (most recent call last):
  File "/home/wangdx_lab/cse12211818/MAPPO/train.py", line 264, in <module>
    main(sys.argv[1:])
  File "/home/wangdx_lab/cse12211818/MAPPO/train.py", line 243, in main
    runner.run()
  File "/home/wangdx_lab/cse12211818/MAPPO/runner/shared/env_runner.py", line 160, in run
    self.envs.set_comm_broadcasts(b)
  File "/home/wangdx_lab/cse12211818/MAPPO/envs/env_wrappers.py", line 244, in set_comm_broadcasts
    remote.recv()
  File "/home/wangdx_lab/cse12211818/.conda/envs/swE2/lib/python3.9/multiprocessing/connection.py", line 250, in recv
    buf = self._recv_bytes()
  File "/home/wangdx_lab/cse12211818/.conda/envs/swE2/lib/python3.9/multiprocessing/connection.py", line 414, in _recv_bytes
    buf = self._recv(4)
  File "/home/wangdx_lab/cse12211818/.conda/envs/swE2/lib/python3.9/multiprocessing/connection.py", line 383, in _recv
    raise EOFError
EOFError
